Antecedent,Antecedent Coverage %,Confidence,Lift
CountLineComment <= 23,0.16896,0.98876,1.40575
1.8 < Added_lines <= 7.4,0.46227,0.93224,1.32539
CountDeclMethodPrivate <= -0.56,0.0916,0.92746,1.3186
CountClassCoupled <= 0.85,0.19317,0.914,1.29947
CountClassBase <= 0.6,0.19981,0.90024,1.27989
AvgLineComment <= 0.65,0.20503,0.89352,1.27034
MaxNesting_Mean <= 0.055,0.20693,0.88532,1.25869
CountInput_Mean <= 1.24,0.17893,0.88329,1.2558
CountDeclClassVariable <= -0.46,0.10726,0.88053,1.25188
