feature,value,importance,left,right,rec,rule,min,max
CountClassCoupled,22.0,-0.047956115624186973,22.548600364051904,146.0,1,21.543720972114656 < CountClassCoupled <= 22.548600364051904,0.0,146.0
PercentLackOfCohesion,16.0,-0.00760216089727288,50.8889880089581,100.0,1,PercentLackOfCohesion <= 50.8889880089581,0.0,100.0
CountInput_Mean,4.47457627118644,0.0075045281136848245,0.0,3.2381709796716494,-1,CountInput_Mean > 3.2381709796716494,0.0,51.0
MaxInheritanceTree,1.0,-0.006864268465865037,1.49915741822687,6.0,1,0.498323230620082 < MaxInheritanceTree <= 1.49915741822687,0.0,6.0
RatioCommentToCode,0.03,0.001186439405904351,0.0,0.018923921867571636,-1,0.018923921867571636 < RatioCommentToCode <= 0.2491224356128714,0.0,10.67
