feature,value,importance,left,right,rec,rule,min,max
CountClassCoupled,12.0,-0.013307098653071746,15.514444620491176,146.0,1,10.490047660804942 < CountClassCoupled <= 15.514444620491176,0.0,146.0
CountInput_Mean,3.64102564102564,0.011289416887949813,0.0,3.2381709796716494,-1,CountInput_Mean > 3.2381709796716494,0.0,51.0
PercentLackOfCohesion,97.0,0.005169141612811855,0.0,85.31518137650602,-1,85.31518137650602 < PercentLackOfCohesion <= 99.31264461386067,0.0,100.0
RatioCommentToCode,0.19,0.002175843581606729,0.0,0.018923921867571636,-1,0.018923921867571636 < RatioCommentToCode <= 0.2491224356128714,0.0,10.67
