feature,value,importance,min,max,rule,importance_ratio
OWN_COMMIT,0.5,0.05367567413624293,0.0,1.0,0.22545703255796007 < OWN_COMMIT <= 0.8942750310272135,0.1917252742990023
CountClassCoupled,43.0,0.040152078118801955,0.0,70.0,38.52109038952732 < CountClassCoupled <= 52.51795645356438,0.14342005601014537
CountDeclMethodPublic,36.0,0.03283555224984708,0.0,143.0,19.495309567525048 < CountDeclMethodPublic <= 71.96116224848815,0.11728600270360394
RatioCommentToCode,0.16,0.024366625688738094,0.03,7.5,RatioCommentToCode <= 0.19810732927548025,0.08703566502129871
OWN_LINE,0.419354838709677,0.01851041121989726,0.303571428571429,1.0,0.35548900786250504 < OWN_LINE <= 0.9150722867199808,0.06611772885262808
