feature,value,importance,min,max,rule,importance_ratio
CountDeclInstanceVariable,40.0,0.10580416348296746,0.0,68.0,CountDeclInstanceVariable > 21.475771289759166,0.2788296234086715
CountDeclMethodPublic,84.0,0.06796461183973582,0.0,143.0,CountDeclMethodPublic > 71.96116224848815,0.17910965410582133
RatioCommentToCode,0.21,0.02858919101918105,0.03,7.5,0.19810732927548025 < RatioCommentToCode <= 0.49937012812407244,0.07534215198176104
OWN_COMMIT,1.0,0.02706413132066626,0.0,1.0,OWN_COMMIT > 0.9550766672516912,0.07132310577966072
OWN_LINE,0.816037735849057,0.018272264812850277,0.303571428571429,1.0,0.35548900786250504 < OWN_LINE <= 0.9150722867199808,0.048153574952754484
