feature,value,importance,min,max,rule,importance_ratio
CountClassCoupled,14.0,0.041299197895479256,0.0,70.0,9.4837322829943 < CountClassCoupled <= 27.470932970550695,0.13797894173859213
CountDeclMethodPrivate,8.0,0.03525930563043022,0.0,21.0,4.49844038536424 < CountDeclMethodPrivate <= 9.998241760915272,0.1177999071467896
CountDeclMethodPublic,22.0,0.034674181129593695,0.0,143.0,19.495309567525048 < CountDeclMethodPublic <= 71.96116224848815,0.11584502996939088
RatioCommentToCode,0.35,0.029173955501690323,0.03,7.5,0.19810732927548025 < RatioCommentToCode <= 0.49937012812407244,0.09746899967983738
OWN_COMMIT,1.0,0.02830256978157873,0.0,1.0,OWN_COMMIT > 0.9550766672516912,0.0945577354027101
