feature,value,importance,left,right,rec,rule,min,max
CountClassCoupled,41.0,0.06075527570796189,0.0,35.479593397145734,-1,CountClassCoupled > 35.479593397145734,0.0,179.0
PercentLackOfCohesion,83.0,0.018428466243880507,0.0,78.35246036710625,-1,78.35246036710625 < PercentLackOfCohesion <= 84.53717188002712,0.0,100.0
OWN_COMMIT,0.504424778761062,0.001635702399212377,0.0,0.1235272457668039,-1,0.1235272457668039 < OWN_COMMIT <= 0.9231694651958171,0.0,1.0
MaxNesting_Mean,0.216,0.0006521861025132283,0.0,0.11681451905522194,-1,0.11681451905522194 < MaxNesting_Mean <= 1.4436052574965041,0.0,4.0
