feature,value,importance,min,max,rule,importance_ratio
MINOR_COMMIT,0.0,-0.3273289388993726,0.0,2.0,MINOR_COMMIT <= 0.500035945883076,0.28833758041311236
MAJOR_COMMIT,3.0,0.13084767646991569,0.0,6.0,2.5049342359599582 < MAJOR_COMMIT <= 3.499655327458867,0.11526112711840504
MINOR_LINE,5.0,0.1163967247504383,1.0,6.0,3.4997824579426986 < MINOR_LINE <= 5.497357685947588,0.1025315699106882
CountDeclMethodPublic,25.0,0.09004925913821636,0.0,130.0,19.46203008474309 < CountDeclMethodPublic <= 97.97323714609264,0.07932260919309882
MaxNesting_Min,0.0,-0.08422719895011532,0.0,3.0,MaxNesting_Min <= 0.4999572116815032,0.07419407166353857
