feature,value,importance,min,max,rule,importance_ratio
MINOR_COMMIT,0.0,-0.37774555200000515,0.0,2.0,MINOR_COMMIT <= 0.500035945883076,0.2613174293636087
CountDeclInstanceVariable,18.0,0.2620240462485477,0.0,53.0,CountDeclInstanceVariable > 17.496765207137997,0.1812634188135215
MAJOR_COMMIT,3.0,0.11515476208512085,0.0,6.0,2.5049342359599582 < MAJOR_COMMIT <= 3.499655327458867,0.07966194769928442
MaxNesting_Min,0.0,-0.09588086462043952,0.0,3.0,MaxNesting_Min <= 0.4999572116815032,0.06632861971535031
CountDeclMethodPublic,46.0,0.08523659014807629,0.0,130.0,19.46203008474309 < CountDeclMethodPublic <= 97.97323714609264,0.058965106292540766
