feature,value,importance,min,max,rule,importance_ratio
MAJOR_LINE,4.0,0.16462219292308794,0.0,5.0,3.4989545588170152 < MAJOR_LINE <= 4.503660837248878,0.1905002544389599
MaxNesting_Min,0.0,-0.11689291341379075,0.0,3.0,MaxNesting_Min <= 0.4999572116815032,0.13526809084509156
MINOR_LINE,4.0,0.08685758683295668,1.0,6.0,3.4997824579426986 < MINOR_LINE <= 5.497357685947588,0.1005113107645385
CountDeclMethodProtected,8.0,0.08322095248909776,0.0,26.0,7.490195375254914 < CountDeclMethodProtected <= 8.508599080849722,0.0963030095901625
AvgEssential,1.0,-0.05820449010157103,0.0,8.0,0.49983655878228617 < AvgEssential <= 1.4993301057392507,0.06735404247117242
