Antecedent,Antecedent Coverage %,Confidence,Lift
CountOutput_Min > 1.975,0.20535,0.98372,1.12257
CountDeclInstanceVariable <= -0.07,0.12034,0.98016,1.1185
0.29 < MAJOR_COMMIT <= 1.06,0.22254,0.97854,1.11666
2.16 < CountClassCoupled <= 3.74,0.17765,0.97849,1.1166
CountInput_Min > 1.485,0.20248,0.97642,1.11423
OWN_COMMIT <= 0.122,0.20057,0.97619,1.11397
MAJOR_COMMIT <= 0.29,0.19866,0.97596,1.11371
CountDeclMethodProtected <= -0.05,0.10697,0.97321,1.11058
