feature,value,importance,left,right,rec,rule,min,max
OWN_COMMIT,0.7,0.13449359250951537,0.0,0.5211086302390999,-1,0.5211086302390999 < OWN_COMMIT <= 0.9396160800866156,0.0,1.0
RatioCommentToCode,0.040000000000000036,0.034398888190105725,0.0,0.03591251388253447,-1,0.03591251388253447 < RatioCommentToCode <= 0.3453902620365129,0.0,43.0
CountInput_Mean,6.54838709677419,-0.0023684031669924843,9.03539252913872,45.75,1,3.3221428542360463 < CountInput_Mean <= 9.03539252913872,0.0,45.75
PercentLackOfCohesion,66.0,-0.00195469180738401,77.58852664300258,100.0,1,60.3156976805392 < PercentLackOfCohesion <= 77.58852664300258,0.0,100.0
