feature,value,importance,left,right,rec,rule,min,max
OWN_COMMIT,1.0,0.09795272017124312,0.0,0.9396160800866156,-1,OWN_COMMIT > 0.9396160800866156,0.0,1.0
CountClassCoupled,33.0,0.04702493468551078,0.0,18.441101210186808,-1,18.441101210186808 < CountClassCoupled <= 44.53474392232296,0.0,242.0
RatioCommentToCode,0.17,0.03828600954029719,0.0,0.03591251388253447,-1,0.03591251388253447 < RatioCommentToCode <= 0.3453902620365129,0.0,43.0
PercentLackOfCohesion,100.0,0.011049096853110145,0.0,99.46744332878954,-1,PercentLackOfCohesion > 99.46744332878954,0.0,100.0
CountInput_Mean,8.52941176470588,-0.008611822314866777,9.03539252913872,45.75,1,3.3221428542360463 < CountInput_Mean <= 9.03539252913872,0.0,45.75
