feature,value,importance,left,right,rec,rule,min,max
OWN_COMMIT,0.666666666666667,0.12643097143571966,0.0,0.5211086302390999,-1,0.5211086302390999 < OWN_COMMIT <= 0.9396160800866156,0.0,1.0
CountClassCoupled,22.0,0.04854857601221309,0.0,18.441101210186808,-1,18.441101210186808 < CountClassCoupled <= 44.53474392232296,0.0,242.0
RatioCommentToCode,0.23,0.03428312602120216,0.0,0.03591251388253447,-1,0.03591251388253447 < RatioCommentToCode <= 0.3453902620365129,0.0,43.0
PercentLackOfCohesion,82.0,0.02367563912758059,0.0,79.50772986105409,-1,79.50772986105409 < PercentLackOfCohesion <= 93.32599303102478,0.0,100.0
CountInput_Mean,4.58823529411765,-0.006547503539214073,9.03539252913872,45.75,1,3.3221428542360463 < CountInput_Mean <= 9.03539252913872,0.0,45.75
