feature,value,importance,left,right,rec,rule,min,max
PercentLackOfCohesion,90.0,0.03095614837837071,0.0,79.50772986105409,-1,79.50772986105409 < PercentLackOfCohesion <= 93.32599303102478,0.0,100.0
RatioCommentToCode,0.21,0.03014209192155416,0.0,0.03591251388253447,-1,0.03591251388253447 < RatioCommentToCode <= 0.3453902620365129,0.0,43.0
CountClassCoupled,4.0,-0.005786024624302768,6.440816326530612,242.0,1,2.533746829526269 < CountClassCoupled <= 6.440816326530612,0.0,242.0
CountInput_Mean,3.70833333333333,-0.004372708634367792,9.03539252913872,45.75,1,3.3221428542360463 < CountInput_Mean <= 9.03539252913872,0.0,45.75
