feature,value,importance,left,right,rec,rule,min,max
RatioCommentToCode,0.51,-0.029331778363756993,2.5323663489912938,43.0,1,0.4691813612981043 < RatioCommentToCode <= 2.5323663489912938,0.0,43.0
CountClassCoupled,13.0,0.023451071525974674,0.0,12.44095876835871,-1,12.44095876835871 < CountClassCoupled <= 18.441101210186808,0.0,242.0
PercentLackOfCohesion,100.0,0.012820225867982617,0.0,99.46744332878954,-1,PercentLackOfCohesion > 99.46744332878954,0.0,100.0
CountInput_Mean,6.11363636363636,-0.007989832537532382,9.03539252913872,45.75,1,3.3221428542360463 < CountInput_Mean <= 9.03539252913872,0.0,45.75
