feature,value,importance,min,max,rule,importance_ratio
OWN_COMMIT,0.666666666666667,0.29621896533099273,0.0,1.0,0.5211086302390999 < OWN_COMMIT <= 0.9396160800866156,0.49109899867743384
MINOR_COMMIT,0.0,-0.04777986844151502,0.0,1.0,MINOR_COMMIT <= 0.5000824993237257,0.07921385290893963
AvgLineBlank,2.0,0.0346625022082552,0.0,35.0,0.4919048657853053 < AvgLineBlank <= 3.50292340409879,0.05746667876956297
RatioCommentToCode,0.36,0.03398786742540338,0.0,43.0,0.3453902620365129 < RatioCommentToCode <= 0.4691813612981043,0.05634820728357525
CountDeclMethodPrivate,0.0,-0.03328988473646016,0.0,301.0,CountDeclMethodPrivate <= 0.47984389130990057,0.055191027495133355
