feature,value,importance,min,max,rule,importance_ratio
OWN_COMMIT,0.8,0.26758031133856847,0.0,1.0,0.5211086302390999 < OWN_COMMIT <= 0.9396160800866156,0.41761887155075167
CountDeclMethodPrivate,3.0,0.0544407035704642,0.0,301.0,2.4681446528566404 < CountDeclMethodPrivate <= 5.497936289499292,0.08496688369107669
AvgLineBlank,0.0,-0.05253249864074776,0.0,35.0,AvgLineBlank <= 0.4919048657853053,0.08198870347501645
CountLineComment,42.0,0.05014127241839268,0.0,4565.0,40.8582338807355 < CountLineComment <= 118.84002223414448,0.07825666059186523
RatioCommentToCode,0.22,0.0371449149117982,0.0,43.0,0.03591251388253447 < RatioCommentToCode <= 0.3453902620365129,0.057972940429410154
