feature,value,importance,min,max,rule,importance_ratio
OWN_COMMIT,0.8,0.24510945443772328,0.0,1.0,0.5211086302390999 < OWN_COMMIT <= 0.9396160800866156,0.404075972818516
MINOR_COMMIT,0.0,0.040023378209548745,0.0,1.0,MINOR_COMMIT <= 0.5000824993237257,0.06598066779025802
CountLineComment,56.0,0.039045571886103615,0.0,4565.0,40.8582338807355 < CountLineComment <= 118.84002223414448,0.0643687020573141
RatioCommentToCode,0.12,0.03505791107366186,0.0,43.0,0.03591251388253447 < RatioCommentToCode <= 0.3453902620365129,0.05779483110748065
AvgLineComment,2.0,0.034481200213081924,0.0,26.0,0.4864034448715615 < AvgLineComment <= 2.4898867522054444,0.056844092579020296
