feature,value,importance,min,max,rule,importance_ratio
OWN_COMMIT,1.0,0.14260527629694386,0.0,1.0,OWN_COMMIT > 0.9396160800866156,0.20504957499839144
CountDeclInstanceVariable,28.0,0.09168634483163111,0.0,1496.0,14.589027509766481 < CountDeclInstanceVariable <= 46.334552020657924,0.13183415459140924
CountPath_Min,1.0,0.06028873405028545,0.0,1344.0,0.6290979530876513 < CountPath_Min <= 1.3298550989928053,0.08668809187999878
CountDeclMethodProtected,2.0,0.058299954524769465,0.0,76.0,1.5012221840068514 < CountDeclMethodProtected <= 11.009574717702664,0.08382846138762201
CountLineComment,55.0,0.040013904893327394,0.0,4565.0,40.8582338807355 < CountLineComment <= 118.84002223414448,0.05753527783444765
