feature,value,importance,min,max,rule,importance_ratio
MAJOR_LINE,10.0,0.19807764448341486,0.0,14.0,MAJOR_LINE > 8.495319420437175,0.291369986393294
OWN_COMMIT,0.5,0.07036545963900484,0.0,1.0,0.15491461162252382 < OWN_COMMIT <= 0.5211086302390999,0.10350679942224066
CountDeclMethodPrivate,4.0,0.06366249419224106,0.0,301.0,2.4681446528566404 < CountDeclMethodPrivate <= 5.497936289499292,0.093646812667492
RatioCommentToCode,0.19,0.05930285663207206,0.0,43.0,0.03591251388253447 < RatioCommentToCode <= 0.3453902620365129,0.08723383486831138
CountLineComment,116.0,0.04836612117875286,0.0,4565.0,40.8582338807355 < CountLineComment <= 118.84002223414448,0.07114602006956718
