feature,value,importance,min,max,rule,importance_ratio
OWN_COMMIT,0.777777777777778,0.19101741647555892,0.0,1.0,0.5211086302390999 < OWN_COMMIT <= 0.9396160800866156,0.22928224723830193
CountDeclMethodPrivate,4.0,0.15404637167774918,0.0,301.0,2.4681446528566404 < CountDeclMethodPrivate <= 5.497936289499292,0.1849051197993787
MAJOR_LINE,6.0,0.08268585536446799,0.0,14.0,3.496459832780991 < MAJOR_LINE <= 8.495319420437175,0.09924958196265936
CountClassDerived,0.0,0.07166329828396904,0.0,110.0,CountClassDerived <= 2.5115811863140953,0.08601897344350046
MaxInheritanceTree,2.0,-0.03933563899758008,0.0,5.0,1.496812989899119 < MaxInheritanceTree <= 3.4995692007712655,0.047215399895609744
