feature,value,importance,min,max,rule,importance_ratio
OWN_COMMIT,0.615384615384615,0.262254899495842,0.0,1.0,0.5211086302390999 < OWN_COMMIT <= 0.9396160800866156,0.35435504164733317
CountLineComment,166.0,0.09238151271378002,0.0,4565.0,132.33687021838836 < CountLineComment <= 1780.4519740721664,0.12482456895206327
RatioCommentToCode,0.44,0.06771108547538428,0.0,43.0,0.3453902620365129 < RatioCommentToCode <= 0.4691813612981043,0.09149024311744591
AvgLineBlank,4.0,0.047759550609934184,0.0,35.0,3.50292340409879 < AvgLineBlank <= 4.506596250203285,0.06453201666765988
CountDeclMethodPrivate,7.0,0.04568490403301948,0.0,301.0,5.497936289499292 < CountDeclMethodPrivate <= 12.504329449235424,0.061728784104305
