feature,value,importance,min,max,rule,importance_ratio
CountLineComment,264.0,0.15707953640490174,0.0,4565.0,132.33687021838836 < CountLineComment <= 1780.4519740721664,0.18029533836531247
MINOR_COMMIT,4.0,0.14406142736856467,0.0,1.0,MINOR_COMMIT > 0.5000824993237257,0.16535319868689616
MINOR_LINE,6.0,0.08373208847985338,0.0,7.0,MINOR_LINE > 5.494477103198857,0.09610739610024946
CountDeclInstanceVariable,383.0,0.07562605252973226,0.0,1496.0,58.05597645544861 < CountDeclInstanceVariable <= 1265.8510859236721,0.0868033166009235
MAJOR_LINE,16.0,0.06899454358285088,0.0,14.0,MAJOR_LINE > 8.495319420437175,0.07919169399994627
