"Rule ID","Antecedent","Consequent","Antecedent Coverage %","Antecedent Coverage","Support %","Support","Confidence","Leverage","Lift","p-value","Consequent Coverage %","Consequent Coverage"
"b'000000'","b'MAJOR_COMMIT <= 0.035'","b'target = 0'",0.26293,554,0.25819,544,0.98195,0.02633,1.11355,1.26008e-22,0.88182,1858
"b'000001'","b'OWN_COMMIT <= 0.015'","b'target = 0'",0.25392,535,0.2468,520,0.97196,0.02289,1.10222,4.25141e-17,0.88182,1858
"b'000002'","b'0.035 < MAJOR_COMMIT <= 0.615'","b'target = 0'",0.13953,294,0.13526,285,0.96939,0.01222,1.0993,1.14677e-08,0.88182,1858
"b'000003'","b'CountDeclMethodPublic <= 0.8'","b'target = 0'",0.17513,369,0.16896,356,0.96477,0.01453,1.09406,1.07529e-09,0.88182,1858
"b'000004'","b'1.1 < MAJOR_COMMIT <= 2.01'","b'target = 0'",0.19839,418,0.18747,395,0.94498,0.01253,1.07162,1.23937e-06,0.88182,1858
"b'000005'","b'-0.55 < MINOR_COMMIT <= 0'","b'target = 0'",0.98102,2067,0.8747,1843,0.89163,0.00962,1.01112,1.68176e-14,0.88182,1858
