feature,value,importance,min,max,rule,importance_ratio
MAJOR_LINE,5.0,0.04708495178983497,0.0,11.0,4.495439044857874 < MAJOR_LINE <= 6.495923940139127,0.17100196048722452
CountDeclMethodProtected,5.0,0.04638275199843267,0.0,33.0,4.50393320856633 < CountDeclMethodProtected <= 5.506791325430756,0.16845172869513342
CountClassCoupled,22.0,0.0460066991123269,0.0,108.0,18.505132292347 < CountClassCoupled <= 34.49944319326817,0.1670859891472202
CountDeclMethodDefault,0.0,-0.03769886961675415,0.0,114.0,CountDeclMethodDefault <= 0.505583502087303,0.13691381996931248
AvgCyclomaticModified,3.0,0.015810519297221087,0.0,24.0,2.49985389226846 < AvgCyclomaticModified <= 4.500475537693087,0.057420251978033875
