feature,value,importance,min,max,rule,importance_ratio
CountDeclMethodPrivate,10.0,0.08044385882358887,0.0,20.0,7.4992331434624875 < CountDeclMethodPrivate <= 11.501369904428477,0.18055636860018293
MAJOR_LINE,7.0,0.07136885145862591,0.0,11.0,MAJOR_LINE > 6.495923940139127,0.16018750018934597
CountDeclInstanceVariable,25.0,0.06016043995593653,0.0,97.0,CountDeclInstanceVariable > 23.504434313555777,0.13503020281080844
CountClassCoupled,22.0,0.037858591350404154,0.0,108.0,18.505132292347 < CountClassCoupled <= 34.49944319326817,0.08497366827637608
CountDeclMethodDefault,0.0,-0.037682169574539806,0.0,114.0,CountDeclMethodDefault <= 0.505583502087303,0.08457768932089213
