feature,value,importance,min,max,rule,importance_ratio
CountDeclMethodDefault,0.0,-0.03708001908955438,0.0,114.0,CountDeclMethodDefault <= 0.505583502087303,0.20340621854182053
CountClassCoupled,19.0,0.03488911440027217,0.0,108.0,18.505132292347 < CountClassCoupled <= 34.49944319326817,0.1913877878890171
CountDeclMethodProtected,10.0,0.01947797158799376,0.0,33.0,CountDeclMethodProtected > 7.494599378501313,0.10684839552024201
AvgCyclomaticModified,3.0,0.013169802569492019,0.0,24.0,2.49985389226846 < AvgCyclomaticModified <= 4.500475537693087,0.07224429235413635
CountDeclMethodPublic,12.0,0.010143415957703662,0.0,217.0,11.48631564410915 < CountDeclMethodPublic <= 43.48930102784986,0.0556427405840922
