feature,value,importance,min,max,rule,importance_ratio
CountDeclMethodDefault,0.0,-0.038063063322189075,0.0,114.0,CountDeclMethodDefault <= 0.505583502087303,0.2462585932603939
CountDeclMethodProtected,3.0,0.012662188031771394,0.0,33.0,2.4982169748374807 < CountDeclMethodProtected <= 3.501075091701906,0.08192122073592703
MAJOR_LINE,3.0,0.011252170820715576,0.0,11.0,2.494954149576622 < MAJOR_LINE <= 4.495439044857874,0.07279875857547526
CountDeclMethodPublic,22.0,0.010532816619889062,0.0,217.0,11.48631564410915 < CountDeclMethodPublic <= 43.48930102784986,0.06814471504639799
CountLineComment,39.0,0.007700802481430652,16.0,1595.0,35.440018134585465 < CountLineComment <= 66.34745759844142,0.049822284927544244
