feature,value,importance,min,max,rule,importance_ratio
CountLineComment,147.0,0.13910370987107198,0.0,4740.0,97.54858712745128 < CountLineComment <= 235.90883570083076,0.1528735943655873
CountClassCoupled,35.0,0.125476238440884,0.0,230.0,23.495360010578608 < CountClassCoupled <= 42.555205635341274,0.1378971387298744
MAJOR_COMMIT,3.0,0.10471416475472459,0.0,10.0,2.504428889822858 < MAJOR_COMMIT <= 4.498890104152141,0.11507982613750603
MaxNesting_Mean,1.25,0.07075468331466075,0.0,6.4,MaxNesting_Mean > 1.0140054051166967,0.0777586936145435
CountOutput_Mean,7.03333333333333,0.05685172034816529,0.0,28.0,CountOutput_Mean > 4.581772384689348,0.06247947551899645
