feature,value,importance,min,max,rule,importance_ratio
MAJOR_COMMIT,5.0,0.2428279011312102,0.0,10.0,4.498890104152141 < MAJOR_COMMIT <= 5.496120711316784,0.24643986994040754
CountLineComment,103.0,0.14630748680337627,0.0,4740.0,97.54858712745128 < CountLineComment <= 235.90883570083076,0.14848375269549177
CountPath_Min,0.0,-0.08383889356726539,0.0,576.0,CountPath_Min <= 0.4591410233064621,0.08508596388806411
MaxNesting_Mean,1.09375,0.07766773654812102,0.0,6.4,MaxNesting_Mean > 1.0140054051166967,0.0788230133535701
CountOutput_Mean,7.46153846153846,0.05264921717097989,0.0,28.0,CountOutput_Mean > 4.581772384689348,0.05343235341423836
