feature,value,importance,min,max,rule,importance_ratio
MAJOR_COMMIT,8.0,0.24229586029452985,0.0,10.0,MAJOR_COMMIT > 7.505691480300078,0.23967284000649614
CountClassCoupled,88.0,0.14103991485888492,0.0,230.0,CountClassCoupled > 42.555205635341274,0.13951306022072604
CountLineComment,478.0,0.09563693427028881,0.0,4740.0,CountLineComment > 423.10211318246184,0.09460159830304869
MaxNesting_Mean,1.54545454545455,0.07806964887283818,0.0,6.4,MaxNesting_Mean > 1.0140054051166967,0.07722449092162846
MAJOR_LINE,17.0,0.07520956758666326,0.0,21.0,MAJOR_LINE > 11.993562776583781,0.07439537199374535
