feature,value,importance,min,max,rule,importance_ratio
MAJOR_COMMIT,5.0,0.2903704193741305,0.0,10.0,4.498890104152141 < MAJOR_COMMIT <= 5.496120711316784,0.2574637809626499
MAJOR_LINE,8.0,0.15013337624456477,0.0,21.0,7.493770580251528 < MAJOR_LINE <= 11.993562776583781,0.1331192990660999
CountClassCoupled,31.0,0.11163642635069136,0.0,230.0,23.495360010578608 < CountClassCoupled <= 42.555205635341274,0.09898507046054875
CountLineComment,455.0,0.11002060902893859,0.0,4740.0,CountLineComment > 423.10211318246184,0.09755236792183941
CountDeclClassVariable,13.0,-0.06617718097294092,0.0,580.0,12.505090132945572 < CountDeclClassVariable <= 158.50090178774798,0.05867755835276678
