feature,value,importance,min,max,rule,importance_ratio
MAJOR_COMMIT,3.0,0.1679003090867429,0.0,10.0,2.504428889822858 < MAJOR_COMMIT <= 4.498890104152141,0.17152602780186985
CountLineComment,131.0,0.10193616844994392,0.0,4740.0,97.54858712745128 < CountLineComment <= 235.90883570083076,0.10413742630174663
MaxNesting_Mean,2.53333333333333,0.08993177096497477,0.0,6.4,MaxNesting_Mean > 1.0140054051166967,0.09187380017770101
CountOutput_Mean,6.5,0.0810048572826171,0.0,28.0,CountOutput_Mean > 4.581772384689348,0.08275411449758766
MAJOR_LINE,5.0,0.06867437278648589,0.0,21.0,3.496382367004915 < MAJOR_LINE <= 5.505998299347475,0.07015735968517545
