feature,value,importance,min,max,rule,importance_ratio
CountLineComment,417.0,0.16551567638932163,0.0,4740.0,274.975258827432 < CountLineComment <= 423.10211318246184,0.13643621074687248
MINOR_COMMIT,0.0,-0.13475176536671077,0.0,11.0,MINOR_COMMIT <= 1.0001719310427806,0.11107721431075145
CountOutput_Mean,3.07836587872559,-0.08630552808950845,0.0,28.0,CountOutput_Mean <= 3.873264548197767,0.07114250127790302
MAJOR_COMMIT,4.0,0.08010827640550926,0.0,10.0,2.504428889822858 < MAJOR_COMMIT <= 4.498890104152141,0.06603404535847282
MaxNesting_Mean,0.413414634146341,-0.07347851561269382,0.0,6.4,0.3209112279163219 < MaxNesting_Mean <= 0.41380013826276385,0.06056906789855968
