feature,value,importance,min,max,rule,importance_ratio
CountLineComment,163.0,0.14295787237686874,0.0,4740.0,97.54858712745128 < CountLineComment <= 235.90883570083076,0.14280230297905824
OWN_COMMIT,1.0,0.0820255951098634,0.0,1.0,OWN_COMMIT > 0.8170956133193726,0.08193633334187451
CountOutput_Mean,2.7741935483871,-0.07274727391181723,0.0,28.0,CountOutput_Mean <= 3.873264548197767,0.07266810898436937
CountDeclMethodProtected,2.0,0.06654256211792087,0.0,209.0,0.4943506817260066 < CountDeclMethodProtected <= 19.98013943317487,0.06647014927247671
CountClassCoupled,2.0,-0.06411241472423998,0.0,230.0,0.4589998310093497 < CountClassCoupled <= 3.475666045000562,0.06404264641008564
