feature,value,importance,min,max,rule,importance_ratio
MAJOR_COMMIT,4.0,0.08890032462028413,0.0,10.0,2.504428889822858 < MAJOR_COMMIT <= 4.498890104152141,0.11621017186253961
CountClassCoupled,25.0,0.08440830453282529,0.0,230.0,23.495360010578608 < CountClassCoupled <= 42.555205635341274,0.11033822000405939
CountInput_Mean,2.14285714285714,0.07367497408398077,0.0,57.3076923076923,1.2494316508645946 < CountInput_Mean <= 3.650492018237092,0.09630765058324703
CountOutput_Mean,11.2857142857143,0.06821012101687719,0.0,28.0,CountOutput_Mean > 4.581772384689348,0.0891640150921036
MaxNesting_Mean,1.7,0.06748416157097993,0.0,6.4,MaxNesting_Mean > 1.0140054051166967,0.08821504361946507
