feature,value,importance,min,max,rule,importance_ratio
MAJOR_LINE,6.0,0.17149032035636194,0.0,12.0,4.497171535648503 < MAJOR_LINE <= 7.503675252679776,0.16799999499219015
CountLineComment,649.0,0.1626606410119867,15.0,3419.0,CountLineComment > 430.39806709852445,0.1593500252297268
Added_lines,0.0,-0.12442193804226591,0.0,10080.0,Added_lines <= 2.0010783245919797,0.12188959076280488
OWN_LINE,0.464253393665158,0.09265958071279953,0.252747252747253,1.0,OWN_LINE <= 0.6736697687357529,0.09077368952008762
MaxInheritanceTree,5.0,0.06843953601630544,0.0,7.0,MaxInheritanceTree > 4.504670081117364,0.06704659297454385
