feature,value,importance,min,max,rule,importance_ratio
Added_lines,0.0,-0.11506236321152254,0.0,10080.0,Added_lines <= 2.0010783245919797,0.13401385656525855
MaxInheritanceTree,4.0,0.10998491684052947,0.0,7.0,3.505949893117027 < MaxInheritanceTree <= 4.504670081117364,0.12810012291084744
CountLineComment,386.0,0.10329443213862112,15.0,3419.0,254.46825531408285 < CountLineComment <= 430.39806709852445,0.12030767338897098
OWN_COMMIT,0.0,-0.05019227449822679,0.0,1.0,OWN_COMMIT <= 0.0823678792991347,0.05845925711541314
CountDeclMethodPrivate,0.0,-0.04612485845145789,0.0,153.0,CountDeclMethodPrivate <= 0.4813247900963733,0.053721912118588566
