feature,value,importance,min,max,rule,importance_ratio
CountLineComment,597.0,0.14966258115873346,15.0,3419.0,CountLineComment > 430.39806709852445,0.17867788249021718
MAJOR_LINE,8.0,0.13029321356137175,0.0,12.0,MAJOR_LINE > 7.503675252679776,0.15555334754851002
Added_lines,0.0,-0.11497232367972822,0.0,10080.0,Added_lines <= 2.0010783245919797,0.1372621745597558
MaxInheritanceTree,4.0,0.10706563550286512,0.0,7.0,3.505949893117027 < MaxInheritanceTree <= 4.504670081117364,0.127822605296588
CountClassCoupled,30.0,0.06504329685921476,0.0,128.0,24.508573690487815 < CountClassCoupled <= 42.45780664986833,0.07765333500870805
