feature,value,importance,min,max,rule,importance_ratio
OWN_LINE,0.740740740740741,0.14775811099131753,0.252747252747253,1.0,0.6816950662214489 < OWN_LINE <= 0.767298239402207,0.15558291050474785
MAJOR_LINE,9.0,0.1122905473348301,0.0,12.0,MAJOR_LINE > 7.503675252679776,0.11823709750560235
Added_lines,8.0,0.0803770696541915,0.0,10080.0,5.118236632945589 < Added_lines <= 14.469711558006416,0.08463358356941089
AvgEssential,0.0,0.07877433382214566,0.0,11.0,AvgEssential <= 0.501399979470756,0.08294597194628589
OWN_COMMIT,0.5,0.050923322279860704,0.0,1.0,0.4850342113498225 < OWN_COMMIT <= 0.9396574894715668,0.053620059431712386
