feature,value,importance,min,max,rule,importance_ratio
MAJOR_LINE,4.0,0.09128960681526035,0.0,12.0,2.492835724294319 < MAJOR_LINE <= 4.497171535648503,0.1350852808380955
OWN_LINE,0.395209580838323,0.08595916557125992,0.252747252747253,1.0,OWN_LINE <= 0.6736697687357529,0.1271975904694215
MINOR_COMMIT,0.0,-0.0775998163587396,0.0,6.0,MINOR_COMMIT <= 0.49897740704811133,0.1148278906164887
MaxInheritanceTree,3.0,0.057958179870704896,0.0,7.0,2.493358591394463 < MaxInheritanceTree <= 3.505949893117027,0.08576328979642672
Added_lines,8.0,0.03948954987136165,0.0,10080.0,5.118236632945589 < Added_lines <= 14.469711558006416,0.05843443871259107
