feature,value,importance,min,max,rule,importance_ratio
Added_lines,0.0,-0.11498883055792523,0.0,10080.0,Added_lines <= 2.0010783245919797,0.14371254831676697
CountLineComment,344.0,0.09558606549030944,15.0,3419.0,254.46825531408285 < CountLineComment <= 430.39806709852445,0.11946305557273951
MAJOR_LINE,4.0,0.07486930205628078,0.0,12.0,2.492835724294319 < MAJOR_LINE <= 4.497171535648503,0.09357133329385181
OWN_LINE,0.685931558935361,0.06599567981755926,0.252747252747253,1.0,0.6816950662214489 < OWN_LINE <= 0.767298239402207,0.08248111819609409
CountDeclMethodPrivate,6.0,0.06035659329902036,0.0,153.0,1.5241206799197182 < CountDeclMethodPrivate <= 15.50985379049164,0.0754334119986673
