feature,value,importance,min,max,rule,importance_ratio
CountLineComment,405.0,0.13078958434584023,15.0,3419.0,254.46825531408285 < CountLineComment <= 430.39806709852445,0.1607642081677329
Added_lines,14.0,0.11831623374202804,0.0,10080.0,14.469711558006416 < Added_lines <= 1320.5590427581683,0.14543218962015536
OWN_LINE,0.482364156339371,0.05292044816542789,0.252747252747253,1.0,OWN_LINE <= 0.6736697687357529,0.0650488644623264
CountDeclMethodProtected,2.0,0.0497948511706558,0.0,93.0,1.5159020539088863 < CountDeclMethodProtected <= 14.495311831610133,0.061206936770383545
CountDeclClassVariable,0.0,-0.04734341612537345,0.0,321.0,CountDeclClassVariable <= 0.438177004018415,0.05819367683916959
