feature,value,importance,min,max,rule,importance_ratio
MAJOR_LINE,7.0,0.11964726437988502,0.0,12.0,4.497171535648503 < MAJOR_LINE <= 7.503675252679776,0.16076943413606484
Added_lines,49.0,0.11532110988756507,0.0,10080.0,14.469711558006416 < Added_lines <= 1320.5590427581683,0.15495640185889392
OWN_LINE,0.68922305764411,0.08379347771770962,0.252747252747253,1.0,0.6816950662214489 < OWN_LINE <= 0.767298239402207,0.11259287930058129
CountLineComment,349.0,0.08377760953750996,15.0,3419.0,254.46825531408285 < CountLineComment <= 430.39806709852445,0.11257155730576017
CountDeclMethodPrivate,3.0,0.039901792249902306,0.0,153.0,1.5241206799197182 < CountDeclMethodPrivate <= 15.50985379049164,0.05361583981279971
