feature,value,importance,min,max,rule,importance_ratio
MAJOR_LINE,6.0,0.15693636410020217,0.0,12.0,4.497171535648503 < MAJOR_LINE <= 7.503675252679776,0.1822459059438286
CountLineComment,868.0,0.12467728650903798,15.0,3419.0,CountLineComment > 430.39806709852445,0.14478432172641775
OWN_LINE,0.630309386470897,0.11806646672284447,0.252747252747253,1.0,OWN_LINE <= 0.6736697687357529,0.13710735757681522
CountDeclMethodPublic,58.0,0.06359678294076478,0.0,205.0,CountDeclMethodPublic > 46.44782433188537,0.07385320405889134
Added_lines,12.0,0.051040249766206996,0.0,10080.0,5.118236632945589 < Added_lines <= 14.469711558006416,0.059271645622569244
