feature,value,importance,min,max,rule,importance_ratio
CountLineComment,3778.0,0.14197285254980987,15.0,3419.0,CountLineComment > 430.39806709852445,0.14037923762415996
MAJOR_LINE,13.0,0.12806888131602417,0.0,12.0,MAJOR_LINE > 7.503675252679776,0.1266313354957421
Added_lines,286.0,0.12105492814364259,0.0,10080.0,14.469711558006416 < Added_lines <= 1320.5590427581683,0.1196961124486103
OWN_LINE,0.745413582233666,0.09899184935327378,0.252747252747253,1.0,0.6816950662214489 < OWN_LINE <= 0.767298239402207,0.097880687002065
MaxInheritanceTree,1.0,-0.06301706234848752,0.0,7.0,0.4959182153937882 < MaxInheritanceTree <= 1.4946384033941256,0.06230970929242401
