feature,value,importance,min,max,rule,importance_ratio
Added_lines,24.0,0.1241934308127764,0.0,10080.0,14.469711558006416 < Added_lines <= 1320.5590427581683,0.16670527615549138
MaxInheritanceTree,4.0,0.10286985873647969,0.0,7.0,3.505949893117027 < MaxInheritanceTree <= 4.504670081117364,0.1380825708454222
OWN_LINE,0.653631284916201,0.10151110804254244,0.252747252747253,1.0,OWN_LINE <= 0.6736697687357529,0.13625871504099768
CountDeclInstanceVariable,18.0,0.06606885759738453,0.0,1114.0,17.474832958593538 < CountDeclInstanceVariable <= 21.485480801487,0.0886844584207811
MINOR_COMMIT,0.0,-0.056043977220611,0.0,6.0,MINOR_COMMIT <= 0.49897740704811133,0.07522802646058219
