feature,value,importance,min,max,rule,importance_ratio
CountLineComment,487.0,0.1455017632736855,15.0,3419.0,CountLineComment > 430.39806709852445,0.18312064079111517
Added_lines,0.0,-0.1139160492725081,0.0,10080.0,Added_lines <= 2.0010783245919797,0.14336857141680157
OWN_LINE,0.770144189991518,0.08783209081292341,0.252747252747253,1.0,0.767298239402207 < OWN_LINE <= 0.818125123478282,0.11054071366429123
MAJOR_LINE,3.0,0.07314369573150774,0.0,12.0,2.492835724294319 < MAJOR_LINE <= 4.497171535648503,0.09205469494544899
CountDeclMethodPublic,34.0,0.046587957734201796,0.0,205.0,23.55408671781892 < CountDeclMethodPublic <= 46.44782433188537,0.05863308101214828
