feature,value,importance,min,max,rule,importance_ratio
CountLineComment,633.0,0.13741314965046994,15.0,3419.0,CountLineComment > 430.39806709852445,0.1966540505694725
Added_lines,0.0,-0.11325338568280416,0.0,10080.0,Added_lines <= 2.0010783245919797,0.16207864452478893
CountClassCoupled,35.0,0.04463201799278648,0.0,128.0,24.508573690487815 < CountClassCoupled <= 42.45780664986833,0.06387356046853425
MaxInheritanceTree,3.0,0.04214247525365309,0.0,7.0,2.493358591394463 < MaxInheritanceTree <= 3.505949893117027,0.06031073795146282
OWN_COMMIT,0.0,-0.04064196359536134,0.0,1.0,OWN_COMMIT <= 0.0823678792991347,0.05816333287210636
