feature,value,importance,min,max,rule,importance_ratio
CountDeclMethodPrivate,12.0,0.12042208706663797,0.0,60.0,10.004825746209576 < CountDeclMethodPrivate <= 23.48602965257334,0.2828508718585647
CountDeclMethodProtected,13.0,0.09321233482438697,0.0,95.0,5.501685179477754 < CountDeclMethodProtected <= 15.018545858011501,0.2189398208856869
CountDeclClass,13.0,0.05461723513966524,0.0,37.0,9.498454567995314 < CountDeclClass <= 29.00168285146571,0.1282865374124416
CountClassCoupled,37.0,0.03639420209915921,0.0,94.0,11.463287562285867 < CountClassCoupled <= 37.99731547049169,0.08548375173607085
MINOR_COMMIT,0.0,-0.031277896474568516,0.0,6.0,MINOR_COMMIT <= 0.4989079083419949,0.07346642549749183
