feature,value,importance,min,max,rule,importance_ratio
CountClassCoupled,27.0,0.08398375246038736,0.0,70.0,9.4837322829943 < CountClassCoupled <= 27.470932970550695,0.18059380949277531
CountDeclMethodPublic,23.0,0.08175340728618467,0.0,143.0,19.495309567525048 < CountDeclMethodPublic <= 71.96116224848815,0.17579780407871534
OWN_COMMIT,1.0,0.04093197853744496,0.0,1.0,OWN_COMMIT > 0.9550766672516912,0.0880177619789056
CountDeclMethodProtected,4.0,0.03128125540188479,0.0,40.0,3.4928255115593005 < CountDeclMethodProtected <= 6.509690068776928,0.06726540447698369
CountDeclMethodDefault,0.0,-0.028208901102049714,0.0,44.0,CountDeclMethodDefault <= 0.4941639844749529,0.0606587912825991
