feature,value,importance,min,max,rule,importance_ratio
CountClassCoupled,25.0,0.08625249244932393,0.0,70.0,9.4837322829943 < CountClassCoupled <= 27.470932970550695,0.138007808654503
CountDeclMethodPublic,30.0,0.08230998841571281,0.0,143.0,19.495309567525048 < CountDeclMethodPublic <= 71.96116224848815,0.131699627559216
OWN_COMMIT,0.857142857142857,0.07390031049150439,0.0,1.0,0.22545703255796007 < OWN_COMMIT <= 0.8942750310272135,0.11824377035610915
CountDeclMethodProtected,9.0,0.060902532677251,0.0,40.0,CountDeclMethodProtected > 7.5042608019255965,0.0974467500893947
CountDeclInstanceVariable,13.0,0.05560736286775055,0.0,68.0,10.490012821429584 < CountDeclInstanceVariable <= 21.475771289759166,0.0889742438335089
