feature,value,importance,min,max,rule,importance_ratio
CountDeclInstanceVariable,22.0,0.14958460584081268,0.0,68.0,CountDeclInstanceVariable > 21.475771289759166,0.17342478184681415
CountDeclClass,12.0,0.11212525014703033,1.0,18.0,6.495598182757843 < CountDeclClass <= 12.50561862828071,0.12999530892210798
CountClassCoupled,46.0,0.08963063381875673,0.0,70.0,38.52109038952732 < CountClassCoupled <= 52.51795645356438,0.10391559364973434
CountDeclMethodPrivate,10.0,0.08808491729809463,0.0,21.0,4.49844038536424 < CountDeclMethodPrivate <= 9.998241760915272,0.10212352722093274
CountDeclMethodPublic,60.0,0.08117401759253173,0.0,143.0,19.495309567525048 < CountDeclMethodPublic <= 71.96116224848815,0.09411119689412144
