feature,value,importance,min,max,rule,importance_ratio
CountClassCoupled,28.0,0.11895365240261405,0.0,70.0,27.470932970550695 < CountClassCoupled <= 38.52109038952732,0.20683736421710205
CountDeclMethodPublic,23.0,0.08152246301626079,0.0,143.0,19.495309567525048 < CountDeclMethodPublic <= 71.96116224848815,0.1417517750333408
CountDeclMethodProtected,7.0,0.06336041636234507,0.0,40.0,6.509690068776928 < CountDeclMethodProtected <= 7.5042608019255965,0.11017149327814676
OWN_COMMIT,1.0,0.03994059164215049,0.0,1.0,OWN_COMMIT > 0.9550766672516912,0.06944895371999928
RatioCommentToCode,0.1,0.03281166129104934,0.03,7.5,RatioCommentToCode <= 0.19810732927548025,0.05705312447283731
