feature,value,importance,min,max,rule,importance_ratio
CountClassCoupled,24.0,0.08410380820213118,0.0,70.0,9.4837322829943 < CountClassCoupled <= 27.470932970550695,0.16311702343664336
CountDeclMethodPublic,28.0,0.08060445267636565,0.0,143.0,19.495309567525048 < CountDeclMethodPublic <= 71.96116224848815,0.15633011961490917
CountDeclInstanceVariable,12.0,0.05730144018556187,0.0,68.0,10.490012821429584 < CountDeclInstanceVariable <= 21.475771289759166,0.11113456764333372
OWN_COMMIT,0.0,-0.05258690026032649,0.0,1.0,OWN_COMMIT <= 0.22545703255796007,0.10199084709230494
CountDeclMethodProtected,4.0,0.03311920790287624,0.0,40.0,3.4928255115593005 < CountDeclMethodProtected <= 6.509690068776928,0.06423379306098571
