feature,value,importance,min,max,rule,importance_ratio
CountClassCoupled,16.0,0.0872133418686288,0.0,70.0,9.4837322829943 < CountClassCoupled <= 27.470932970550695,0.19205986151099422
CountDeclInstanceVariable,7.0,0.04422639329150042,0.0,68.0,6.5096655502956775 < CountDeclInstanceVariable <= 10.490012821429584,0.09739467366691658
OWN_COMMIT,1.0,0.04149113358167194,0.0,1.0,OWN_COMMIT > 0.9550766672516912,0.09137112738591774
RatioCommentToCode,0.19,0.03170812448616104,0.03,7.5,RatioCommentToCode <= 0.19810732927548025,0.06982713730611
CountDeclMethodPrivate,0.0,-0.02711263550473249,0.0,21.0,CountDeclMethodPrivate <= 0.49663938447691225,0.05970702313048353
