feature,value,importance,min,max,rule,importance_ratio
CountInput_Mean,2.60869565217391,0.3779106018906738,0.0,125.5,2.5920916627900743 < CountInput_Mean <= 2.5920916627900743,0.5248195596332862
CountDeclMethodPrivate,19.0,0.08142353475760304,0.0,274.0,11.449886802667034 < CountDeclMethodPrivate <= 166.53801694070535,0.11307611758304938
OWN_COMMIT,1.0,0.02524572682325142,0.0,1.0,OWN_COMMIT > 0.5101466808561519,0.03505975002477967
CountDeclMethodProtected,0.0,-0.024541599602005536,0.0,97.0,CountDeclMethodProtected <= 0.49008526561532195,0.03408190040550125
CountClassCoupled,5.0,0.02404650832814045,0.0,96.0,4.462718232611871 < CountClassCoupled <= 15.470436606030667,0.033394347362458214
