feature,value,importance,min,max,rule,importance_ratio
CountDeclInstanceMethod,49.0,0.09213618058022735,0.0,222.0,47.5884127846405 < CountDeclInstanceMethod <= 73.43280632040067,0.16563356786828665
CountLineComment,307.0,0.07275053858579836,0.0,5090.0,CountLineComment > 287.6912666646721,0.1307839243435188
MAJOR_LINE,7.0,0.06489900726214778,0.0,21.0,4.499961945155443 < MAJOR_LINE <= 15.496879592180605,0.11666919614254384
CountDeclInstanceVariable,25.0,0.060883101128603304,0.0,73.0,CountDeclInstanceVariable > 21.019578500192026,0.10944978616771951
CountDeclMethodProtected,8.0,0.05329181536840857,0.0,97.0,4.512094016369762 < CountDeclMethodProtected <= 14.996431434066727,0.09580290242182862
