feature,value,importance,min,max,rule,importance_ratio
CountDeclMethodPrivate,7.0,0.1090768018560522,0.0,274.0,6.551269788898351 < CountDeclMethodPrivate <= 11.449886802667034,0.24842370925949214
CountClassCoupled,16.0,0.07975858056797046,0.0,96.0,15.470436606030667 < CountClassCoupled <= 55.490746041173416,0.18165111272803497
OWN_COMMIT,1.0,0.03973778616926484,0.0,1.0,OWN_COMMIT > 0.5101466808561519,0.09050327906530542
RatioCommentToCode,0.14,0.028744377127435168,0.0,85.57,0.04055641125066556 < RatioCommentToCode <= 0.27479364366828896,0.06546565965304692
CountDeclClass,2.0,0.02605455193197565,0.0,37.0,1.4931802753022725 < CountDeclClass <= 2.4935575819192772,0.05933955088431412
