feature,value,importance,min,max,rule,importance_ratio
CountClassCoupled,76.0,0.20670863337797157,0.0,96.0,CountClassCoupled > 55.490746041173416,0.26360963729241943
CountDeclInstanceVariable,17.0,0.1049687600959074,0.0,73.0,15.502515182883194 < CountDeclInstanceVariable <= 17.98051819828462,0.13386367237656918
MAJOR_LINE,22.0,0.10481863430948894,0.0,21.0,MAJOR_LINE > 15.496879592180605,0.13367222123367645
MINOR_COMMIT,6.0,0.09532530778061735,0.0,4.0,MINOR_COMMIT > 1.5002568035329802,0.1215656520881178
CountDeclMethodPrivate,27.0,0.07250149693851914,0.0,274.0,11.449886802667034 < CountDeclMethodPrivate <= 166.53801694070535,0.09245909567876431
