feature,value,importance,min,max,rule,importance_ratio
CountClassDerived,13.0,0.10873417429970143,0.0,64.0,11.514047948703734 < CountClassDerived <= 16.01115810509175,0.21755260314586924
CountClassCoupled,20.0,0.07078687873355974,0.0,96.0,15.470436606030667 < CountClassCoupled <= 55.490746041173416,0.14162860789847537
CountDeclInstanceMethod,49.0,0.0496842765309598,0.0,222.0,47.5884127846405 < CountDeclInstanceMethod <= 73.43280632040067,0.09940705177874518
CountDeclMethodPrivate,4.0,0.037973167044854,0.0,274.0,1.548426881219695 < CountDeclMethodPrivate <= 6.551269788898351,0.07597575825177905
CountClassBase,2.0,0.03190173237603695,0.0,6.0,1.5025443130714027 < CountClassBase <= 2.499541318640651,0.06382818435849152
