"Rule ID","Antecedent","Consequent","Antecedent Coverage %","Antecedent Coverage","Support %","Support","Confidence","Leverage","Lift","p-value","Consequent Coverage %","Consequent Coverage"
"b'000000'","b'CountClassCoupled <= 0.54'","b'target = 0'",0.19736,433,0.19599,430,0.99307,0.0106,1.05716,5.56521e-10,0.93938,2061
"b'000001'","b'CountInput_Mean <= 1.03'","b'target = 0'",0.20419,448,0.20191,443,0.98884,0.0101,1.05265,1.30495e-08,0.93938,2061
"b'000002'","b'0.665 < RatioCommentToCode <= 1.19'","b'target = 0'",0.1928,423,0.19006,417,0.98582,0.00895,1.04943,3.68185e-07,0.93938,2061
"b'000003'","b'0.6 < CountDeclMethodPublic <= 2.75'","b'target = 0'",0.21057,462,0.20738,455,0.98485,0.00957,1.0484,1.73692e-07,0.93938,2061
"b'000004'","b'-0.04 < MAJOR_LINE <= 0.072'","b'target = 0'",0.46171,1013,0.45169,991,0.97828,0.01796,1.04141,1.23362e-13,0.93938,2061
"b'000005'","b'-0.26 < CountDeclMethodPrivate <= 0.03'","b'target = 0'",0.61531,1350,0.59253,1300,0.96296,0.01451,1.0251,7.20117e-09,0.93938,2061
"b'000006'","b'-0.002 < OWN_COMMIT <= 0.025'","b'target = 0'",0.72379,1588,0.6969,1529,0.96285,0.01698,1.02498,1.98229e-12,0.93938,2061
"b'000007'","b'-0.03 < CountDeclClassMethod <= 0.22'","b'target = 0'",0.78213,1716,0.75251,1651,0.96212,0.01779,1.02421,1.265e-14,0.93938,2061
"b'000008'","b'0.978 < CountDeclClass <= 1.144'","b'target = 0'",0.75251,1651,0.72197,1584,0.95942,0.01508,1.02133,1.33046e-10,0.93938,2061
