feature,value,importance,min,max,rule,importance_ratio
MINOR_COMMIT,0.0,-0.32778917152448966,0.0,4.0,MINOR_COMMIT <= 0.499295501027108,0.31540589424267423
MAJOR_LINE,15.0,0.20305057485398104,0.0,14.0,MAJOR_LINE > 12.505866390406352,0.19537969433357005
CountLineComment,282.0,0.1406175176122949,0.0,1095.0,CountLineComment > 164.39128230701323,0.13530524416782722
CountDeclClassMethod,55.0,0.07745746811646216,0.0,387.0,CountDeclClassMethod > 30.5619429749201,0.07453126618986232
CountClassCoupled,40.0,0.06157317459037117,0.0,179.0,CountClassCoupled > 35.479593397145734,0.059247052313274436
