feature,value,importance,min,max,rule,importance_ratio
MINOR_COMMIT,0.0,-0.2149952310932596,0.0,1.0,MINOR_COMMIT <= 0.5001844411582251,0.2388758599773882
CountLineComment,651.0,0.1475930586437358,0.0,3673.0,CountLineComment > 115.54619362143157,0.1639869806922467
MINOR_LINE,5.0,0.07040948935893011,1.0,7.0,4.494567851334727 < MINOR_LINE <= 5.505201931004661,0.07823023439011759
AvgLineBlank,0.0,-0.05108109038984197,0.0,35.0,AvgLineBlank <= 0.5029667521507191,0.05675493048570578
RatioCommentToCode,1.62,-0.04788577516117823,0.0,43.0,0.8789796442870281 < RatioCommentToCode <= 4.061363741800522,0.05320469511878827
