feature,value,importance,min,max,rule,importance_ratio
MAJOR_LINE,9.0,0.2549797520732388,0.0,13.0,MAJOR_LINE > 8.50344203197641,0.19261975001221063
CountDeclClassMethod,42.0,0.253438062023337,0.0,385.0,CountDeclClassMethod > 22.498489071221602,0.19145510870405255
MINOR_COMMIT,0.0,-0.21040943848405982,0.0,1.0,MINOR_COMMIT <= 0.5001844411582251,0.15894992881382952
CountLineComment,228.0,0.14322280690872172,0.0,3673.0,CountLineComment > 115.54619362143157,0.10819502740312106
MINOR_LINE,4.0,0.05406153565095768,1.0,7.0,3.4962585775144284 < MINOR_LINE <= 4.494567851334727,0.04083978981739939
