feature,value,importance,min,max,rule,importance_ratio
MAJOR_LINE,9.0,0.24799415667954558,0.0,13.0,MAJOR_LINE > 8.50344203197641,0.19008466375382635
MINOR_COMMIT,0.0,-0.2149300019441295,0.0,1.0,MINOR_COMMIT <= 0.5001844411582251,0.16474137010797074
CountLineComment,142.0,0.14348829858024892,0.0,3673.0,CountLineComment > 115.54619362143157,0.10998212761714185
MINOR_LINE,6.0,0.10093843631739158,1.0,7.0,5.505201931004661 < MINOR_LINE <= 6.50351120482496,0.07736814844400289
CountClassBase,3.0,0.09600238864369143,0.0,5.0,2.499285552932663 < CountClassBase <= 3.49747774359187,0.07358472477430503
