feature,value,importance,min,max,rule,importance_ratio
MINOR_COMMIT,0.0,-0.22887530470787687,0.0,1.0,MINOR_COMMIT <= 0.5001844411582251,0.24788649866318707
CountDeclInstanceVariable,28.0,0.1579124037027875,0.0,1245.0,CountDeclInstanceVariable > 24.367084265989167,0.17102916760431305
MAJOR_LINE,4.0,0.07451719981616739,0.0,13.0,2.4998111840441277 < MAJOR_LINE <= 6.502231749332315,0.08070686252582454
CountClassCoupled,27.0,0.05539265768309192,0.0,207.0,17.521480766172985 < CountClassCoupled <= 59.045190785127026,0.05999376814477959
CountDeclMethodPrivate,13.0,0.0497879690397462,0.0,257.0,2.457998312089133 < CountDeclMethodPrivate <= 29.498482588710576,0.05392353419940241
