feature,value,importance,min,max,rule,importance_ratio
MINOR_COMMIT,0.0,-0.21694414137098966,0.0,1.0,MINOR_COMMIT <= 0.5001844411582251,0.18952003438632817
CountDeclInstanceVariable,62.0,0.15515693056243926,0.0,1245.0,CountDeclInstanceVariable > 24.367084265989167,0.1355434013089361
CountLineComment,134.0,0.1459906944385262,0.0,3673.0,CountLineComment > 115.54619362143157,0.1275358774623875
MAJOR_LINE,5.0,0.07275367004682974,0.0,13.0,2.4998111840441277 < MAJOR_LINE <= 6.502231749332315,0.06355681219078337
MINOR_LINE,5.0,0.06432882763622964,1.0,7.0,4.494567851334727 < MINOR_LINE <= 5.505201931004661,0.056196961801341885
