feature,value,importance,min,max,rule,importance_ratio
MINOR_COMMIT,0.0,-0.22573841424737268,0.0,1.0,MINOR_COMMIT <= 0.5001844411582251,0.2497768788335644
CountLineComment,213.0,0.1460503666183463,0.0,3673.0,CountLineComment > 115.54619362143157,0.1616029989758508
MAJOR_LINE,3.0,0.0732795574479403,0.0,13.0,2.4998111840441277 < MAJOR_LINE <= 6.502231749332315,0.08108296145641254
CountClassCoupled,51.0,0.05223146121212712,0.0,207.0,17.521480766172985 < CountClassCoupled <= 59.045190785127026,0.057793492534172604
CountDeclMethodPrivate,8.0,0.050054424214214126,0.0,257.0,2.457998312089133 < CountDeclMethodPrivate <= 29.498482588710576,0.05538462690863483
