feature,value,importance,min,max,rule,importance_ratio
CountClassCoupled,23.0,0.27734851024081436,0.0,157.0,19.49362632354891 < CountClassCoupled <= 149.5610677723453,0.2654812677564836
MINOR_COMMIT,0.0,-0.21705489735633296,0.0,3.0,MINOR_COMMIT <= 0.5004312637688242,0.2077675098123992
MaxNesting_Min,0.0,-0.12331309652054859,0.0,3.0,MaxNesting_Min <= 0.500061012326352,0.11803675154709835
MaxInheritanceTree,5.0,0.09322044117492695,0.0,9.0,4.50216753889406 < MaxInheritanceTree <= 8.495461441426933,0.0892317066439262
CountDeclClassVariable,8.0,0.05992486538233284,0.0,139.0,3.4671140433870056 < CountDeclClassVariable <= 57.97334749613853,0.05736078848242249
