feature,value,importance,min,max,rule,importance_ratio
CountClassCoupled,36.0,0.2718080253528093,0.0,157.0,19.49362632354891 < CountClassCoupled <= 149.5610677723453,0.2019683143014568
CountDeclMethodPrivate,17.0,0.2645244527502714,0.0,142.0,CountDeclMethodPrivate > 11.499928754638997,0.19655621920707023
CountLineComment,259.0,0.15610232984187916,0.0,1197.0,139.18550424206813 < CountLineComment <= 1032.9057587741202,0.11599261786244561
MINOR_COMMIT,1.0,0.14117970273552977,0.0,3.0,0.5004312637688242 < MINOR_COMMIT <= 1.4991609256393426,0.10490428506687584
MaxNesting_Min,0.0,-0.11438405584969828,0.0,3.0,MaxNesting_Min <= 0.500061012326352,0.08499364547069832
