feature,value,importance,left,right,rec,rule,min,max
OWN_COMMIT,1.0,0.02347363296678254,0.0,0.9693915588044304,-1,OWN_COMMIT > 0.9693915588044304,0.0,1.0
CountClassCoupled,18.0,0.01098930137760384,0.0,11.526431435925135,-1,11.526431435925135 < CountClassCoupled <= 21.451774790022068,0.0,179.0
PercentLackOfCohesion,89.0,-0.006901561863642763,91.4949723320631,100.0,1,85.31026081914223 < PercentLackOfCohesion <= 91.4949723320631,0.0,100.0
CountOutput_Mean,5.18888888888889,0.00420770551450391,0.0,5.148315219006369,-1,5.148315219006369 < CountOutput_Mean <= 5.854835329245367,0.0,23.0
MaxNesting_Mean,1.24468085106383,0.0033296003413043995,0.0,0.11681451905522194,-1,0.11681451905522194 < MaxNesting_Mean <= 1.4436052574965041,0.0,4.0
