feature,value,importance,left,right,rec,rule,min,max
OWN_COMMIT,0.664705882352941,0.01720214644336803,0.0,0.1235272457668039,-1,0.1235272457668039 < OWN_COMMIT <= 0.9231694651958171,0.0,1.0
CountClassCoupled,0.0,-0.007954905835901372,1.4687501704402433,179.0,1,CountClassCoupled <= 1.4687501704402433,0.0,179.0
PercentLackOfCohesion,0.0,0.005896302430053844,0.0,0.0,-1,PercentLackOfCohesion <= 35.05947977666012,0.0,100.0
CountOutput_Mean,0.5652173913043477,-0.00285310674429834,1.6888029550774806,23.0,1,CountOutput_Mean <= 1.6888029550774806,0.0,23.0
MaxNesting_Mean,0.0,-0.0016902854713884818,0.00999662062138984,4.0,1,MaxNesting_Mean <= 0.00999662062138984,0.0,4.0
