feature,value,importance,left,right,rec,rule,min,max
OWN_COMMIT,0.933333333333333,0.06362057154672246,0.0,0.9231694651958171,-1,0.9231694651958171 < OWN_COMMIT <= 0.9370360932784012,0.0,1.0
CountClassCoupled,14.0,0.01609723589462188,0.0,11.526431435925135,-1,11.526431435925135 < CountClassCoupled <= 21.451774790022068,0.0,179.0
PercentLackOfCohesion,94.0,-0.007246662754900807,100.0,100.0,1,PercentLackOfCohesion > 91.4949723320631,0.0,100.0
MaxNesting_Mean,0.666666666666667,0.002648075831955383,0.0,0.11681451905522194,-1,0.11681451905522194 < MaxNesting_Mean <= 1.4436052574965041,0.0,4.0
CountOutput_Mean,3.87179487179487,0.0006822530594730633,0.0,2.760764501646995,-1,2.760764501646995 < CountOutput_Mean <= 4.904687594786025,0.0,23.0
