feature,value,importance,left,right,rec,rule,min,max
OWN_COMMIT,1.0,0.02008640472592307,0.0,0.9693915588044304,-1,OWN_COMMIT > 0.9693915588044304,0.0,1.0
CountClassCoupled,20.0,0.01502257737814311,0.0,11.526431435925135,-1,11.526431435925135 < CountClassCoupled <= 21.451774790022068,0.0,179.0
PercentLackOfCohesion,95.0,-0.007508016680350708,100.0,100.0,1,PercentLackOfCohesion > 91.4949723320631,0.0,100.0
CountOutput_Mean,3.63157894736842,0.004325590810593903,0.0,2.760764501646995,-1,2.760764501646995 < CountOutput_Mean <= 4.904687594786025,0.0,23.0
