feature,value,importance,left,right,rec,rule,min,max
OWN_COMMIT,1.0,0.02754298581443866,0.0,0.9693915588044304,-1,OWN_COMMIT > 0.9693915588044304,0.0,1.0
CountClassCoupled,29.0,0.019405791481273322,0.0,23.43684346084145,-1,23.43684346084145 < CountClassCoupled <= 35.479593397145734,0.0,179.0
CountOutput_Mean,5.33870967741935,0.012760101706510712,0.0,5.148315219006369,-1,5.148315219006369 < CountOutput_Mean <= 5.854835329245367,0.0,23.0
PercentLackOfCohesion,75.0,0.004155891454290631,0.0,56.31942560232562,-1,56.31942560232562 < PercentLackOfCohesion <= 78.35246036710625,0.0,100.0
MaxNesting_Mean,0.573529411764706,0.002148943723114327,0.0,0.11681451905522194,-1,0.11681451905522194 < MaxNesting_Mean <= 1.4436052574965041,0.0,4.0
