feature,value,importance,left,right,rec,rule,min,max
OWN_COMMIT,0.8,0.02005365178681402,0.0,0.1235272457668039,-1,0.1235272457668039 < OWN_COMMIT <= 0.9231694651958171,0.0,1.0
CountClassCoupled,31.0,0.013258764034119923,0.0,23.43684346084145,-1,23.43684346084145 < CountClassCoupled <= 35.479593397145734,0.0,179.0
PercentLackOfCohesion,100.0,-0.010776445920555893,100.0,100.0,1,PercentLackOfCohesion > 91.4949723320631,0.0,100.0
CountOutput_Mean,3.58415841584158,0.0026807195040371113,0.0,2.760764501646995,-1,2.760764501646995 < CountOutput_Mean <= 4.904687594786025,0.0,23.0
MaxNesting_Mean,0.381818181818182,0.002240452299889974,0.0,0.11681451905522194,-1,0.11681451905522194 < MaxNesting_Mean <= 1.4436052574965041,0.0,4.0
