feature,value,importance,left,right,rec,rule,min,max
OWN_COMMIT,0.66403162055336,0.01792035379618382,0.0,0.1235272457668039,-1,0.1235272457668039 < OWN_COMMIT <= 0.9231694651958171,0.0,1.0
PercentLackOfCohesion,95.0,-0.006792301708985844,100.0,100.0,1,PercentLackOfCohesion > 91.4949723320631,0.0,100.0
CountClassCoupled,26.0,0.004178846843186468,0.0,23.43684346084145,-1,23.43684346084145 < CountClassCoupled <= 35.479593397145734,0.0,179.0
CountOutput_Mean,5.86516853932584,0.003970904440277834,0.0,5.854835329245367,-1,CountOutput_Mean > 5.854835329245367,0.0,23.0
