Antecedent,Antecedent Coverage %,Confidence,Lift
OWN_COMMIT > 1.022,0.0796,1.0,1.12691
CountDeclInstanceVariable <= -0.1,0.10945,0.99174,1.1176
0.997 < OWN_COMMIT <= 1.022,0.54365,0.98752,1.11285
CountOutput_Min > 2.45,0.18544,0.97073,1.09393
1.14 < RatioCommentToCode <= 2.01,0.20262,0.96875,1.0917
1.42 < ADEV <= 2.16,0.23926,0.96786,1.0907
CountDeclMethodPublic <= 0.5,0.19991,0.96606,1.08867
AvgLineBlank > 1.112,0.1791,0.96465,1.08707
RatioCommentToCode > 2.01,0.19493,0.95592,1.07723
