Antecedent,Antecedent Coverage %,Confidence,Lift
-0.02 < CountDeclClassMethod <= 0.21,0.76591,0.94845,1.01796
-0.26 < CountDeclMethodPrivate <= 0.005,0.66187,0.97965,1.05144
-0.054 < OWN_COMMIT <= 0.0035,0.60427,0.98616,1.05843
-0.134 < MAJOR_LINE <= 0.038,0.44961,0.9845,1.05665
0.895 < AvgCyclomaticModified <= 1.14,0.34974,0.98274,1.05475
-0.39 < CountDeclClassVariable <= 0.41,0.31444,0.98671,1.05901
-0.36 < CountDeclInstanceVariable <= 0.98,0.2889,0.99196,1.06465
