Antecedent,Antecedent Coverage %,Confidence,Lift
0.998 < CountDeclClass <= 1.118,0.70444,0.94788,1.022
-0.042 < OWN_COMMIT <= 0.003,0.65095,0.96727,1.04291
-0.058 < MAJOR_LINE <= 0.056,0.4592,0.97038,1.04627
-0.115 < CountDeclClassVariable <= 0.17,0.39393,0.96663,1.04222
-0.32 < CountDeclInstanceVariable <= 0.84,0.30916,0.98534,1.06239
PercentLackOfCohesion <= 1.5,0.25204,0.97302,1.04911
