Antecedent,Antecedent Coverage %,Confidence,Lift
0.754 < CountDeclClass <= 1.006,0.64948,0.9441,1.02947
-0.0335 < OWN_COMMIT <= 0.002,0.64904,0.95718,1.04373
-0.078 < MAJOR_LINE <= 0.054,0.48588,0.96956,1.05722
-0.155 < CountDeclClassVariable <= 0.255,0.41954,0.96902,1.05664
0.815 < AvgCyclomaticModified <= 1.205,0.39848,0.96063,1.04749
0.882 < CountClassBase <= 1.044,0.36082,0.95404,1.0403
-0.14 < CountDeclInstanceVariable <= 0.86,0.29673,0.96224,1.04924
PercentLackOfCohesion <= 2,0.23711,0.96597,1.05332
