Antecedent,Antecedent Coverage %,Confidence,Lift
0.78 < CountDeclClass <= 1.005,0.67933,0.96434,1.05396
-0.0195 < OWN_COMMIT <= 0.005,0.57767,0.98849,1.08036
-0.165 < MAJOR_LINE <= 0.05,0.49169,0.95749,1.04648
-0.06 < CountDeclClassVariable <= 0.175,0.39572,0.95078,1.03914
0.822 < CountClassBase <= 1.018,0.35772,0.95883,1.04794
-0.01 < CountDeclMethodProtected <= 0.58,0.30831,0.97227,1.06263
-0.3 < CountDeclMethodPublic <= 2.35,0.30309,0.96552,1.05525
PercentLackOfCohesion <= 0.2,0.29881,0.96025,1.0495
0.58 < CountClassCoupled <= 2.16,0.23088,0.9856,1.0772
