feature,value,importance,left,right,rec,rule,min,max
CountClassCoupled,25.0,0.09150511879709267,0.0,23.495360010578608,-1,23.495360010578608 < CountClassCoupled <= 42.555205635341274,0.0,230.0
PercentLackOfCohesion,66.0,0.003586908622947007,0.0,31.457154556395533,-1,31.457154556395533 < PercentLackOfCohesion <= 66.34431027230274,0.0,100.0
MAJOR_LINE,5.0,0.0001703409961189201,0.0,3.496382367004915,-1,3.496382367004915 < MAJOR_LINE <= 5.505998299347475,0.0,21.0
