feature,value,importance,left,right,rec,rule,min,max
CountClassCoupled,21.0,0.10368320086491295,0.0,16.502179241780798,-1,16.502179241780798 < CountClassCoupled <= 23.495360010578608,0.0,230.0
MINOR_LINE,2.0,-0.026483052134204824,2.4972751068731913,7.0,1,1.5005580521741972 < MINOR_LINE <= 2.4972751068731913,1.0,7.0
PercentLackOfCohesion,81.0,0.012668936226478824,0.0,68.54770958067583,-1,68.54770958067583 < PercentLackOfCohesion <= 85.44043761153615,0.0,100.0
MAJOR_LINE,1.0,-0.009842300289535972,1.5086100861008611,21.0,1,0.5038021199295812 < MAJOR_LINE <= 1.5086100861008611,0.0,21.0
