feature,value,importance,left,right,rec,rule,min,max
CountClassCoupled,23.0,0.07875522804023388,0.0,16.502179241780798,-1,16.502179241780798 < CountClassCoupled <= 23.495360010578608,0.0,230.0
MINOR_LINE,3.0,-0.02285768598134322,3.5048260426015228,7.0,1,2.4972751068731913 < MINOR_LINE <= 3.5048260426015228,1.0,7.0
PercentLackOfCohesion,68.0,0.02028890911118437,0.0,67.44600992648928,-1,67.44600992648928 < PercentLackOfCohesion <= 68.54770958067583,0.0,100.0
MAJOR_LINE,3.0,0.009104189341418161,0.0,2.4915744008336347,-1,2.4915744008336347 < MAJOR_LINE <= 3.496382367004915,0.0,21.0
