feature,value,importance,left,right,rec,rule,min,max
CountClassCoupled,25.0,0.10370857848030857,0.0,23.495360010578608,-1,23.495360010578608 < CountClassCoupled <= 42.555205635341274,0.0,230.0
MAJOR_LINE,1.0,-0.021857475862353117,1.5086100861008611,21.0,1,0.5038021199295812 < MAJOR_LINE <= 1.5086100861008611,0.0,21.0
MINOR_LINE,3.0,-0.018865799487183508,3.5048260426015228,7.0,1,2.4972751068731913 < MINOR_LINE <= 3.5048260426015228,1.0,7.0
PercentLackOfCohesion,55.0,0.004274934214406781,0.0,31.457154556395533,-1,31.457154556395533 < PercentLackOfCohesion <= 66.34431027230274,0.0,100.0
