feature,value,importance,left,right,rec,rule,min,max
MAJOR_COMMIT,5.0,0.22868812276856196,0.0,4.498890104152141,-1,4.498890104152141 < MAJOR_COMMIT <= 5.496120711316784,0.0,10.0
MAJOR_LINE,8.0,0.12678175018659818,0.0,7.493770580251528,-1,7.493770580251528 < MAJOR_LINE <= 11.993562776583781,0.0,21.0
PercentLackOfCohesion,94.0,-0.020605530705714633,98.66083346177467,100.0,1,85.44043761153615 < PercentLackOfCohesion <= 98.66083346177467,0.0,100.0
MINOR_LINE,5.0,-0.0013096915745697119,5.498260151999511,7.0,1,3.5048260426015228 < MINOR_LINE <= 5.498260151999511,1.0,7.0
