feature,value,importance,left,right,rec,rule,min,max
MAJOR_LINE,10.0,0.1597101755359174,0.0,7.493770580251528,-1,7.493770580251528 < MAJOR_LINE <= 11.993562776583781,0.0,21.0
CountClassCoupled,58.0,0.1047990077270144,0.0,42.555205635341274,-1,CountClassCoupled > 42.555205635341274,0.0,230.0
PercentLackOfCohesion,100.0,0.042978512247532775,0.0,98.66083346177467,-1,PercentLackOfCohesion > 98.66083346177467,0.0,100.0
