feature,value,importance,left,right,rec,rule,min,max
MAJOR_COMMIT,4.0,0.10890363181021914,0.0,2.504428889822858,-1,2.504428889822858 < MAJOR_COMMIT <= 4.498890104152141,0.0,10.0
MAJOR_LINE,4.0,0.017199557303365576,0.0,3.496382367004915,-1,3.496382367004915 < MAJOR_LINE <= 5.505998299347475,0.0,21.0
MINOR_LINE,6.0,-0.010389069189307128,7.0,7.0,1,MINOR_LINE > 5.498260151999511,1.0,7.0
PercentLackOfCohesion,82.0,-0.004994183572589683,85.44043761153615,100.0,1,68.54770958067583 < PercentLackOfCohesion <= 85.44043761153615,0.0,100.0
