feature,value,importance,left,right,rec,rule,min,max
CountClassCoupled,23.0,0.09967018718517093,0.0,16.502179241780798,-1,16.502179241780798 < CountClassCoupled <= 23.495360010578608,0.0,230.0
PercentLackOfCohesion,68.0,0.06624479156284722,0.0,67.44600992648928,-1,67.44600992648928 < PercentLackOfCohesion <= 68.54770958067583,0.0,100.0
MAJOR_LINE,4.0,0.01004370921277636,0.0,3.496382367004915,-1,3.496382367004915 < MAJOR_LINE <= 5.505998299347475,0.0,21.0
MAJOR_COMMIT,2.0,-0.0034452490050829103,2.504428889822858,10.0,1,1.5071982826582162 < MAJOR_COMMIT <= 2.504428889822858,0.0,10.0
