feature,value,importance,left,right,rec,rule,min,max
CountClassCoupled,12.0,0.07704509143907327,0.0,9.508998472982986,-1,9.508998472982986 < CountClassCoupled <= 16.502179241780798,0.0,230.0
MINOR_LINE,3.0,-0.012288912498867977,3.5048260426015228,7.0,1,2.4972751068731913 < MINOR_LINE <= 3.5048260426015228,1.0,7.0
MAJOR_LINE,2.0,-0.006559143422369512,2.4915744008336347,21.0,1,1.5086100861008611 < MAJOR_LINE <= 2.4915744008336347,0.0,21.0
PercentLackOfCohesion,75.0,-0.005875840279499635,85.44043761153615,100.0,1,68.54770958067583 < PercentLackOfCohesion <= 85.44043761153615,0.0,100.0
