feature,value,importance,left,right,rec,rule,min,max
MAJOR_COMMIT,5.0,0.20659227310228487,0.0,4.498890104152141,-1,4.498890104152141 < MAJOR_COMMIT <= 5.496120711316784,0.0,10.0
MAJOR_LINE,5.0,0.003689103496237534,0.0,3.496382367004915,-1,3.496382367004915 < MAJOR_LINE <= 5.505998299347475,0.0,21.0
PercentLackOfCohesion,71.0,-0.002960338246771281,85.44043761153615,100.0,1,68.54770958067583 < PercentLackOfCohesion <= 85.44043761153615,0.0,100.0
