feature,value,importance,left,right,rec,rule,min,max
MAJOR_COMMIT,5.0,0.21002684590527376,0.0,4.498890104152141,-1,4.498890104152141 < MAJOR_COMMIT <= 5.496120711316784,0.0,10.0
PercentLackOfCohesion,67.0,-0.064227694287088,67.44600992648928,100.0,1,66.34431027230274 < PercentLackOfCohesion <= 67.44600992648928,0.0,100.0
MAJOR_LINE,6.0,0.06239052546254244,0.0,5.505998299347475,-1,5.505998299347475 < MAJOR_LINE <= 7.493770580251528,0.0,21.0
MINOR_LINE,3.0,-0.016634531323542305,3.5048260426015228,7.0,1,2.4972751068731913 < MINOR_LINE <= 3.5048260426015228,1.0,7.0
