feature,value,importance,left,right,rec,rule,min,max
MAJOR_LINE,10.0,0.13149015160590924,0.0,7.493770580251528,-1,7.493770580251528 < MAJOR_LINE <= 11.993562776583781,0.0,21.0
CountClassCoupled,31.0,0.127419159783099,0.0,23.495360010578608,-1,23.495360010578608 < CountClassCoupled <= 42.555205635341274,0.0,230.0
MINOR_LINE,5.0,-0.009338237309378274,5.498260151999511,7.0,1,3.5048260426015228 < MINOR_LINE <= 5.498260151999511,1.0,7.0
PercentLackOfCohesion,75.0,0.0016504271027216553,0.0,68.54770958067583,-1,68.54770958067583 < PercentLackOfCohesion <= 85.44043761153615,0.0,100.0
