feature,value,importance,left,right,rec,rule,min,max
MAJOR_LINE,8.0,0.1856151803762357,0.0,7.493770580251528,-1,7.493770580251528 < MAJOR_LINE <= 11.993562776583781,0.0,21.0
CountClassCoupled,36.0,0.12469755103790255,0.0,23.495360010578608,-1,23.495360010578608 < CountClassCoupled <= 42.555205635341274,0.0,230.0
MINOR_LINE,2.0,-0.0430318956008042,2.4972751068731913,7.0,1,1.5005580521741972 < MINOR_LINE <= 2.4972751068731913,1.0,7.0
PercentLackOfCohesion,100.0,0.036174209134890736,0.0,98.66083346177467,-1,PercentLackOfCohesion > 98.66083346177467,0.0,100.0
