feature,value,importance,left,right,rec,rule,min,max
MINOR_LINE,1.0,0.04048486326737338,1.0,1.0,-1,MINOR_LINE <= 1.5005580521741972,1.0,7.0
MAJOR_LINE,1.0,-0.026676845337511416,1.5086100861008611,21.0,1,0.5038021199295812 < MAJOR_LINE <= 1.5086100861008611,0.0,21.0
MAJOR_COMMIT,2.0,0.012267043819258226,0.0,1.5071982826582162,-1,1.5071982826582162 < MAJOR_COMMIT <= 2.504428889822858,0.0,10.0
PercentLackOfCohesion,63.0,0.003846576767866119,0.0,31.457154556395533,-1,31.457154556395533 < PercentLackOfCohesion <= 66.34431027230274,0.0,100.0
