feature,value,importance,left,right,rec,rule,min,max
MAJOR_LINE,10.0,0.13897281886943702,0.0,7.493770580251528,-1,7.493770580251528 < MAJOR_LINE <= 11.993562776583781,0.0,21.0
CountClassCoupled,37.0,0.10381016701015215,0.0,23.495360010578608,-1,23.495360010578608 < CountClassCoupled <= 42.555205635341274,0.0,230.0
PercentLackOfCohesion,100.0,0.03904205190441689,0.0,98.66083346177467,-1,PercentLackOfCohesion > 98.66083346177467,0.0,100.0
MINOR_LINE,3.0,-0.004666575160729391,3.5048260426015228,7.0,1,2.4972751068731913 < MINOR_LINE <= 3.5048260426015228,1.0,7.0
