feature,value,importance,min,max,rule,importance_ratio
CountOutput_Min,18.0,0.1875320119285801,0.0,38.0,15.987887612809864 < CountOutput_Min <= 19.009210866579913,0.2075178785372331
OWN_COMMIT,1.0,-0.153395716264692,0.333333333333333,1.0,OWN_COMMIT > 0.9368453960027526,0.16974357224979433
MaxNesting_Min,1.0,0.1151927190195262,0.0,2.0,0.5001685788621237 < MaxNesting_Min <= 1.5005099565797209,0.1274691634139322
CountInput_Min,2.0,0.09026399405234015,0.0,41.0,1.508087847462472 < CountInput_Min <= 2.4960264685273232,0.09988370711434984
AvgLineBlank,10.0,0.045515812035622584,0.0,15.0,AvgLineBlank > 4.498445654937915,0.05036657291944927
