feature,value,importance,min,max,rule,importance_ratio
CountDeclMethodPrivate,4.0,0.1562160955970292,0.0,21.0,2.499077003230803 < CountDeclMethodPrivate <= 16.49569590159254,0.16722891419336292
CountDeclMethodPublic,27.0,0.1349399386895772,0.0,129.0,17.486264821402255 < CountDeclMethodPublic <= 28.511725725366688,0.14445284490138094
OWN_COMMIT,1.0,-0.1187412926942989,0.333333333333333,1.0,OWN_COMMIT > 0.9368453960027526,0.1271122375149256
CountDeclMethodProtected,2.0,0.06257350401164195,0.0,40.0,1.4892007959924844 < CountDeclMethodProtected <= 2.4868551424828755,0.0669847693552259
MaxNesting_Min,0.0,-0.06031007843844224,0.0,2.0,MaxNesting_Min <= 0.5001685788621237,0.0645617783086434
