feature,value,importance,min,max,rule,importance_ratio
AvgEssential,1.0,-0.11389187306200868,0.0,4.0,0.49910882765132236 < AvgEssential <= 1.4994493045683956,0.12584244582841667
OWN_COMMIT,0.8,0.09229381362212052,0.333333333333333,1.0,0.788684349671894 < OWN_COMMIT <= 0.9368453960027526,0.10197812125467598
CountDeclMethodPublic,21.0,0.08468004706188888,0.0,129.0,17.486264821402255 < CountDeclMethodPublic <= 28.511725725366688,0.09356544895289987
CountClassCoupled,13.0,0.07785975686328982,0.0,72.0,10.530567416416119 < CountClassCoupled <= 13.472409202599035,0.08602951178042058
CountDeclMethodProtected,1.0,0.0635276937031706,0.0,40.0,0.49154644950209314 < CountDeclMethodProtected <= 1.4892007959924844,0.07019359800231646
