feature,value,importance,min,max,rule,importance_ratio
OWN_COMMIT,0.0,0.23775946019715852,0.333333333333333,1.0,OWN_COMMIT <= 0.5145864139598059,0.32367804773193815
MAJOR_LINE,4.0,0.09764146622761619,0.0,4.0,MAJOR_LINE > 2.501732967083082,0.13292593758427657
CountDeclMethodProtected,10.0,0.06287347707471119,0.0,40.0,5.513073326837062 < CountDeclMethodProtected <= 10.501345059289019,0.08559392041345366
ADEV,0.0,-0.04519253393082155,1.0,23.0,ADEV <= 2.508258838423875,0.06152365564195755
CountDeclMethodPrivate,0.0,-0.04029715891836959,0.0,21.0,CountDeclMethodPrivate <= 0.4980940962069478,0.0548592502566483
