feature,value,importance,min,max,rule,importance_ratio
OWN_COMMIT,0.0,0.22560104987686722,0.333333333333333,1.0,OWN_COMMIT <= 0.5145864139598059,0.26092946783218507
CountDeclClass,7.0,0.10753487247766451,1.0,18.0,CountDeclClass > 4.496092998674365,0.12437449676902419
CountDeclClassMethod,18.0,0.07996821042222542,0.0,45.0,CountDeclClassMethod > 8.49187964220207,0.09249098175895967
CountDeclMethodPublic,29.0,0.07845666920134126,0.0,129.0,28.511725725366688 < CountDeclMethodPublic <= 55.48663978166802,0.09074273791618065
CountDeclMethodProtected,7.0,0.061547578175225486,0.0,40.0,5.513073326837062 < CountDeclMethodProtected <= 10.501345059289019,0.07118573618512278
