feature,value,importance,min,max,rule,importance_ratio
MAJOR_LINE,7.0,0.11617272387476296,0.0,8.0,MAJOR_LINE > 6.499009783459988,0.16816348043843074
CountDeclMethodProtected,11.0,0.10709164490947438,0.0,41.0,5.5082303623629985 < CountDeclMethodProtected <= 35.992793397579746,0.15501834796666905
CountClassCoupled,23.0,0.10044887667012996,0.0,57.0,9.520684688706993 < CountClassCoupled <= 27.481650794907907,0.14540274294669678
Del_lines,17.0,0.05072033539186784,0.0,1022.0,5.790636054362064 < Del_lines <= 31.539975543465964,0.07341919724371633
CountLineComment,111.0,0.048507179586477586,16.0,1660.0,96.34853257472369 < CountLineComment <= 162.71438374811135,0.07021558825036815
