feature,value,importance,min,max,rule,importance_ratio
CountDeclInstanceVariable,35.0,0.09709257008924532,0.0,97.0,CountDeclInstanceVariable > 23.504434313555777,0.14841697109757673
CountClassBase,5.0,0.09449080227740608,0.0,6.0,CountClassBase > 4.501242798771322,0.1444398748297839
CountDeclMethodProtected,7.0,0.07767963296576554,0.0,33.0,6.4917412616368875 < CountDeclMethodProtected <= 7.494599378501313,0.11874210179165322
CountDeclClass,7.0,0.07384330205683753,0.0,72.0,6.49832044505783 < CountDeclClass <= 7.50009848389478,0.11287783624478645
CountDeclMethodPublic,49.0,0.06529455287187275,0.0,217.0,43.48930102784986 < CountDeclMethodPublic <= 71.96731990555539,0.09981010655610772
