feature,value,importance,min,max,rule,importance_ratio
Added_lines,3.0,-0.2930693812659283,6.0,17843.0,Added_lines <= 6.5761356021680655,0.3303978877672017
MaxInheritanceTree,3.0,0.0830203061171486,0.0,7.0,2.505604438664319 < MaxInheritanceTree <= 3.4981638542906017,0.09359467599245012
AvgLineComment,6.0,0.0659886933038662,0.0,72.0,5.5024963826059325 < AvgLineComment <= 11.482862578537805,0.07439373157966195
CountDeclMethodProtected,2.0,0.054630703000243024,0.0,91.0,1.4901518593036855 < CountDeclMethodProtected <= 2.4824224777223796,0.06158906399757724
OWN_LINE,0.968641114982578,-0.035442114099427165,0.281553398058252,1.0,OWN_LINE > 0.9680591083803126,0.03995640754374594
