feature,value,importance,min,max,rule,importance_ratio
Added_lines,11.0,0.1797912586581519,6.0,17843.0,6.5761356021680655 < Added_lines <= 24.088365210503166,0.2132122264776065
MAJOR_LINE,3.0,0.11569514459114127,0.0,10.0,2.503347321568387 < MAJOR_LINE <= 5.505000175998428,0.13720143879646504
CountClassCoupled,22.0,0.06376659474547866,0.0,126.0,20.500994623023644 < CountClassCoupled <= 42.45816087256249,0.07562001479965891
CountDeclClass,1.0,-0.05405071021292029,1.0,13.0,CountDeclClass <= 1.5005966587345618,0.06409806768806509
CountLineComment,270.0,0.05295376995992529,15.0,3202.0,146.26265667216038 < CountLineComment <= 442.57727842975316,0.06279721983039106
