feature,value,importance,min,max,rule,importance_ratio
Added_lines,179.0,0.2376877747932417,6.0,17843.0,24.088365210503166 < Added_lines <= 251.74735011885954,0.31440672086765004
MINOR_COMMIT,0.0,-0.06714576156861306,0.0,5.0,MINOR_COMMIT <= 0.5004848706369127,0.08881852982683976
CountLineComment,447.0,0.0600023174922855,15.0,3202.0,442.57727842975316 < CountLineComment <= 1279.9881660055592,0.07936938239090925
OWN_LINE,0.666131621187801,0.045584618724635706,0.281553398058252,1.0,0.571420709704031 < OWN_LINE <= 0.8116920473637016,0.06029805490703893
MaxInheritanceTree,3.0,0.03861505716245021,0.0,7.0,2.505604438664319 < MaxInheritanceTree <= 3.4981638542906017,0.05107891438305492
