feature,value,importance,min,max,rule,importance_ratio
Added_lines,59.0,0.24145648031949976,6.0,17843.0,24.088365210503166 < Added_lines <= 251.74735011885954,0.2884777746526244
MAJOR_LINE,4.0,0.11942146057488692,0.0,10.0,2.503347321568387 < MAJOR_LINE <= 5.505000175998428,0.14267762516385576
CountLineComment,296.0,0.06092528205843822,15.0,3202.0,146.26265667216038 < CountLineComment <= 442.57727842975316,0.07278988646337166
CountInput_Mean,10.4583333333333,0.03171235221565643,0.0,337.0,4.058734353009095 < CountInput_Mean <= 51.33476658246089,0.03788802348177848
OWN_LINE,0.75868544600939,0.031412057928014034,0.281553398058252,1.0,0.571420709704031 < OWN_LINE <= 0.8116920473637016,0.037529249810741176
