feature,value,importance,min,max,rule,importance_ratio
Added_lines,11.0,0.17866245530918884,6.0,17843.0,6.5761356021680655 < Added_lines <= 24.088365210503166,0.29047134018374055
MAJOR_LINE,2.0,0.03710998752412751,0.0,10.0,1.498903175727984 < MAJOR_LINE <= 2.503347321568387,0.060333816591072065
MaxNesting_Mean,0.923076923076923,0.035447864094399595,0.0,5.0,0.7556304811597957 < MaxNesting_Mean <= 2.486347451800019,0.05763151845379223
CountDeclClass,2.0,0.03215286154320529,1.0,13.0,1.5005966587345618 < CountDeclClass <= 2.498717478387095,0.05227446788993474
CountDeclClassVariable,2.0,0.030601234113525704,0.0,321.0,1.435282637894548 < CountDeclClassVariable <= 2.4883595385761863,0.04975181533719272
