feature,value,importance,min,max,rule,importance_ratio
Added_lines,66.0,0.23309196609622881,6.0,17843.0,24.088365210503166 < Added_lines <= 251.74735011885954,0.3420153209879002
MaxInheritanceTree,4.0,0.06181747343175757,0.0,7.0,3.4981638542906017 < MaxInheritanceTree <= 4.503613651938005,0.09070464062967816
CountDeclMethodProtected,3.0,0.04747744794942476,0.0,91.0,2.4824224777223796 < CountDeclMethodProtected <= 4.516577245480702,0.06966355328353614
OWN_LINE,0.793002915451895,0.04095728307938173,0.281553398058252,1.0,0.571420709704031 < OWN_LINE <= 0.8116920473637016,0.060096529939620565
CountClassCoupled,3.0,-0.035687418794760624,0.0,126.0,0.5399343961701559 < CountClassCoupled <= 6.5282524642262025,0.052364069850784754
