feature,value,importance,min,max,rule,importance_ratio
Added_lines,73.0,0.2516704549887072,6.0,17843.0,24.088365210503166 < Added_lines <= 251.74735011885954,0.31324077909497494
MAJOR_LINE,3.0,0.09404322235853582,0.0,10.0,2.503347321568387 < MAJOR_LINE <= 5.505000175998428,0.11705057807247002
CountDeclClass,1.0,-0.05692069198169562,1.0,13.0,CountDeclClass <= 1.5005966587345618,0.07084614641703366
OWN_LINE,0.622895622895623,0.04563380994215371,0.281553398058252,1.0,0.571420709704031 < OWN_LINE <= 0.8116920473637016,0.056797966928591785
CountInput_Mean,2.70588235294118,-0.037478860998848715,0.0,337.0,1.055543781056215 < CountInput_Mean <= 3.961857237784809,0.04664793735680427
