feature,value,importance,min,max,rule,importance_ratio
Added_lines,65.0,0.2454048385988745,6.0,17843.0,24.088365210503166 < Added_lines <= 251.74735011885954,0.2845426421920055
CountDeclMethodPublic,62.0,0.07050636026137266,0.0,201.0,CountDeclMethodPublic > 61.45617024326406,0.08175089845275939
CountClassCoupled,27.0,0.06911340041623393,0.0,126.0,20.500994623023644 < CountClassCoupled <= 42.45816087256249,0.08013578573914658
CountLineComment,366.0,0.06328494483236992,15.0,3202.0,146.26265667216038 < CountLineComment <= 442.57727842975316,0.07337779286011367
CountDeclClassMethod,25.0,0.04477427422704749,0.0,87.0,CountDeclClassMethod > 22.496979239989447,0.0519149922370436
