feature,value,importance,min,max,rule,importance_ratio
Added_lines,135.0,0.235000557787977,6.0,17843.0,24.088365210503166 < Added_lines <= 251.74735011885954,0.3716662747009981
CountDeclClass,1.0,-0.038621863059368086,1.0,13.0,CountDeclClass <= 1.5005966587345618,0.06108259529425605
MAJOR_LINE,0.0,-0.03814672137716528,0.0,10.0,MAJOR_LINE <= 0.49445902988758095,0.06033113265671282
MINOR_COMMIT,0.0,0.036270309775158716,0.0,5.0,MINOR_COMMIT <= 0.5004848706369127,0.05736348476477581
MaxNesting_Mean,1.2,0.02834333221637767,0.0,5.0,0.7556304811597957 < MaxNesting_Mean <= 2.486347451800019,0.04482653486711351
