feature,value,importance,min,max,rule,importance_ratio
Added_lines,440.0,0.21232748411805977,6.0,17843.0,251.74735011885954 < Added_lines <= 987.2609936689339,0.2131684548714547
MAJOR_LINE,6.0,0.13440601501814262,0.0,10.0,MAJOR_LINE > 5.505000175998428,0.13493836026859435
CountLineComment,659.0,0.11064154402562727,15.0,3202.0,442.57727842975316 < CountLineComment <= 1279.9881660055592,0.11107976474407309
CountInput_Mean,4.04761904761905,-0.10698958585778633,0.0,337.0,4.058734353009095 < CountInput_Mean <= 4.058734353009095,0.1074133421745814
CountDeclMethodPublic,57.0,0.07094167674450158,0.0,201.0,26.478380738109195 < CountDeclMethodPublic <= 61.45617024326406,0.07122265721006274
