feature,value,importance,min,max,rule,importance_ratio
Added_lines,354.0,0.2363300896628132,6.0,17843.0,251.74735011885954 < Added_lines <= 987.2609936689339,0.37288321786286727
MaxInheritanceTree,4.0,0.04888621266196786,0.0,7.0,3.4981638542906017 < MaxInheritanceTree <= 4.503613651938005,0.07713299780206258
MAJOR_LINE,0.0,-0.03823223754180453,0.0,10.0,MAJOR_LINE <= 0.49445902988758095,0.06032308362014222
OWN_LINE,1.0,-0.03421819713825214,0.281553398058252,1.0,OWN_LINE > 0.9680591083803126,0.053989703454951625
CountDeclMethodProtected,1.0,0.032582457704445726,0.0,91.0,0.49788124088499186 < CountDeclMethodProtected <= 1.4901518593036855,0.051408822685460286
