feature,value,importance,min,max,rule,importance_ratio
Added_lines,5.0,-0.27183246450776444,6.0,17843.0,Added_lines <= 6.5761356021680655,0.3566177165294005
MAJOR_LINE,0.0,-0.0708552479768513,0.0,10.0,MAJOR_LINE <= 0.49445902988758095,0.0929551839342846
CountOutput_Min,2.0,0.05689882195666765,0.0,27.0,1.4984036216597458 < CountOutput_Min <= 3.498683594324091,0.07464571237340252
CountDeclMethodDefault,0.0,-0.030848719874915824,0.0,98.0,CountDeclMethodDefault <= 0.5251436229312023,0.040470515762599
RatioCommentToCode,1.06,0.02936832654478652,0.05,29.08,0.9459632076624618 < RatioCommentToCode <= 1.3722017409114182,0.03852838390608196
