feature,value,importance,min,max,rule,importance_ratio
MAJOR_LINE,3.0,0.12324277315835676,0.0,10.0,2.503347321568387 < MAJOR_LINE <= 5.505000175998428,0.12315336081337884
CountDeclMethodPrivate,28.0,0.11422299118095341,0.0,151.0,15.520842865118082 < CountDeclMethodPrivate <= 29.521787640350414,0.11414012266679917
Added_lines,2600.0,0.10786216122983275,6.0,17843.0,Added_lines > 987.2609936689339,0.107783907482998
CountLineComment,516.0,0.1044447445276837,15.0,3202.0,442.57727842975316 < CountLineComment <= 1279.9881660055592,0.10436897010870952
MaxInheritanceTree,4.0,0.061205103489562665,0.0,7.0,3.4981638542906017 < MaxInheritanceTree <= 4.503613651938005,0.06116069932948598
