feature,value,importance,min,max,rule,importance_ratio
Added_lines,761.0,0.18913441643761278,6.0,17843.0,251.74735011885954 < Added_lines <= 987.2609936689339,0.23343644235987554
MaxInheritanceTree,4.0,0.09954740170901022,0.0,7.0,3.4981638542906017 < MaxInheritanceTree <= 4.503613651938005,0.12286495360713973
CountLineComment,142.0,0.07622876778315828,15.0,3202.0,137.67382705599826 < CountLineComment <= 146.26265667216038,0.09408426394276698
RatioCommentToCode,0.29,0.05932050453387901,0.05,29.08,RatioCommentToCode <= 0.30660540778902723,0.07321548239714104
CountDeclMethodPrivate,4.0,0.04838345648764165,0.0,151.0,1.5198980898857455 < CountDeclMethodPrivate <= 5.5111176411963205,0.05971658762208653
