feature,value,importance,min,max,rule,importance_ratio
Added_lines,352.0,0.22180959143083995,6.0,17843.0,251.74735011885954 < Added_lines <= 987.2609936689339,0.3472149631255523
MaxInheritanceTree,4.0,0.05670125839558978,0.0,7.0,3.4981638542906017 < MaxInheritanceTree <= 4.503613651938005,0.08875867457307711
CountDeclClass,1.0,-0.05651121241522886,1.0,13.0,CountDeclClass <= 1.5005966587345618,0.08846118154025778
OWN_LINE,0.994152046783626,-0.03581282165510794,0.281553398058252,1.0,OWN_LINE > 0.9680591083803126,0.05606045919920207
MAJOR_LINE,1.0,-0.03358794342078854,0.0,10.0,0.49445902988758095 < MAJOR_LINE <= 1.498903175727984,0.05257769270067162
