feature,value,importance,min,max,rule,importance_ratio
Added_lines,7.0,0.17666350342173562,6.0,17843.0,6.5761356021680655 < Added_lines <= 24.088365210503166,0.2260592460619541
MAJOR_LINE,4.0,0.12001792866102012,0.0,10.0,2.503347321568387 < MAJOR_LINE <= 5.505000175998428,0.15357536752941778
CountLineComment,221.0,0.06891327660542426,15.0,3202.0,146.26265667216038 < CountLineComment <= 442.57727842975316,0.0881816733583719
MINOR_COMMIT,0.0,0.046211436898435265,0.0,5.0,MINOR_COMMIT <= 0.5004848706369127,0.05913231868702183
MaxNesting_Mean,0.0,-0.04371840005269323,0.0,5.0,MaxNesting_Mean <= 0.006994768278210439,0.05594221988994467
