feature,value,importance,min,max,rule,importance_ratio
Added_lines,26.0,0.2485417963436519,6.0,17843.0,24.088365210503166 < Added_lines <= 251.74735011885954,0.26881799092086306
MAJOR_LINE,4.0,0.11989812050084608,0.0,10.0,2.503347321568387 < MAJOR_LINE <= 5.505000175998428,0.12967948386298933
CountLineComment,344.0,0.08267037980143783,15.0,3202.0,146.26265667216038 < CountLineComment <= 442.57727842975316,0.0894146808859452
CountClassCoupled,22.0,0.05707932443408776,0.0,126.0,20.500994623023644 < CountClassCoupled <= 42.45816087256249,0.06173589127953329
OWN_LINE,0.685931558935361,0.0457932072781194,0.281553398058252,1.0,0.571420709704031 < OWN_LINE <= 0.8116920473637016,0.0495290456551861
