feature,value,importance,min,max,rule,importance_ratio
Added_lines,73.0,0.24583023930919418,6.0,17843.0,24.088365210503166 < Added_lines <= 251.74735011885954,0.2672737150012637
MAJOR_LINE,3.0,0.11384743926619854,0.0,10.0,2.503347321568387 < MAJOR_LINE <= 5.505000175998428,0.12377821427324945
MaxInheritanceTree,6.0,0.05398039074709892,0.0,7.0,MaxInheritanceTree > 4.503613651938005,0.05868903521690291
CountLineComment,147.0,0.05291670809015921,15.0,3202.0,146.26265667216038 < CountLineComment <= 442.57727842975316,0.057532568802919085
CountDeclClass,1.0,-0.04583038911381295,1.0,13.0,CountDeclClass <= 1.5005966587345618,0.049828118757170865
