feature,value,importance,min,max,rule,importance_ratio
Added_lines,133.0,0.2600390255482674,6.0,17843.0,24.088365210503166 < Added_lines <= 251.74735011885954,0.3370788905135113
MAJOR_LINE,3.0,0.07066120246391529,0.0,10.0,2.503347321568387 < MAJOR_LINE <= 5.505000175998428,0.09159548140387136
MaxNesting_Mean,1.0,0.05240635357018319,0.0,5.0,0.7556304811597957 < MaxNesting_Mean <= 2.486347451800019,0.06793240160799334
CountDeclClassVariable,1.0,0.04769047320760028,0.0,321.0,0.5326452944531437 < CountDeclClassVariable <= 1.435282637894548,0.061819381775441926
CountDeclInstanceVariable,20.0,0.040953743016523964,0.0,1095.0,16.41644128235478 < CountDeclInstanceVariable <= 21.376447020001596,0.05308680967896873
