feature,value,importance,min,max,rule,importance_ratio
Added_lines,21.0,0.17782131526294154,6.0,17843.0,6.5761356021680655 < Added_lines <= 24.088365210503166,0.3068903676400432
MaxInheritanceTree,1.0,-0.040193737934189164,0.0,7.0,0.49470484336951337 < MaxInheritanceTree <= 1.5001546410169164,0.06936778638270216
MAJOR_LINE,1.0,-0.03987942220784899,0.0,10.0,0.49445902988758095 < MAJOR_LINE <= 1.498903175727984,0.06882532909253451
MaxNesting_Mean,2.77777777777778,0.03675550639883994,0.0,5.0,MaxNesting_Mean > 2.486347451800019,0.0634339637790696
CountInput_Mean,5.0,0.027572684447054404,0.0,337.0,4.058734353009095 < CountInput_Mean <= 51.33476658246089,0.04758592216162113
