feature,value,importance,min,max,rule,importance_ratio
Added_lines,52.0,0.24026727347782756,6.0,17843.0,24.088365210503166 < Added_lines <= 251.74735011885954,0.2922557446434783
MAJOR_LINE,4.0,0.1140674805524613,0.0,10.0,2.503347321568387 < MAJOR_LINE <= 5.505000175998428,0.13874913543538198
CountLineComment,148.0,0.06585532756483672,15.0,3202.0,146.26265667216038 < CountLineComment <= 442.57727842975316,0.08010494944904621
CountDeclMethodPublic,27.0,0.0585463420933281,0.0,201.0,26.478380738109195 < CountDeclMethodPublic <= 61.45617024326406,0.07121446278124274
CountDeclClass,13.0,0.05217439970776395,1.0,13.0,CountDeclClass > 4.500762145713396,0.06346377439258774
