feature,value,importance,min,max,rule,importance_ratio
Added_lines,58.0,0.24602911260261293,6.0,17843.0,24.088365210503166 < Added_lines <= 251.74735011885954,0.3724994897046473
MAJOR_LINE,3.0,0.1264452905411024,0.0,10.0,2.503347321568387 < MAJOR_LINE <= 5.505000175998428,0.19144403564221238
CountDeclClass,1.0,-0.03704813785953837,1.0,13.0,CountDeclClass <= 1.5005966587345618,0.05609259937248135
CountDeclMethodPrivate,0.0,-0.028887827516337852,0.0,151.0,CountDeclMethodPrivate <= 0.5062550292354409,0.04373751095827607
MaxNesting_Mean,1.0,0.026175586661256287,0.0,5.0,0.7556304811597957 < MaxNesting_Mean <= 2.486347451800019,0.03963105248355957
