feature,value,importance,min,max,rule,importance_ratio
Added_lines,273.0,0.20563047646412902,6.0,17843.0,251.74735011885954 < Added_lines <= 987.2609936689339,0.2296243212927074
MAJOR_LINE,5.0,0.10886430741882595,0.0,10.0,2.503347321568387 < MAJOR_LINE <= 5.505000175998428,0.1215670611375026
MINOR_COMMIT,0.0,0.08479305092365326,0.0,5.0,MINOR_COMMIT <= 0.5004848706369127,0.094687067323303
CountLineComment,288.0,0.06478018333152694,15.0,3202.0,146.26265667216038 < CountLineComment <= 442.57727842975316,0.07233901261379366
CountDeclClass,1.0,-0.05591785667011925,1.0,13.0,CountDeclClass <= 1.5005966587345618,0.06244259171504133
