feature,value,importance,min,max,rule,importance_ratio
Added_lines,0.0,-0.2886736309120143,6.0,17843.0,Added_lines <= 6.5761356021680655,0.3259299015383204
OWN_LINE,0.478260869565217,0.12531342433352155,0.281553398058252,1.0,0.441750463982939 < OWN_LINE <= 0.571420709704031,0.1414863973734519
CountDeclClassVariable,21.0,0.08672166322897355,0.0,321.0,10.46165607230859 < CountDeclClassVariable <= 159.54725729738055,0.09791397665301046
CountDeclClassMethod,0.0,-0.04935506644451404,0.0,87.0,CountDeclClassMethod <= 0.5030580109254676,0.055724840179741636
CountInput_Mean,0.0,0.035589575691470636,0.0,337.0,CountInput_Mean <= 0.8617895506076416,0.04018277271901961
