feature,value,importance,min,max,rule,importance_ratio
Added_lines,78.0,0.24349152752075962,6.0,17843.0,24.088365210503166 < Added_lines <= 251.74735011885954,0.2485531769269424
MAJOR_LINE,4.0,0.12147048916836059,0.0,10.0,2.503347321568387 < MAJOR_LINE <= 5.505000175998428,0.12399559152254967
CountLineComment,568.0,0.08563660655750367,15.0,3202.0,442.57727842975316 < CountLineComment <= 1279.9881660055592,0.08741680188151692
CountDeclMethodPublic,48.0,0.05775449548311631,0.0,201.0,26.478380738109195 < CountDeclMethodPublic <= 61.45617024326406,0.0589550834901942
CountClassCoupled,42.0,0.0558882557961124,0.0,126.0,20.500994623023644 < CountClassCoupled <= 42.45816087256249,0.05705004881471699
