feature,value,importance,min,max,rule,importance_ratio
MINOR_COMMIT,0.0,-0.07750102395722071,0.0,1.0,MINOR_COMMIT <= 0.5001844411582251,0.16280793911520666
MINOR_LINE,3.0,0.06297165355238768,1.0,7.0,2.4979493036941283 < MINOR_LINE <= 3.4962585775144284,0.1322858023553355
RatioCommentToCode,0.29,0.04144252311857284,0.0,43.0,0.23823116827760005 < RatioCommentToCode <= 0.3663808634794856,0.08705913078507813
CountDeclInstanceVariable,7.0,-0.03367790940622741,0.0,1245.0,4.297534098331588 < CountDeclInstanceVariable <= 8.40266935989791,0.07074785266273463
MaxNesting_Mean,1.5,-0.0329523537356147,0.0,4.0,MaxNesting_Mean > 0.7586050215871603,0.06922366346607303
