feature,value,importance,min,max,rule,importance_ratio
MINOR_COMMIT,0.0,-0.07762150454535889,0.0,1.0,MINOR_COMMIT <= 0.5001844411582251,0.13019345386692346
MINOR_LINE,3.0,0.0646617313645586,1.0,7.0,2.4979493036941283 < MINOR_LINE <= 3.4962585775144284,0.10845620925123405
CountClassCoupled,50.0,0.05971969975813828,0.0,207.0,17.521480766172985 < CountClassCoupled <= 59.045190785127026,0.10016700939962112
CountInput_Mean,9.88888888888889,0.03980362838815436,0.0,37.75,4.40326237884732 < CountInput_Mean <= 13.536697610675194,0.06676206402648492
OWN_COMMIT,0.0,-0.03902746052850807,0.0,1.0,OWN_COMMIT <= 0.1422783512174683,0.06546020863190419
