feature,value,importance,min,max,rule,importance_ratio
CountLineComment,119.0,0.09218326595470343,0.0,3673.0,CountLineComment > 115.54619362143157,0.14680407979004018
MINOR_COMMIT,0.0,-0.08564154515141312,0.0,1.0,MINOR_COMMIT <= 0.5001844411582251,0.13638623124861088
MINOR_LINE,3.0,0.06422858823696083,1.0,7.0,2.4979493036941283 < MINOR_LINE <= 3.4962585775144284,0.10228557965144802
CountClassCoupled,23.0,0.05663386074268308,0.0,207.0,17.521480766172985 < CountClassCoupled <= 59.045190785127026,0.09019079249559465
RatioCommentToCode,0.34,0.04313342114438858,0.0,43.0,0.23823116827760005 < RatioCommentToCode <= 0.3663808634794856,0.06869101602897966
