feature,value,importance,min,max,rule,importance_ratio
CountLineComment,20.0,-0.08119351515673208,0.0,3673.0,13.418443119147476 < CountLineComment <= 24.029118496008167,0.17712942746499552
MINOR_COMMIT,0.0,-0.07719040359427887,0.0,1.0,MINOR_COMMIT <= 0.5001844411582251,0.16839635490658875
CountInput_Mean,1.55555555555556,-0.039550386123055566,0.0,37.75,1.0785390936212744 < CountInput_Mean <= 3.103945232896912,0.08628197998908142
RatioCommentToCode,0.31,0.03951814979719267,0.0,43.0,0.23823116827760005 < RatioCommentToCode <= 0.3663808634794856,0.08621165415169592
PercentLackOfCohesion,0.0,0.029805694150588494,0.0,100.0,PercentLackOfCohesion <= 4.428887024983929,0.06502324144852305
