feature,value,importance,min,max,rule,importance_ratio
OWN_COMMIT,0.5,0.07055133496231718,0.0,1.0,0.47314245730383975 < OWN_COMMIT <= 0.8757602249511109,0.12800892617738785
MINOR_COMMIT,0.0,-0.06746731299733776,0.0,1.0,MINOR_COMMIT <= 0.5001844411582251,0.12241325119469115
MINOR_LINE,3.0,0.0642603639559375,1.0,7.0,2.4979493036941283 < MINOR_LINE <= 3.4962585775144284,0.11659453630694996
MaxInheritanceTree,4.0,0.05655747008825467,0.0,5.0,3.500166560500352 < MaxInheritanceTree <= 4.499015106802943,0.10261834190911005
RatioCommentToCode,0.3,0.04189941984066854,0.0,43.0,0.23823116827760005 < RatioCommentToCode <= 0.3663808634794856,0.07602265420100508
