feature,value,importance,min,max,rule,importance_ratio
MINOR_COMMIT,0.0,-0.07281722535368235,0.0,1.0,MINOR_COMMIT <= 0.5001844411582251,0.15574577055504535
MINOR_LINE,3.0,0.06436230205479894,1.0,7.0,2.4979493036941283 < MINOR_LINE <= 3.4962585775144284,0.13766188260446155
OWN_COMMIT,0.0,-0.04123588352618623,0.0,1.0,OWN_COMMIT <= 0.1422783512174683,0.08819773649860994
RatioCommentToCode,0.37,0.040424107368611455,0.0,43.0,0.23823116827760005 < RatioCommentToCode <= 0.3663808634794856,0.08646146183879412
CountDeclInstanceVariable,5.0,-0.033003089405657465,0.0,1245.0,4.297534098331588 < CountDeclInstanceVariable <= 8.40266935989791,0.07058895151820342
