feature,value,importance,min,max,rule,importance_ratio
RatioCommentToCode,0.23,0.10532057751720907,0.0,43.0,0.1741563206766571 < RatioCommentToCode <= 0.23823116827760005,0.13101353480910038
CountLineComment,177.0,0.08753655462734895,0.0,3673.0,CountLineComment > 115.54619362143157,0.10889109912889516
MINOR_COMMIT,0.0,-0.07046863530535107,0.0,1.0,MINOR_COMMIT <= 0.5001844411582251,0.08765946049829508
OWN_COMMIT,0.571428571428571,0.06665943714212025,0.0,1.0,0.47314245730383975 < OWN_COMMIT <= 0.8757602249511109,0.08292100835610418
CountClassCoupled,26.0,0.06093598655703139,0.0,207.0,17.521480766172985 < CountClassCoupled <= 59.045190785127026,0.07580132187000244
