feature,value,importance,min,max,rule,importance_ratio
RatioCommentToCode,0.23,0.10643528450579183,0.0,43.0,0.1741563206766571 < RatioCommentToCode <= 0.23823116827760005,0.16888248522937657
CountLineComment,22.0,-0.08354925945903377,0.0,3673.0,13.418443119147476 < CountLineComment <= 24.029118496008167,0.13256888110021264
MINOR_LINE,3.0,0.06393217845440799,1.0,7.0,2.4979493036941283 < MINOR_LINE <= 3.4962585775144284,0.10144216021634149
MINOR_COMMIT,0.0,-0.05934606615151036,0.0,1.0,MINOR_COMMIT <= 0.5001844411582251,0.09416530605232387
MaxNesting_Mean,0.523809523809524,0.05715977203418327,0.0,4.0,0.42312557744197726 < MaxNesting_Mean <= 0.7138744290344692,0.0906962799141312
