feature,value,importance,min,max,rule,importance_ratio
CountLineComment,216.0,0.0932643010385991,0.0,3673.0,CountLineComment > 115.54619362143157,0.1397271173440843
MINOR_COMMIT,0.0,-0.08932174886127962,0.0,1.0,MINOR_COMMIT <= 0.5001844411582251,0.13382044732585832
MINOR_LINE,4.0,0.0695156416797209,1.0,7.0,3.4962585775144284 < MINOR_LINE <= 4.494567851334727,0.10414724727537161
CountClassCoupled,31.0,0.05424665701983682,0.0,207.0,17.521480766172985 < CountClassCoupled <= 59.045190785127026,0.08127149323510212
CountClassDerived,7.0,-0.04355563917260902,0.0,104.0,CountClassDerived > 4.478830716971378,0.06525437748307333
