feature,value,importance,left,right,rec,rule,min,max
CountClassCoupled,43.0,0.1389457252329322,0.0,38.52109038952732,-1,38.52109038952732 < CountClassCoupled <= 52.51795645356438,0.0,70.0
MAJOR_LINE,2.0,0.010691739156163714,0.0,1.49744594202223,-1,1.49744594202223 < MAJOR_LINE <= 2.4977331463124495,0.0,4.0
CountDeclInstanceVariable,10.0,0.00601015535730478,0.0,6.5096655502956775,-1,6.5096655502956775 < CountDeclInstanceVariable <= 10.490012821429584,0.0,68.0
CountDeclMethodPublic,36.0,0.003878154449125128,0.0,19.495309567525048,-1,19.495309567525048 < CountDeclMethodPublic <= 71.96116224848815,0.0,143.0
