feature,value,importance,left,right,rec,rule,min,max
CountClassCoupled,49.0,0.1535801276175171,0.0,38.52109038952732,-1,38.52109038952732 < CountClassCoupled <= 52.51795645356438,0.0,70.0
CountDeclInstanceVariable,19.0,0.016576909627046176,0.0,10.490012821429584,-1,10.490012821429584 < CountDeclInstanceVariable <= 21.475771289759166,0.0,68.0
MAJOR_LINE,2.0,0.012189803003731035,0.0,1.49744594202223,-1,1.49744594202223 < MAJOR_LINE <= 2.4977331463124495,0.0,4.0
CountDeclMethodPublic,12.0,0.009644005787086194,0.0,10.532393067860523,-1,10.532393067860523 < CountDeclMethodPublic <= 13.483597281164696,0.0,143.0
PercentLackOfCohesion,91.0,0.0025735532724804415,0.0,89.61016607129046,-1,89.61016607129046 < PercentLackOfCohesion <= 99.18496332866201,0.0,100.0
