feature,value,importance,left,right,rec,rule,min,max
MAJOR_LINE,3.0,0.098210919825812,0.0,2.4977331463124495,-1,2.4977331463124495 < MAJOR_LINE <= 3.4980203506026695,0.0,4.0
CountClassCoupled,14.0,0.02431156075940705,0.0,9.4837322829943,-1,9.4837322829943 < CountClassCoupled <= 27.470932970550695,0.0,70.0
CountDeclInstanceVariable,20.0,0.02039846045121962,0.0,10.490012821429584,-1,10.490012821429584 < CountDeclInstanceVariable <= 21.475771289759166,0.0,68.0
CountDeclMethodPublic,36.0,0.006189757553847118,0.0,19.495309567525048,-1,19.495309567525048 < CountDeclMethodPublic <= 71.96116224848815,0.0,143.0
PercentLackOfCohesion,93.0,0.00587088258320795,0.0,89.61016607129046,-1,89.61016607129046 < PercentLackOfCohesion <= 99.18496332866201,0.0,100.0
