Antecedent,Antecedent Coverage %,Confidence,Lift
0.67 < MAJOR_COMMIT <= 1.165,0.22108,1.0,1.06918
MINOR_LINE <= 1.145,0.20441,1.0,1.06918
1.66 < CountClassCoupled <= 2.57,0.21961,0.99777,1.0668
1.86 < MINOR_LINE <= 2.15,0.21961,0.99554,1.06441
1.8 < CountDeclMethodPublic <= 3.96,0.21471,0.99543,1.0643
0.62 < CountClassCoupled <= 1.66,0.18578,0.99208,1.06072
0.74 < CountDeclInstanceVariable <= 1.47,0.21029,0.99068,1.05921
1.145 < MINOR_LINE <= 1.86,0.18824,0.98958,1.05805
CountInput_Min > 1.52,0.20098,0.9878,1.05614
