feature,value,importance,left,right,rec,rule,min,max
CountClassCoupled,18.0,0.10321618488081573,0.0,13.490513641296767,-1,13.490513641296767 < CountClassCoupled <= 18.559808795198578,0.0,157.0
CountLineComment,163.0,0.0714278257313685,0.0,139.18550424206813,-1,139.18550424206813 < CountLineComment <= 1032.9057587741202,0.0,1197.0
PercentLackOfCohesion,88.0,0.019071750269274608,0.0,85.52769820940573,-1,85.52769820940573 < PercentLackOfCohesion <= 90.5689169766835,0.0,100.0
OWN_COMMIT,0.555555555555556,0.01151151461872442,0.0,0.12329842411646136,-1,0.12329842411646136 < OWN_COMMIT <= 0.7789110271276085,0.0,1.0
