feature,value,importance,left,right,rec,rule,min,max
PercentLackOfCohesion,16.0,-0.02618700794636798,36.66665477271357,100.0,1,PercentLackOfCohesion <= 36.66665477271357,0.0,100.0
CountLineComment,38.0,0.015296883422435563,0.0,36.18870539853764,-1,36.18870539853764 < CountLineComment <= 69.43964045826009,0.0,1197.0
MaxNesting_Mean,0.682291666666667,-0.0002957067737756192,2.231527148651975,3.0,1,0.5084855571093213 < MaxNesting_Mean <= 2.231527148651975,0.0,3.0
OWN_COMMIT,0.8,6.219054354810613e-05,0.0,0.7789110271276085,-1,0.7789110271276085 < OWN_COMMIT <= 0.895154396455826,0.0,1.0
