feature,value,importance,left,right,rec,rule,min,max
OWN_COMMIT,0.0,0.3634333984416788,0.333333333333333,0.333333333333333,-1,OWN_COMMIT <= 0.5145864139598059,0.333333333333333,1.0
ADEV,0.0,-0.031930466330665506,2.508258838423875,23.0,1,ADEV <= 2.508258838423875,1.0,23.0
CountDeclInstanceVariable,1.0,-0.007346802378616312,1.4842396395859927,68.0,1,0.5180971424805096 < CountDeclInstanceVariable <= 1.4842396395859927,0.0,68.0
