feature,value,importance,left,right,rec,rule,min,max
OWN_COMMIT,0.8,0.05781938867596414,0.333333333333333,0.788684349671894,-1,0.788684349671894 < OWN_COMMIT <= 0.9368453960027526,0.333333333333333,1.0
ADEV,5.0,0.02424898191770837,1.0,4.494591233769761,-1,4.494591233769761 < ADEV <= 5.497789413237381,1.0,23.0
CountDeclClassVariable,1.0,-0.015281975362858195,1.499011836653526,23.0,1,0.4984295886989145 < CountDeclClassVariable <= 1.499011836653526,0.0,23.0
