feature,value,importance,left,right,rec,rule,min,max
OWN_COMMIT,0.0,0.2823636636377151,0.333333333333333,0.333333333333333,-1,OWN_COMMIT <= 0.5145864139598059,0.333333333333333,1.0
ADEV,0.0,-0.04321199605987011,2.508258838423875,23.0,1,ADEV <= 2.508258838423875,1.0,23.0
CountDeclClassVariable,1.0,-0.012500373029714948,1.499011836653526,23.0,1,0.4984295886989145 < CountDeclClassVariable <= 1.499011836653526,0.0,23.0
