feature,value,importance,left,right,rec,rule,min,max
OWN_COMMIT,0.5,0.34278178895611494,0.333333333333333,0.333333333333333,-1,OWN_COMMIT <= 0.5145864139598059,0.333333333333333,1.0
ADEV,2.0,-0.032094806583179286,2.508258838423875,23.0,1,ADEV <= 2.508258838423875,1.0,23.0
CountDeclClassVariable,1.0,-0.022614574424626287,1.499011836653526,23.0,1,0.4984295886989145 < CountDeclClassVariable <= 1.499011836653526,0.0,23.0
CountDeclInstanceVariable,1.0,-0.021402491998632093,1.4842396395859927,68.0,1,0.5180971424805096 < CountDeclInstanceVariable <= 1.4842396395859927,0.0,68.0
