feature,value,importance,left,right,rec,rule,min,max
OWN_COMMIT,0.0,0.28550316888562066,0.333333333333333,0.333333333333333,-1,OWN_COMMIT <= 0.5145864139598059,0.333333333333333,1.0
ADEV,0.0,-0.03766321001633222,2.508258838423875,23.0,1,ADEV <= 2.508258838423875,1.0,23.0
CountDeclInstanceVariable,1.0000000000000002,-0.021166533038524917,1.4842396395859927,68.0,1,0.5180971424805096 < CountDeclInstanceVariable <= 1.4842396395859927,0.0,68.0
