feature,value,importance,left,right,rec,rule,min,max
OWN_COMMIT,0.0,0.3068022817538356,0.333333333333333,0.333333333333333,-1,OWN_COMMIT <= 0.5145864139598059,0.333333333333333,1.0
ADEV,0.0,-0.03611218754740834,2.508258838423875,23.0,1,ADEV <= 2.508258838423875,1.0,23.0
CountDeclInstanceVariable,6.0,-0.004914409906542588,8.50148514487845,68.0,1,5.50135844334037 < CountDeclInstanceVariable <= 8.50148514487845,0.0,68.0
