feature,value,importance,left,right,rec,rule,min,max
OWN_COMMIT,0.0,0.31482337911071406,0.333333333333333,0.333333333333333,-1,OWN_COMMIT <= 0.5145864139598059,0.333333333333333,1.0
ADEV,0.0,-0.041456798682666454,2.508258838423875,23.0,1,ADEV <= 2.508258838423875,1.0,23.0
CountDeclClassVariable,1.0,-0.023408472340114502,1.499011836653526,23.0,1,0.4984295886989145 < CountDeclClassVariable <= 1.499011836653526,0.0,23.0
