feature,value,importance,left,right,rec,rule,min,max
OWN_COMMIT,1.0,-0.29705410181741715,1.0,1.0,1,OWN_COMMIT > 0.9368453960027526,0.333333333333333,1.0
ADEV,2.0,-0.04351137814901929,2.508258838423875,23.0,1,ADEV <= 2.508258838423875,1.0,23.0
CountDeclClassVariable,2.0,-0.011969333464400123,2.4995940846081375,23.0,1,1.499011836653526 < CountDeclClassVariable <= 2.4995940846081375,0.0,23.0
