feature,value,importance,min,max,rule,importance_ratio
CountDeclMethodPrivate,4.0,0.15557183062564003,0.0,20.0,3.5025096562010516 < CountDeclMethodPrivate <= 5.498850463021016,0.2444519498148424
CountLineComment,109.0,0.13204067605806902,16.0,1598.0,94.3676611525578 < CountLineComment <= 115.43672342414604,0.20747715436309347
AvgCyclomaticModified,5.0,0.05912073194738998,0.0,24.0,2.4999922767974363 < AvgCyclomaticModified <= 9.001624012737079,0.09289714044567036
MAJOR_LINE,3.0,0.0533368176786179,0.0,12.0,2.4969824538878993 < MAJOR_LINE <= 3.5014293806683363,0.0838088041133331
CountClassCoupled,11.0,0.04213142229780252,0.0,110.0,8.490710567615114 < CountClassCoupled <= 16.51791080861062,0.06620162716959725
