feature,value,importance,min,max,rule,importance_ratio
CountLineComment,111.0,0.11067043888009347,16.0,1598.0,94.3676611525578 < CountLineComment <= 115.43672342414604,0.17026689543795384
CountDeclMethodPrivate,6.0,0.1071535409503016,0.0,20.0,CountDeclMethodPrivate > 5.498850463021016,0.16485613446024946
CountClassCoupled,21.0,0.07189394709938163,0.0,110.0,16.51791080861062 < CountClassCoupled <= 30.5140548185515,0.1106091138452514
AvgCyclomaticModified,4.0,0.062461467537198084,0.0,24.0,2.4999922767974363 < AvgCyclomaticModified <= 9.001624012737079,0.09609720779710594
MAJOR_LINE,6.0,0.04188080744818052,0.0,12.0,4.495303181903716 < MAJOR_LINE <= 9.496391564715786,0.06443378317458795
