feature,value,importance,min,max,rule,importance_ratio
MINOR_COMMIT,4.0,0.3418981224094733,0.0,5.0,2.4994820872250076 < MINOR_COMMIT <= 4.499426426243896,0.23306556072247936
CountLineComment,578.0,0.18981767235444513,16.0,1556.0,CountLineComment > 322.38930839430543,0.1293951599691465
CountDeclMethodProtected,11.0,0.18528246759644995,0.0,39.0,5.508559335514258 < CountDeclMethodProtected <= 34.9959109273487,0.12630359563862498
CountClassCoupled,30.0,0.1452984036990057,0.0,53.0,CountClassCoupled > 27.984016563916185,0.09904720649396474
Del_lines,470.0,0.13394050222547982,0.0,2007.0,Del_lines > 266.42051875541904,0.09130473731366415
