feature,value,importance,min,max,rule,importance_ratio
MAJOR_LINE,3.0,0.28753025456321896,0.0,10.0,2.503347321568387 < MAJOR_LINE <= 5.505000175998428,0.2162509615255659
MINOR_COMMIT,0.0,-0.21288957469588693,0.0,5.0,MINOR_COMMIT <= 0.5004848706369127,0.1601138471382395
CountDeclClass,1.0,-0.18739896712726836,1.0,13.0,CountDeclClass <= 1.5005966587345618,0.14094240931873647
OWN_LINE,0.786427145708583,0.11839987131291767,0.281553398058252,1.0,0.571420709704031 < OWN_LINE <= 0.8116920473637016,0.0890483196448886
MaxInheritanceTree,3.0,0.07006577083983871,0.0,7.0,2.505604438664319 < MaxInheritanceTree <= 3.4981638542906017,0.052696333946359274
