feature,value,importance,min,max,rule,importance_ratio
MAJOR_LINE,5.0,0.2886022706882318,0.0,10.0,2.503347321568387 < MAJOR_LINE <= 5.505000175998428,0.1941398059615957
MINOR_COMMIT,0.0,-0.20193804216953026,0.0,5.0,MINOR_COMMIT <= 0.5004848706369127,0.13584166274772053
CountClassDerived,19.0,0.16735941438650198,0.0,49.0,8.495840489379086 < CountClassDerived <= 34.511990049447526,0.11258097227495811
CountLineComment,717.0,0.15505363912415207,15.0,3202.0,442.57727842975316 < CountLineComment <= 1279.9881660055592,0.10430300268053165
CountDeclClass,1.0,-0.1436912889911611,1.0,13.0,CountDeclClass <= 1.5005966587345618,0.09665966555492211
