feature,value,importance,min,max,rule,importance_ratio
OWN_LINE,0.566326530612245,0.2571952200586869,0.281553398058252,1.0,0.441750463982939 < OWN_LINE <= 0.571420709704031,0.20980318019409086
MINOR_COMMIT,0.0,-0.1843746046342091,0.0,5.0,MINOR_COMMIT <= 0.5004848706369127,0.15040084489306868
CountDeclClass,1.0,-0.1447970092163018,1.0,13.0,CountDeclClass <= 1.5005966587345618,0.11811600934590206
MaxInheritanceTree,3.0,0.07423926039730397,0.0,7.0,2.505604438664319 < MaxInheritanceTree <= 3.4981638542906017,0.06055957386399929
MAJOR_LINE,2.0,0.0697736905715518,0.0,10.0,1.498903175727984 < MAJOR_LINE <= 2.503347321568387,0.056916851613532125
