feature,value,importance,min,max,rule,importance_ratio
MAJOR_LINE,3.0,0.280695908416265,0.0,10.0,2.503347321568387 < MAJOR_LINE <= 5.505000175998428,0.22780184017253183
CountDeclClass,1.0,-0.16240308010433968,1.0,13.0,CountDeclClass <= 1.5005966587345618,0.1317999991741666
MINOR_COMMIT,0.0,-0.1470457686228151,0.0,5.0,MINOR_COMMIT <= 0.5004848706369127,0.11933660476513241
OWN_LINE,0.784860557768924,0.13010898206763838,0.281553398058252,1.0,0.571420709704031 < OWN_LINE <= 0.8116920473637016,0.10559137005313585
MaxInheritanceTree,1.0,-0.07123882921305143,0.0,7.0,0.49470484336951337 < MaxInheritanceTree <= 1.5001546410169164,0.057814652440190246
