feature,value,importance,min,max,rule,importance_ratio
MAJOR_LINE,5.0,0.27347935431427484,0.0,10.0,2.503347321568387 < MAJOR_LINE <= 5.505000175998428,0.2221059729505888
MINOR_COMMIT,0.0,-0.2546811339026468,0.0,5.0,MINOR_COMMIT <= 0.5004848706369127,0.2068390178097402
CountDeclClass,1.0,-0.17343873671250426,1.0,13.0,CountDeclClass <= 1.5005966587345618,0.14085808949433018
MaxInheritanceTree,1.0,-0.06491110738845138,0.0,7.0,0.49470484336951337 < MaxInheritanceTree <= 1.5001546410169164,0.05271748830167401
OWN_LINE,0.897243107769424,-0.04806157045976553,0.281553398058252,1.0,0.8930537701690927 < OWN_LINE <= 0.9680591083803126,0.0390331544231758
