feature,value,importance,min,max,rule,importance_ratio
MAJOR_LINE,3.0,0.3061635930872572,0.0,10.0,2.503347321568387 < MAJOR_LINE <= 5.505000175998428,0.24231667436447576
CountDeclClass,1.0,-0.20283020654178474,1.0,13.0,CountDeclClass <= 1.5005966587345618,0.16053228476403925
OWN_LINE,0.707589285714286,0.1253258243285799,0.281553398058252,1.0,0.571420709704031 < OWN_LINE <= 0.8116920473637016,0.09919055579751082
MaxInheritanceTree,1.0,-0.08735521149589892,0.0,7.0,0.49470484336951337 < MaxInheritanceTree <= 1.5001546410169164,0.06913828037045161
MaxNesting_Min,0.0,0.07883856289359918,0.0,5.0,MaxNesting_Min <= 0.500511766194675,0.06239768151207602
