feature,value,importance,min,max,rule,importance_ratio
MINOR_COMMIT,0.0,-0.18917172313411493,0.0,5.0,MINOR_COMMIT <= 0.5004848706369127,0.16692435989412924
CountDeclClassVariable,12.0,0.16961314393371468,0.0,321.0,10.46165607230859 < CountDeclClassVariable <= 159.54725729738055,0.14966594907365566
CountDeclClass,1.0,-0.14929880383677985,1.0,13.0,CountDeclClass <= 1.5005966587345618,0.1317406579087153
OWN_LINE,0.625,0.1318654615346893,0.281553398058252,1.0,0.571420709704031 < OWN_LINE <= 0.8116920473637016,0.11635754749253222
MaxInheritanceTree,1.0,-0.07199316587709988,0.0,7.0,0.49470484336951337 < MaxInheritanceTree <= 1.5001546410169164,0.06352647706373597
