feature,value,importance,min,max,rule,importance_ratio
MAJOR_LINE,4.0,0.2847714133893056,0.0,10.0,2.503347321568387 < MAJOR_LINE <= 5.505000175998428,0.24865726548741438
Added_lines,318.0,0.11129039468640929,6.0,17843.0,251.74735011885954 < Added_lines <= 987.2609936689339,0.09717676675610043
MaxInheritanceTree,1.0,-0.10147757253833091,0.0,7.0,0.49470484336951337 < MaxInheritanceTree <= 1.5001546410169164,0.08860838732147021
CountDeclClassVariable,7.0,0.09528430537051463,0.0,321.0,3.541436439257825 < CountDeclClassVariable <= 10.46165607230859,0.08320053805720129
CountInput_Min,1.0,0.06832634253842904,0.0,337.0,0.46564016140462705 < CountInput_Min <= 1.5237727286483977,0.059661330799154595
