feature,value,importance,min,max,rule,importance_ratio
MAJOR_LINE,4.0,0.2582978248594933,0.0,10.0,2.503347321568387 < MAJOR_LINE <= 5.505000175998428,0.185882097848276
OWN_LINE,0.429503916449086,0.18440303409967218,0.281553398058252,1.0,0.41251109484975157 < OWN_LINE <= 0.441750463982939,0.1327042643378049
Added_lines,281.0,0.1694235414179405,6.0,17843.0,251.74735011885954 < Added_lines <= 987.2609936689339,0.12192438446116319
CountDeclClass,1.0,-0.1394944316942261,1.0,13.0,CountDeclClass <= 1.5005966587345618,0.10038612448858487
MINOR_COMMIT,0.0,-0.10500037137970165,0.0,5.0,MINOR_COMMIT <= 0.5004848706369127,0.07556273196463846
