feature,value,importance,min,max,rule,importance_ratio
MINOR_COMMIT,0.0,-0.24730337116991416,0.0,5.0,MINOR_COMMIT <= 0.5004848706369127,0.21480347813666406
CountDeclClass,1.0,-0.14731879497820133,1.0,13.0,CountDeclClass <= 1.5005966587345618,0.12795858546739255
MaxInheritanceTree,4.0,0.11364593366556056,0.0,7.0,3.4981638542906017 < MaxInheritanceTree <= 4.503613651938005,0.0987109140969964
OWN_LINE,0.742424242424242,0.112217255402516,0.281553398058252,1.0,0.571420709704031 < OWN_LINE <= 0.8116920473637016,0.09746998859489571
MAJOR_LINE,0.0,-0.10342317881857685,0.0,10.0,MAJOR_LINE <= 0.49445902988758095,0.08983160409453865
