feature,value,importance,min,max,rule,importance_ratio
MINOR_COMMIT,0.0,-0.18317068706787848,0.0,5.0,MINOR_COMMIT <= 0.5004848706369127,0.17713681580201257
CountDeclClass,1.0,-0.15505919630241935,1.0,13.0,CountDeclClass <= 1.5005966587345618,0.1499513526618552
MaxInheritanceTree,4.0,0.12748509345264508,0.0,7.0,3.4981638542906017 < MaxInheritanceTree <= 4.503613651938005,0.12328557520808509
OWN_LINE,0.684807256235828,0.12587169234334322,0.281553398058252,1.0,0.571420709704031 < OWN_LINE <= 0.8116920473637016,0.12172532154693429
Added_lines,0.0,-0.061555514344184804,6.0,17843.0,Added_lines <= 6.5761356021680655,0.059527798800816586
