feature,value,importance,min,max,rule,importance_ratio
MAJOR_LINE,5.0,0.2838384838437278,0.0,10.0,2.503347321568387 < MAJOR_LINE <= 5.505000175998428,0.2031903941896821
CountDeclClass,1.0,-0.18329872803895822,1.0,13.0,CountDeclClass <= 1.5005966587345618,0.1312173751083341
MINOR_COMMIT,0.0,-0.18329448928686484,0.0,5.0,MINOR_COMMIT <= 0.5004848706369127,0.1312143407287212
CountLineComment,696.0,0.13486344997714372,15.0,3202.0,442.57727842975316 < CountLineComment <= 1279.9881660055592,0.09654419369617082
CountDeclMethodPrivate,16.0,0.09469508793309316,0.0,151.0,15.520842865118082 < CountDeclMethodPrivate <= 29.521787640350414,0.06778901854459364
