feature,value,importance,min,max,rule,importance_ratio
MAJOR_LINE,12.0,0.36655788673193673,0.0,10.0,MAJOR_LINE > 5.505000175998428,0.20791698612026396
CountClassCoupled,53.0,0.2011301496378769,0.0,126.0,CountClassCoupled > 45.50484901245065,0.11408395793488078
CountDeclMethodPrivate,153.0,0.17584423124257795,0.0,151.0,CountDeclMethodPrivate > 29.521787640350414,0.0997414157762443
MINOR_COMMIT,0.0,-0.1749008239330385,0.0,5.0,MINOR_COMMIT <= 0.5004848706369127,0.09920630137389967
CountLineComment,2618.0,0.16621851436010185,15.0,3202.0,CountLineComment > 1279.9881660055592,0.09428156859823239
