feature,value,importance,min,max,rule,importance_ratio
CountDeclClass,1.0,-0.16759775001956442,1.0,13.0,CountDeclClass <= 1.5005966587345618,0.14194103875742883
MINOR_COMMIT,0.0,-0.13866105496738532,0.0,5.0,MINOR_COMMIT <= 0.5004848706369127,0.11743411934213961
MaxInheritanceTree,4.0,0.13362422947405514,0.0,7.0,3.4981638542906017 < MaxInheritanceTree <= 4.503613651938005,0.11316835657098233
CountClassDerived,42.0,0.12386364515689122,0.0,49.0,34.511990049447526 < CountClassDerived <= 45.98827284603846,0.10490197186894432
MAJOR_LINE,0.0,-0.12212144634902657,0.0,10.0,MAJOR_LINE <= 0.49445902988758095,0.10342647766641835
