feature,value,importance,min,max,rule,importance_ratio
MAJOR_LINE,6.0,0.32615577950751234,0.0,10.0,MAJOR_LINE > 5.505000175998428,0.21127774068625108
OWN_LINE,0.49563838223632,0.21653296245735526,0.281553398058252,1.0,0.441750463982939 < OWN_LINE <= 0.571420709704031,0.14026608745419186
MINOR_COMMIT,0.0,-0.1641386866982909,0.0,5.0,MINOR_COMMIT <= 0.5004848706369127,0.106326035176159
CountDeclClass,1.0,-0.14993681714917265,1.0,13.0,CountDeclClass <= 1.5005966587345618,0.09712632417796875
CountDeclMethodPublic,86.0,0.11768376819441251,0.0,201.0,CountDeclMethodPublic > 61.45617024326406,0.076233389753522
