feature,value,importance,min,max,rule,importance_ratio
MINOR_COMMIT,0.0,-0.19110965239947325,0.0,5.0,MINOR_COMMIT <= 0.5004848706369127,0.1833075980868185
CountDeclClassMethod,23.0,0.16790781892898815,0.0,87.0,CountDeclClassMethod > 22.496979239989447,0.1610529798020505
OWN_LINE,0.811111111111111,0.13880129509896813,0.281553398058252,1.0,0.571420709704031 < OWN_LINE <= 0.8116920473637016,0.13313473022674846
CountDeclClass,2.0,0.09556302516465028,1.0,13.0,1.5005966587345618 < CountDeclClass <= 2.498717478387095,0.09166166328546217
MaxInheritanceTree,1.0,-0.0645405300196587,0.0,7.0,0.49470484336951337 < MaxInheritanceTree <= 1.5001546410169164,0.061905661951727
