feature,value,importance,min,max,rule,importance_ratio
MINOR_COMMIT,0.0,-0.22504353147337075,0.0,5.0,MINOR_COMMIT <= 0.5004848706369127,0.23750880739514363
CountDeclClass,1.0,-0.1626207935667273,1.0,13.0,CountDeclClass <= 1.5005966587345618,0.1716284422165477
MaxInheritanceTree,5.0,0.14246547275920257,0.0,7.0,MaxInheritanceTree > 4.503613651938005,0.15035670791554126
MAJOR_LINE,1.0,-0.05444691311878642,0.0,10.0,0.49445902988758095 < MAJOR_LINE <= 1.498903175727984,0.057462755390150604
Added_lines,209.0,0.04594315061572677,6.0,17843.0,24.088365210503166 < Added_lines <= 251.74735011885954,0.048487965147347156
