feature,value,importance,min,max,rule,importance_ratio
MAJOR_LINE,6.0,0.44656865203755713,0.0,10.0,MAJOR_LINE > 5.505000175998428,0.2424876732663551
Added_lines,440.0,0.27860092351236315,6.0,17843.0,251.74735011885954 < Added_lines <= 987.2609936689339,0.15128085996212967
CountDeclClassMethod,62.0,0.20391180222584043,0.0,87.0,CountDeclClassMethod > 22.496979239989447,0.11072451737865092
MINOR_COMMIT,0.0,-0.17535930688053034,0.0,5.0,MINOR_COMMIT <= 0.5004848706369127,0.09522045516863625
CountLineComment,659.0,0.13177902898992258,15.0,3202.0,442.57727842975316 < CountLineComment <= 1279.9881660055592,0.07155627691121147
