feature,value,importance,min,max,rule,importance_ratio
Added_lines,1209.0,0.37490369920307165,6.0,17843.0,Added_lines > 987.2609936689339,0.291168032868862
MINOR_COMMIT,0.0,-0.2080047262637403,0.0,5.0,MINOR_COMMIT <= 0.5004848706369127,0.16154635737758857
MaxInheritanceTree,4.0,0.13764788864561417,0.0,7.0,3.4981638542906017 < MaxInheritanceTree <= 4.503613651938005,0.10690389305491087
CountDeclClass,2.0,0.09913624152952791,1.0,13.0,1.5005966587345618 < CountDeclClass <= 2.498717478387095,0.07699391735403961
OWN_LINE,0.996658312447786,-0.0639247865894437,0.281553398058252,1.0,OWN_LINE > 0.9680591083803126,0.049647027763063574
