feature,value,importance,min,max,rule,importance_ratio
Added_lines,701.0,0.2771091414013047,6.0,17843.0,251.74735011885954 < Added_lines <= 987.2609936689339,0.23056788939873835
CountDeclClass,1.0,-0.17306851231026646,1.0,13.0,CountDeclClass <= 1.5005966587345618,0.14400117369989376
MaxInheritanceTree,4.0,0.09515763740495913,0.0,7.0,3.4981638542906017 < MaxInheritanceTree <= 4.503613651938005,0.07917564720414005
OWN_LINE,0.983739837398374,-0.09180455670297127,0.281553398058252,1.0,OWN_LINE > 0.9680591083803126,0.07638572574383944
MAJOR_LINE,2.0,0.08677476937174038,0.0,10.0,1.498903175727984 < MAJOR_LINE <= 2.503347321568387,0.07220070520203438
