feature,value,importance,min,max,rule,importance_ratio
OWN_LINE,0.543859649122807,0.21801707746845994,0.281553398058252,1.0,0.441750463982939 < OWN_LINE <= 0.571420709704031,0.17899619623918114
CountDeclClass,1.0,-0.18021899205089906,1.0,13.0,CountDeclClass <= 1.5005966587345618,0.14796324417217693
MINOR_COMMIT,0.0,-0.16044569782664764,0.0,5.0,MINOR_COMMIT <= 0.5004848706369127,0.13172899090010837
MaxInheritanceTree,4.0,0.11376940766571533,0.0,7.0,3.4981638542906017 < MaxInheritanceTree <= 4.503613651938005,0.09340686269631258
MAJOR_LINE,0.0,-0.09266021802860866,0.0,10.0,MAJOR_LINE <= 0.49445902988758095,0.0760758137041516
