feature,value,importance,min,max,rule,importance_ratio
Added_lines,741.0,0.2795055489429061,6.0,17843.0,251.74735011885954 < Added_lines <= 987.2609936689339,0.2414313428464743
MaxInheritanceTree,4.0,0.10976549824468897,0.0,7.0,3.4981638542906017 < MaxInheritanceTree <= 4.503613651938005,0.09481325769614983
MAJOR_LINE,0.0,-0.09202623747939362,0.0,10.0,MAJOR_LINE <= 0.49445902988758095,0.0794904365075663
CountClassBase,2.0,0.09076931836099039,0.0,6.0,1.5001457572159462 < CountClassBase <= 2.4982816813705466,0.07840473473258121
CountDeclClassVariable,0.0,-0.08854528103298054,0.0,321.0,CountDeclClassVariable <= 0.5326452944531437,0.0764836554528572
