feature,value,importance,min,max,rule,importance_ratio
MAJOR_LINE,3.0,0.2201959989741855,0.0,10.0,2.503347321568387 < MAJOR_LINE <= 5.505000175998428,0.18290818982187473
CountDeclClass,1.0,-0.16784606891622536,1.0,13.0,CountDeclClass <= 1.5005966587345618,0.13942315381390538
CountLineComment,1029.0,0.12938039255814757,15.0,3202.0,442.57727842975316 < CountLineComment <= 1279.9881660055592,0.10747122341686435
MINOR_COMMIT,0.0,-0.08625204664665444,0.0,5.0,MINOR_COMMIT <= 0.5004848706369127,0.071646196089244
CountDeclMethodPublic,78.0,0.08505683387391344,0.0,201.0,CountDeclMethodPublic > 61.45617024326406,0.07065337966327584
