feature,value,importance,min,max,rule,importance_ratio
MAJOR_LINE,5.0,0.28399819771903456,0.0,10.0,2.503347321568387 < MAJOR_LINE <= 5.505000175998428,0.2268987239762888
MINOR_COMMIT,0.0,-0.22423877447267399,0.0,5.0,MINOR_COMMIT <= 0.5004848706369127,0.17915427704295747
MaxInheritanceTree,4.0,0.13006334912843237,0.0,7.0,3.4981638542906017 < MaxInheritanceTree <= 4.503613651938005,0.10391336350141181
CountDeclClass,2.0,0.0759093279260572,1.0,13.0,1.5005966587345618 < CountDeclClass <= 2.498717478387095,0.06064732023884125
OWN_LINE,0.992,-0.07140325074427252,0.281553398058252,1.0,OWN_LINE > 0.9680591083803126,0.05704721583361147
