feature,value,importance,min,max,rule,importance_ratio
MAJOR_LINE,4.0,0.27988962940834017,0.0,10.0,2.503347321568387 < MAJOR_LINE <= 5.505000175998428,0.23868323489705479
MINOR_COMMIT,0.0,-0.21298688860266338,0.0,5.0,MINOR_COMMIT <= 0.5004848706369127,0.18163016496826132
CountDeclClass,1.0,-0.1693895182140677,1.0,13.0,CountDeclClass <= 1.5005966587345618,0.14445136195454375
MaxInheritanceTree,1.0,-0.06725015027323421,0.0,7.0,0.49470484336951337 < MaxInheritanceTree <= 1.5001546410169164,0.057349332479591654
OWN_LINE,0.919075144508671,-0.050316465337430116,0.281553398058252,1.0,0.8930537701690927 < OWN_LINE <= 0.9680591083803126,0.042908687759209564
