feature,value,importance,min,max,rule,importance_ratio
CountDeclClass,1.0,-0.17217596179167707,1.0,13.0,CountDeclClass <= 1.5005966587345618,0.13253053537578688
Added_lines,655.0,0.16096414130597247,6.0,17843.0,251.74735011885954 < Added_lines <= 987.2609936689339,0.12390036101204202
MaxInheritanceTree,1.0,-0.10325395952900833,0.0,7.0,0.49470484336951337 < MaxInheritanceTree <= 1.5001546410169164,0.07947858919241303
CountLineComment,658.0,0.09752555582656197,15.0,3202.0,442.57727842975316 < CountLineComment <= 1279.9881660055592,0.0750692140297383
OWN_LINE,0.689369828134946,0.08671144271432168,0.281553398058252,1.0,0.571420709704031 < OWN_LINE <= 0.8116920473637016,0.06674517050202675
