feature,value,importance,min,max,rule,importance_ratio
Added_lines,305.0,0.3073683701965848,6.0,17843.0,251.74735011885954 < Added_lines <= 987.2609936689339,0.24279314501921653
CountDeclClass,1.0,-0.17906964044850138,1.0,13.0,CountDeclClass <= 1.5005966587345618,0.14144878067364342
MINOR_COMMIT,0.0,-0.123166608061513,0.0,5.0,MINOR_COMMIT <= 0.5004848706369127,0.09729045351503833
OWN_LINE,0.574324324324324,0.12200525796837881,0.281553398058252,1.0,0.571420709704031 < OWN_LINE <= 0.8116920473637016,0.09637309223482571
PercentLackOfCohesion,74.0,0.06029545195763879,0.0,100.0,66.42629775224196 < PercentLackOfCohesion <= 91.52823503836835,0.047627940382373335
