feature,value,importance,min,max,rule,importance_ratio
CountDeclClassVariable,13.0,0.16557522767252292,0.0,321.0,10.46165607230859 < CountDeclClassVariable <= 159.54725729738055,0.1600944323114662
MINOR_COMMIT,0.0,-0.15552960370943594,0.0,5.0,MINOR_COMMIT <= 0.5004848706369127,0.1503813339924007
CountDeclClass,1.0,-0.1538723648640886,1.0,13.0,CountDeclClass <= 1.5005966587345618,0.14877895230837765
OWN_LINE,0.983957219251337,-0.06527347330538058,0.281553398058252,1.0,OWN_LINE > 0.9680591083803126,0.06311282068408536
Added_lines,6.0,-0.05444610989166244,6.0,17843.0,Added_lines <= 6.5761356021680655,0.05264385969568503
