feature,value,importance,min,max,rule,importance_ratio
OWN_LINE,0.288235294117647,0.19640170903145773,0.281553398058252,1.0,OWN_LINE <= 0.41251109484975157,0.15670339363105212
CountDeclClass,1.0,-0.17228011381423133,1.0,13.0,CountDeclClass <= 1.5005966587345618,0.1374574519894318
MINOR_COMMIT,0.0,-0.0940411176196418,0.0,5.0,MINOR_COMMIT <= 0.5004848706369127,0.07503275987020276
MaxInheritanceTree,1.0,-0.07957159418098199,0.0,7.0,0.49470484336951337 < MaxInheritanceTree <= 1.5001546410169164,0.06348793453113777
MAJOR_LINE,2.0,0.07703068275300812,0.0,10.0,1.498903175727984 < MAJOR_LINE <= 2.503347321568387,0.061460612846194314
