feature,value,importance,min,max,rule,importance_ratio
MAJOR_LINE,4.0,0.3088153958610931,0.0,10.0,2.503347321568387 < MAJOR_LINE <= 5.505000175998428,0.27355035478893125
MINOR_COMMIT,0.0,-0.19123883825622928,0.0,5.0,MINOR_COMMIT <= 0.5004848706369127,0.16940040151996
CountDeclClass,1.0,-0.15155658368175337,1.0,13.0,CountDeclClass <= 1.5005966587345618,0.1342496449088639
MaxInheritanceTree,3.0,0.06557566933175252,0.0,7.0,2.505604438664319 < MaxInheritanceTree <= 3.4981638542906017,0.0580872840267694
CountDeclClassMethod,0.0,-0.03758133725800469,0.0,87.0,CountDeclClassMethod <= 0.5030580109254676,0.03328975264236451