feature,value,importance,min,max,rule,importance_ratio
MAJOR_LINE,3.0,0.2818209880406737,0.0,10.0,2.503347321568387 < MAJOR_LINE <= 5.505000175998428,0.24894037886084405
MINOR_COMMIT,0.0,-0.21434810246007252,0.0,5.0,MINOR_COMMIT <= 0.5004848706369127,0.18933968759918027
CountDeclClass,1.0,-0.16503779435763052,1.0,13.0,CountDeclClass <= 1.5005966587345618,0.1457825101649885
MaxInheritanceTree,3.0,0.07213663550323683,0.0,7.0,2.505604438664319 < MaxInheritanceTree <= 3.4981638542906017,0.06372031230452804
CountClassDerived,8.0,0.047724032189514834,0.0,49.0,4.508318500733083 < CountClassDerived <= 8.495840489379086,0.042155975453149364