feature,value,importance,min,max,rule,importance_ratio
MINOR_COMMIT,0.0,-0.24138007202756362,0.0,5.0,MINOR_COMMIT <= 0.5004848706369127,0.2078402949680939
CountDeclClass,1.0,-0.1810172160484682,1.0,13.0,CountDeclClass <= 1.5005966587345618,0.15586486184128992
CountLineComment,614.0,0.15004025515649744,15.0,3202.0,442.57727842975316 < CountLineComment <= 1279.9881660055592,0.12919215172515772
MaxInheritanceTree,3.0,0.0686287698085608,0.0,7.0,2.505604438664319 < MaxInheritanceTree <= 3.4981638542906017,0.0590927976800002
CountDeclMethodPublic,30.0,0.0580261606569983,0.0,201.0,26.478380738109195 < CountDeclMethodPublic <= 61.45617024326406,0.04996342177509732