feature,value,importance,min,max,rule,importance_ratio
CountDeclClass,1.0,-0.20140400706925748,1.0,13.0,CountDeclClass <= 1.5005966587345618,0.14465757230112458
CountLineComment,508.0,0.17071775161106612,15.0,3202.0,442.57727842975316 < CountLineComment <= 1279.9881660055592,0.12261729970581497
CountDeclMethodPublic,63.0,0.15323962224164997,0.0,201.0,CountDeclMethodPublic > 61.45617024326406,0.11006370755173586
MINOR_COMMIT,0.0,-0.12927371927847822,0.0,5.0,MINOR_COMMIT <= 0.5004848706369127,0.09285029958083786
PercentLackOfCohesion,96.0,0.11795466266074474,0.0,100.0,91.52823503836835 < PercentLackOfCohesion <= 98.37421793458464,0.08472043526042615