feature,value,importance,min,max,rule,importance_ratio
MAJOR_LINE,4.0,0.2706998963258786,0.0,10.0,2.503347321568387 < MAJOR_LINE <= 5.505000175998428,0.20386006861915013
CountDeclClass,1.0,-0.19237969160142024,1.0,13.0,CountDeclClass <= 1.5005966587345618,0.14487828648291662
MINOR_COMMIT,0.0,-0.18929613769335876,0.0,5.0,MINOR_COMMIT <= 0.5004848706369127,0.14255610786437917
MaxInheritanceTree,4.0,0.13190974309158138,0.0,7.0,3.4981638542906017 < MaxInheritanceTree <= 4.503613651938005,0.09933926700072208
CountDeclClassVariable,0.0,-0.06747080945272085,0.0,321.0,CountDeclClassVariable <= 0.5326452944531437,0.05081126380729371
