feature,value,importance,min,max,rule,importance_ratio
Added_lines,291.0,0.26254606201944014,6.0,17843.0,251.74735011885954 < Added_lines <= 987.2609936689339,0.17313546669604196
CountClassCoupled,50.0,0.20488174682427926,0.0,126.0,CountClassCoupled > 45.50484901245065,0.13510885130432987
MINOR_COMMIT,0.0,-0.17236526668748384,0.0,5.0,MINOR_COMMIT <= 0.5004848706369127,0.11366592460227253
CountDeclMethodDefault,29.0,0.15861238396650992,0.0,98.0,19.504767571919192 < CountDeclMethodDefault <= 37.47751491883885,0.1045966140592127
CountLineComment,1310.0,0.13157004043438664,15.0,3202.0,CountLineComment > 1279.9881660055592,0.08676359560913142
