feature,value,importance,min,max,rule,importance_ratio
MAJOR_LINE,7.0,0.3270805024930243,0.0,10.0,MAJOR_LINE > 5.505000175998428,0.21913776373504926
CountClassCoupled,63.0,0.17021784388351438,0.0,126.0,CountClassCoupled > 45.50484901245065,0.11404274290923411
MINOR_COMMIT,0.0,-0.16856728611479305,0.0,5.0,MINOR_COMMIT <= 0.5004848706369127,0.1129369003548898
CountDeclClass,1.0,-0.14333121252404699,1.0,13.0,CountDeclClass <= 1.5005966587345618,0.09602920732525967
CountLineComment,1395.0,0.13810519502563987,15.0,3202.0,CountLineComment > 1279.9881660055592,0.09252787423107563
