feature,value,importance,min,max,rule,importance_ratio
MAJOR_LINE,5.0,0.2825396404608711,0.0,10.0,2.503347321568387 < MAJOR_LINE <= 5.505000175998428,0.22373829704623693
CountDeclClass,1.0,-0.16576213501509468,1.0,13.0,CountDeclClass <= 1.5005966587345618,0.13126419267232664
CountLineComment,843.0,0.1544702977469862,15.0,3202.0,442.57727842975316 < CountLineComment <= 1279.9881660055592,0.12232238034196197
MINOR_COMMIT,0.0,-0.0862765463683147,0.0,5.0,MINOR_COMMIT <= 0.5004848706369127,0.06832091782940719
MaxInheritanceTree,3.0,0.08442462080471982,0.0,7.0,2.505604438664319 < MaxInheritanceTree <= 3.4981638542906017,0.0668544097274671
