feature,value,importance,min,max,rule,importance_ratio
AvgCyclomaticModified,5.0,0.139970181018627,0.0,24.0,4.500475537693087 < AvgCyclomaticModified <= 6.5010971831177145,0.21583129255412895
CountOutput_Mean,14.25,0.13772782009899215,0.0,26.0,CountOutput_Mean > 13.123521902210253,0.21237361569656135
AvgEssential,3.0,0.07486898971980437,0.0,8.0,2.5014022786982215 < AvgEssential <= 3.5012210105440067,0.11544652372276883
CountLineComment,44.0,0.051766080184419416,16.0,1595.0,35.440018134585465 < CountLineComment <= 66.34745759844142,0.07982228725686277
MAJOR_LINE,3.0,0.042801516288716125,0.0,11.0,2.494954149576622 < MAJOR_LINE <= 4.495439044857874,0.06599910435666895
