feature,value,importance,min,max,rule,importance_ratio
CountClassBase,5.0,0.08131231786615432,0.0,6.0,CountClassBase > 4.501242798771322,0.13222610379843797
CountLineComment,76.0,0.07605758456041378,16.0,1595.0,70.42316390136749 < CountLineComment <= 405.65000731703594,0.12368111418614249
CountClassCoupled,18.0,0.07385238921540527,0.0,108.0,13.519892531020918 < CountClassCoupled <= 18.505132292347,0.1200951336577692
CountDeclInstanceVariable,8.0,0.06835837763688288,0.0,97.0,7.4839847629578475 < CountDeclInstanceVariable <= 8.497937266160248,0.11116104145236298
MAJOR_LINE,5.0,0.06212200019541691,0.0,11.0,4.495439044857874 < MAJOR_LINE <= 6.495923940139127,0.10101975028588948
