feature,value,importance,min,max,rule,importance_ratio
CountInput_Min,4.0,0.1672965921056877,0.0,358.0,3.5216182373663045 < CountInput_Min <= 4.492743351902708,0.27381506758347435
CountDeclMethodDefault,0.0,-0.06520348074113744,0.0,114.0,CountDeclMethodDefault <= 0.505583502087303,0.10671882350438704
MaxNesting_Min,0.0,-0.05723316756046671,0.0,4.0,MaxNesting_Min <= 0.5007609117484778,0.0936737768913149
CountOutput_Min,5.0,0.04709963838155515,0.0,26.0,3.4999879504076636 < CountOutput_Min <= 6.495712684465151,0.07708818514638632
CountDeclClassVariable,1.0,0.03202808308722589,0.0,43.0,0.5059739613353175 < CountDeclClassVariable <= 7.4986750970224625,0.052420504355269154
