feature,value,importance,min,max,rule,importance_ratio
MAJOR_LINE,5.0,0.13262484588549261,0.0,11.0,4.495439044857874 < MAJOR_LINE <= 6.495923940139127,0.22736716332593498
CountClassCoupled,22.0,0.11717235474420853,0.0,108.0,18.505132292347 < CountClassCoupled <= 34.49944319326817,0.2008759802172561
CountLineComment,45.0,0.06431297218878504,16.0,1595.0,35.440018134585465 < CountLineComment <= 66.34745759844142,0.1102557967475333
CountDeclInstanceVariable,18.0,0.03519366094469245,0.0,97.0,8.497937266160248 < CountDeclInstanceVariable <= 23.504434313555777,0.06033471935536301
CountDeclMethodPublic,36.0,0.03303380124955895,0.0,217.0,11.48631564410915 < CountDeclMethodPublic <= 43.48930102784986,0.05663193524439395
