feature,value,importance,min,max,rule,importance_ratio
MAJOR_LINE,5.0,0.1358283671319854,0.0,11.0,4.495439044857874 < MAJOR_LINE <= 6.495923940139127,0.2501823023967413
CountClassCoupled,19.0,0.11989961196546767,0.0,108.0,18.505132292347 < CountClassCoupled <= 34.49944319326817,0.22084312438835774
CountLineComment,47.0,0.05023449844808161,16.0,1595.0,35.440018134585465 < CountLineComment <= 66.34745759844142,0.09252693488742583
AvgCyclomaticModified,3.0,0.04628102979284404,0.0,24.0,2.49985389226846 < AvgCyclomaticModified <= 4.500475537693087,0.08524504001152278
CountDeclMethodProtected,4.0,0.042760417166914394,0.0,33.0,3.501075091701906 < CountDeclMethodProtected <= 4.50393320856633,0.07876042276109053
