feature,value,importance,min,max,rule,importance_ratio
MAJOR_LINE,5.0,0.11184515016384955,0.0,11.0,4.495439044857874 < MAJOR_LINE <= 6.495923940139127,0.15990985760366117
CountLineComment,104.0,0.11017027364629975,16.0,1595.0,70.42316390136749 < CountLineComment <= 405.65000731703594,0.1575152140716641
CountDeclMethodPublic,52.0,0.08403891886160277,0.0,217.0,43.48930102784986 < CountDeclMethodPublic <= 71.96731990555539,0.12015408382605183
CountDeclInstanceVariable,13.0,0.07455967318768382,0.0,97.0,8.497937266160248 < CountDeclInstanceVariable <= 23.504434313555777,0.10660119553643117
CountClassCoupled,10.0,0.060674846015786835,0.0,108.0,8.493109105017123 < CountClassCoupled <= 13.519892531020918,0.08674945647884313
