feature,value,importance,min,max,rule,importance_ratio
CountDeclClassMethod,17.0,0.23381345362742606,0.0,78.0,14.00060124762396 < CountDeclClassMethod <= 19.498633948597103,0.3388226984362552
CountLineComment,133.0,0.0949887546702012,16.0,1595.0,70.42316390136749 < CountLineComment <= 405.65000731703594,0.13764967618048912
AvgCyclomaticModified,3.0,0.06568131639996201,0.0,24.0,2.49985389226846 < AvgCyclomaticModified <= 4.500475537693087,0.09517981328372195
CountDeclMethodDefault,0.0,-0.04549310578339351,0.0,114.0,CountDeclMethodDefault <= 0.505583502087303,0.06592476447628734
CountClassCoupled,9.0,0.034019984267792146,0.0,108.0,8.493109105017123 < CountClassCoupled <= 13.519892531020918,0.04929888631960317
