feature,value,importance,min,max,rule,importance_ratio
CountDeclClassMethod,18.0,0.12022695477854921,0.0,78.0,14.00060124762396 < CountDeclClassMethod <= 19.498633948597103,0.15739205606638867
MAJOR_LINE,5.0,0.10252158623398988,0.0,11.0,4.495439044857874 < MAJOR_LINE <= 6.495923940139127,0.13421352373331694
CountDeclMethodPrivate,2.0,0.08905118999953364,0.0,20.0,1.5010181974760506 < CountDeclMethodPrivate <= 2.4990572899862733,0.11657909754931214
CountLineComment,106.0,0.06829245503674389,16.0,1595.0,70.42316390136749 < CountLineComment <= 405.65000731703594,0.08940332832893388
MaxNesting_Min,0.0,-0.05858439891482449,0.0,4.0,MaxNesting_Min <= 0.5007609117484778,0.07669427388892734
