feature,value,importance,min,max,rule,importance_ratio
CountDeclMethodPrivate,2.0,0.12884982620452207,0.0,257.0,1.5226356484324164 < CountDeclMethodPrivate <= 2.457998312089133,0.17083288834158342
AvgLineComment,7.0,0.11124905323366302,0.0,23.0,5.488038074455606 < AvgLineComment <= 7.503122366730342,0.1474972659955845
MAJOR_LINE,2.0,0.07644107991459645,0.0,13.0,1.499206042722081 < MAJOR_LINE <= 2.4998111840441277,0.10134783145948867
CountClassCoupled,19.0,0.07186346567161221,0.0,207.0,17.521480766172985 < CountClassCoupled <= 59.045190785127026,0.09527869589386287
PercentLackOfCohesion,90.0,0.06161258410975962,0.0,100.0,85.4235986405478 < PercentLackOfCohesion <= 99.5594681206226,0.0816877756975165
