feature,value,importance,min,max,rule,importance_ratio
RatioCommentToCode,0.14,0.2631221661338184,0.0,43.0,0.11008147307571425 < RatioCommentToCode <= 0.1741563206766571,0.34844729497811777
MINOR_COMMIT,0.0,0.06979309545472857,0.0,1.0,MINOR_COMMIT <= 0.5001844411582251,0.09242556671178169
CountDeclClassMethod,0.0,0.04484152101793575,0.0,385.0,CountDeclClassMethod <= 0.4456046670091428,0.05938270777786782
MaxInheritanceTree,2.0,-0.035038169376219785,0.0,5.0,0.5036209215925778 < MaxInheritanceTree <= 2.5013180141977607,0.04640033000457928
CountInput_Mean,3.0,-0.03480936369594796,0.0,37.75,1.0785390936212744 < CountInput_Mean <= 3.103945232896912,0.04609732732891038
