feature,value,importance,min,max,rule,importance_ratio
MINOR_LINE,6.0,0.1454740455628244,1.0,7.0,5.505201931004661 < MINOR_LINE <= 6.50351120482496,0.18225273460203828
OWN_COMMIT,0.333333333333333,0.11824370203454553,0.0,1.0,0.1422783512174683 < OWN_COMMIT <= 0.47314245730383975,0.14813802669671297
CountLineComment,159.0,0.09149611294288575,0.0,3673.0,CountLineComment > 115.54619362143157,0.11462812300835089
MINOR_COMMIT,0.0,0.0519516264034947,0.0,1.0,MINOR_COMMIT <= 0.5001844411582251,0.06508601546364072
PercentLackOfCohesion,93.0,0.04618520387011906,0.0,100.0,85.4235986405478 < PercentLackOfCohesion <= 99.5594681206226,0.05786172833041006
