feature,value,importance,min,max,rule,importance_ratio
CountDeclInstanceVariable,34.0,0.16741965470051987,0.0,1245.0,CountDeclInstanceVariable > 24.367084265989167,0.1765996639320416
CountLineComment,85.0,0.15640406146093377,0.0,3673.0,82.38783306874194 < CountLineComment <= 86.3668363350647,0.16498006008324134
CountClassCoupled,29.0,0.08091733051384246,0.0,207.0,17.521480766172985 < CountClassCoupled <= 59.045190785127026,0.08535421603027678
MaxInheritanceTree,3.0,0.0642101044550584,0.0,5.0,2.5013180141977607 < MaxInheritanceTree <= 3.500166560500352,0.06773089389109456
PercentLackOfCohesion,85.0,0.057059512468081997,0.0,100.0,72.43388073993849 < PercentLackOfCohesion <= 85.4235986405478,0.06018821830695204
