feature,value,importance,min,max,rule,importance_ratio
RatioCommentToCode,0.22,0.11640043260252476,0.0,43.0,0.1741563206766571 < RatioCommentToCode <= 0.23823116827760005,0.17784364122477608
CountLineComment,148.0,0.08508870154825372,0.0,3673.0,CountLineComment > 115.54619362143157,0.13000367929991227
MINOR_COMMIT,0.0,0.07294413471020449,0.0,1.0,MINOR_COMMIT <= 0.5001844411582251,0.11144847345328475
MaxNesting_Mean,0.536842105263158,0.05351217063524782,0.0,4.0,0.42312557744197726 < MaxNesting_Mean <= 0.7138744290344692,0.08175914008937787
MINOR_LINE,4.0,0.04986660081252588,1.0,7.0,3.4962585775144284 < MINOR_LINE <= 4.494567851334727,0.0761892173913589
