feature,value,importance,min,max,rule,importance_ratio
AvgLineComment,13.0,0.14967665568288924,0.0,23.0,12.513602228602656 < AvgLineComment <= 13.4939135059255,0.17857686510531579
CountLineComment,229.0,0.0972351977721863,0.0,3673.0,CountLineComment > 115.54619362143157,0.1160097860072473
CountClassCoupled,56.0,0.06586840275411432,0.0,207.0,17.521480766172985 < CountClassCoupled <= 59.045190785127026,0.07858655593057028
MINOR_LINE,5.0,0.05084098612520145,1.0,7.0,4.494567851334727 < MINOR_LINE <= 5.505201931004661,0.06065758136884421
MINOR_COMMIT,0.0,0.0477875868302086,0.0,1.0,MINOR_COMMIT <= 0.5001844411582251,0.057014618666832564
