feature,value,importance,min,max,rule,importance_ratio
RatioCommentToCode,0.1,0.33291858348680475,0.0,43.0,RatioCommentToCode <= 0.11008147307571425,0.37868194545243633
CountClassBase,4.0,0.08692156961117377,0.0,5.0,3.49747774359187 < CountClassBase <= 4.50391945648793,0.0988699060815368
MINOR_LINE,3.0,0.05799927568727155,1.0,7.0,2.4979493036941283 < MINOR_LINE <= 3.4962585775144284,0.06597192118882933
MINOR_COMMIT,0.0,-0.04979140477449715,0.0,1.0,MINOR_COMMIT <= 0.5001844411582251,0.05663578713251263
MaxNesting_Mean,0.695652173913043,0.04822338906316703,0.0,4.0,0.42312557744197726 < MaxNesting_Mean <= 0.7138744290344692,0.05485223022244903
