feature,value,importance,min,max,rule,importance_ratio
RatioCommentToCode,0.07,0.32916217668864833,0.0,43.0,RatioCommentToCode <= 0.11008147307571425,0.3512288045294499
CountClassBase,4.0,0.10418622280945848,0.0,5.0,3.49747774359187 < CountClassBase <= 4.50391945648793,0.11117073915943326
MINOR_COMMIT,0.0,0.08647556090102729,0.0,1.0,MINOR_COMMIT <= 0.5001844411582251,0.09227277624005609
MINOR_LINE,5.0,0.06497546097709263,1.0,7.0,4.494567851334727 < MINOR_LINE <= 5.505201931004661,0.06933133603719176
MaxNesting_Mean,0.724137931034483,0.046268614329058017,0.0,4.0,0.7138744290344692 < MaxNesting_Mean <= 0.7586050215871603,0.04937040537741
