feature,value,importance,min,max,rule,importance_ratio
RatioCommentToCode,0.08,0.33046457141689994,0.0,43.0,RatioCommentToCode <= 0.11008147307571425,0.36069444664200456
CountClassBase,4.0,0.10412194785927789,0.0,5.0,3.49747774359187 < CountClassBase <= 4.50391945648793,0.11364670108315661
MINOR_LINE,5.0,0.09338925529255097,1.0,7.0,4.494567851334727 < MINOR_LINE <= 5.505201931004661,0.10193221504994565
MaxNesting_Mean,0.581818181818182,0.05301459296020838,0.0,4.0,0.42312557744197726 < MaxNesting_Mean <= 0.7138744290344692,0.05786420368678459
CountInput_Mean,3.0,-0.039389191315549334,0.0,37.75,1.0785390936212744 < CountInput_Mean <= 3.103945232896912,0.04299239251070758
