Antecedent,Antecedent Coverage %,Confidence,Lift
CountClassCoupled <= 1.25,0.2185,1.0,1.07767
1.25 < CountClassCoupled <= 4,0.18948,1.0,1.07767
4 < CountClassCoupled <= 7.9,0.18812,1.0,1.07767
1.44 < CountOutput_Mean <= 3.22,0.20626,0.9978,1.07531
CountOutput_Mean <= 1.44,0.19538,0.99768,1.07517
OWN_COMMIT > 1.006,0.09973,0.99545,1.07278
0.862 < OWN_COMMIT <= 1.006,0.2951,0.99539,1.07271
MAJOR_LINE <= 0.03,0.28422,0.99522,1.07252
PercentLackOfCohesion <= 22.2,0.199,0.99089,1.06786
