feature,value,importance,left,right,rec,rule,min,max
CountClassCoupled,15.0,0.10077398224450324,0.0,9.501928024922897,-1,9.501928024922897 < CountClassCoupled <= 21.526921993333502,0.0,71.0
Added_lines,3.0,-0.04404895198560929,53.861024501088394,1401.0,1,0.4309102957807909 < Added_lines <= 53.861024501088394,0.0,1401.0
MINOR_LINE,4.0,0.025721450918553292,1.0,3.5043945735014814,-1,3.5043945735014814 < MINOR_LINE <= 6.500273313638594,1.0,8.0
MAJOR_LINE,3.0,0.015073631155572741,0.0,2.495214472445795,-1,2.495214472445795 < MAJOR_LINE <= 6.501702411360784,0.0,13.0
RatioCommentToCode,0.79,0.003911445158078662,0.0,0.24340607599558495,-1,0.24340607599558495 < RatioCommentToCode <= 0.9515288232774337,0.0,17.89
