feature,value,importance,left,right,rec,rule,min,max
CountClassCoupled,23.0,0.1418346806578188,0.0,21.526921993333502,-1,21.526921993333502 < CountClassCoupled <= 36.46242405600909,0.0,71.0
Added_lines,40.0,-0.047497875187290185,53.861024501088394,1401.0,1,0.4309102957807909 < Added_lines <= 53.861024501088394,0.0,1401.0
MAJOR_LINE,5.0,0.02572665835006122,0.0,2.495214472445795,-1,2.495214472445795 < MAJOR_LINE <= 6.501702411360784,0.0,13.0
RatioCommentToCode,0.37,-0.001901015412725109,0.9515288232774337,17.89,1,0.24340607599558495 < RatioCommentToCode <= 0.9515288232774337,0.0,17.89
