feature,value,importance,left,right,rec,rule,min,max
CountClassCoupled,16.0,0.09998731107577054,0.0,9.501928024922897,-1,9.501928024922897 < CountClassCoupled <= 21.526921993333502,0.0,71.0
Added_lines,31.0,-0.041584682183853874,53.861024501088394,1401.0,1,0.4309102957807909 < Added_lines <= 53.861024501088394,0.0,1401.0
MAJOR_LINE,7.999999999999999,0.0338921977959974,0.0,6.501702411360784,-1,MAJOR_LINE > 6.501702411360784,0.0,13.0
RatioCommentToCode,0.19999999999999996,0.018117078248917506,0.0,0.07999313431515842,-1,0.07999313431515842 < RatioCommentToCode <= 0.24340607599558495,0.0,17.89
MINOR_LINE,3.0,0.009606462056704733,1.0,2.5057683267891098,-1,2.5057683267891098 < MINOR_LINE <= 3.5043945735014814,1.0,8.0
