feature,value,importance,left,right,rec,rule,min,max
CountClassCoupled,2.0,-0.062414786017490065,3.5277271998526603,71.0,1,1.5363269248292477 < CountClassCoupled <= 3.5277271998526603,0.0,71.0
MINOR_LINE,4.0,0.028618827795001647,1.0,3.5043945735014814,-1,3.5043945735014814 < MINOR_LINE <= 6.500273313638594,1.0,8.0
RatioCommentToCode,0.34999999999999987,-0.007411922963942139,0.9515288232774337,17.89,1,0.24340607599558495 < RatioCommentToCode <= 0.9515288232774337,0.0,17.89
MAJOR_LINE,0.0,-0.006728765548376837,0.5069200848499238,13.0,1,MAJOR_LINE <= 0.5069200848499238,0.0,13.0
