feature,value,importance,left,right,rec,rule,min,max
Added_lines,361.0,0.10321505528360726,0.0,134.0061958090498,-1,134.0061958090498 < Added_lines <= 623.7822426910362,0.0,1401.0
CountClassCoupled,9.0,0.07396741907163046,0.0,5.519127474876073,-1,5.519127474876073 < CountClassCoupled <= 9.501928024922897,0.0,71.0
RatioCommentToCode,0.82,-0.003261820955812692,0.9515288232774337,17.89,1,0.24340607599558495 < RatioCommentToCode <= 0.9515288232774337,0.0,17.89
MAJOR_LINE,1.0,-0.002185588459366652,1.493592487717048,13.0,1,0.5069200848499238 < MAJOR_LINE <= 1.493592487717048,0.0,13.0
