feature,value,importance,left,right,rec,rule,min,max
Added_lines,339.0,0.10070285991940918,0.0,134.0061958090498,-1,134.0061958090498 < Added_lines <= 623.7822426910362,0.0,1401.0
CountClassCoupled,6.0,0.06370906417453272,0.0,5.519127474876073,-1,5.519127474876073 < CountClassCoupled <= 9.501928024922897,0.0,71.0
MINOR_LINE,1.0,-0.017978461496888046,1.4940022610410497,8.0,1,MINOR_LINE <= 1.4940022610410497,1.0,8.0
MAJOR_LINE,3.0,0.012660357483050905,0.0,2.495214472445795,-1,2.495214472445795 < MAJOR_LINE <= 6.501702411360784,0.0,13.0
