feature,value,importance,left,right,rec,rule,min,max
CountClassCoupled,2.0,-0.06884481825721302,3.5277271998526603,71.0,1,1.5363269248292477 < CountClassCoupled <= 3.5277271998526603,0.0,71.0
Added_lines,61.0,0.0355617919325203,0.0,53.861024501088394,-1,53.861024501088394 < Added_lines <= 134.0061958090498,0.0,1401.0
RatioCommentToCode,0.6,-0.009729146602566956,0.9515288232774337,17.89,1,0.24340607599558495 < RatioCommentToCode <= 0.9515288232774337,0.0,17.89
MAJOR_LINE,1.0,0.0030940381953176795,0.0,0.5069200848499238,-1,0.5069200848499238 < MAJOR_LINE <= 1.493592487717048,0.0,13.0
