feature,value,importance,left,right,rec,rule,min,max
Added_lines,6.0,-0.04403570870579547,53.861024501088394,1401.0,1,0.4309102957807909 < Added_lines <= 53.861024501088394,0.0,1401.0
MAJOR_LINE,1.0,-0.00972709486671809,1.493592487717048,13.0,1,0.5069200848499238 < MAJOR_LINE <= 1.493592487717048,0.0,13.0
RatioCommentToCode,0.28,-0.0026071357999974975,0.9515288232774337,17.89,1,0.24340607599558495 < RatioCommentToCode <= 0.9515288232774337,0.0,17.89
MINOR_LINE,2.0,-0.001355030545733956,2.5057683267891098,8.0,1,1.4940022610410497 < MINOR_LINE <= 2.5057683267891098,1.0,8.0
