feature,value,importance,left,right,rec,rule,min,max
CountClassCoupled,16.0,0.10408237331933388,0.0,9.501928024922897,-1,9.501928024922897 < CountClassCoupled <= 21.526921993333502,0.0,71.0
MAJOR_LINE,8.0,0.09030074572838846,0.0,6.501702411360784,-1,MAJOR_LINE > 6.501702411360784,0.0,13.0
Added_lines,31.0,-0.04755402648938079,53.861024501088394,1401.0,1,0.4309102957807909 < Added_lines <= 53.861024501088394,0.0,1401.0
RatioCommentToCode,0.2,0.018342552301358228,0.0,0.07999313431515842,-1,0.07999313431515842 < RatioCommentToCode <= 0.24340607599558495,0.0,17.89
MINOR_LINE,3.0,0.005792509428397544,1.0,2.5057683267891098,-1,2.5057683267891098 < MINOR_LINE <= 3.5043945735014814,1.0,8.0
