feature,value,importance,left,right,rec,rule,min,max
CountClassCoupled,25.0,0.1491398256836971,0.0,21.526921993333502,-1,21.526921993333502 < CountClassCoupled <= 36.46242405600909,0.0,71.0
Added_lines,47.0,-0.04882464175476949,53.861024501088394,1401.0,1,0.4309102957807909 < Added_lines <= 53.861024501088394,0.0,1401.0
MINOR_LINE,7.0,0.02853657950921659,1.0,6.500273313638594,-1,6.500273313638594 < MINOR_LINE <= 7.498899560350965,1.0,8.0
RatioCommentToCode,0.39,-0.0016719805322299216,0.9515288232774337,17.89,1,0.24340607599558495 < RatioCommentToCode <= 0.9515288232774337,0.0,17.89
MAJOR_LINE,2.0,-0.0014874406128489923,2.495214472445795,13.0,1,1.493592487717048 < MAJOR_LINE <= 2.495214472445795,0.0,13.0
