feature,value,importance,left,right,rec,rule,min,max
Added_lines,378.0,0.10657125966187649,0.0,134.0061958090498,-1,134.0061958090498 < Added_lines <= 623.7822426910362,0.0,1401.0
CountClassCoupled,12.0,0.10408452925669169,0.0,9.501928024922897,-1,9.501928024922897 < CountClassCoupled <= 21.526921993333502,0.0,71.0
RatioCommentToCode,0.07000000000000006,0.04510970154235622,0.0,0.0,-1,RatioCommentToCode <= 0.07999313431515842,0.0,17.89
MAJOR_LINE,2.0,-0.0038511034049958344,2.495214472445795,13.0,1,1.493592487717048 < MAJOR_LINE <= 2.495214472445795,0.0,13.0
