Antecedent,Antecedent Coverage %,Confidence,Lift
0.824 < CountDeclClass <= 1.038,0.48759,0.96158,1.02957
MaxInheritanceTree <= 1.14,0.22248,0.98316,1.05268
Added_lines <= 4,0.22014,0.98298,1.05249
CountInput_Min > 2.62,0.20843,0.98652,1.05628
CountInput_Mean > 5.38,0.20141,0.99535,1.06573
OWN_COMMIT <= 0.235,0.20141,0.99535,1.06573
0.945 < RatioCommentToCode <= 1.545,0.19766,0.98104,1.05041
RatioCommentToCode > 1.545,0.19719,0.99287,1.06308
CountOutput_Mean <= 1.76,0.19204,0.9878,1.05765
