Antecedent,Antecedent Coverage %,Confidence,Lift
0.9 < CountClassCoupled <= 3.05,0.22784,0.97352,1.05002
OWN_COMMIT > 0.965,0.22645,0.97336,1.04985
MaxInheritanceTree <= 1.075,0.22367,0.98963,1.06739
CountDeclMethodPublic <= 1.35,0.20418,0.98409,1.06142
AvgEssential > 1.438,0.20139,0.98157,1.0587
RatioCommentToCode > 1.715,0.20046,1.0,1.07858
CountOutput_Mean <= 1.74,0.19954,0.98605,1.06353
CountInput_Mean <= 1.38,0.19768,0.98122,1.05832
MaxNesting_Mean > 1.4,0.19675,0.98349,1.06077
