Antecedent,Antecedent Coverage %,Confidence,Lift
0.78 < CountDeclClass <= 1.065,0.52497,0.94852,1.03999
MaxInheritanceTree <= 1.035,0.24782,0.99076,1.0863
OWN_COMMIT <= 0.045,0.21347,0.98069,1.07526
1.3 < CountDeclMethodPublic <= 3.85,0.21347,0.96781,1.06114
0.75 < CountClassCoupled <= 2.85,0.21118,0.97831,1.07265
CountOutput_Mean <= 1.78,0.19927,0.98621,1.08131
RatioCommentToCode > 1.57,0.19698,0.99535,1.09133
0.905 < RatioCommentToCode <= 1.57,0.19514,0.98122,1.07584
