Antecedent,Antecedent Coverage %,Confidence,Lift
MINOR_LINE <= 1.03,0.27555,0.9812,1.05794
MAJOR_LINE <= 0,0.26755,0.97007,1.04594
MaxInheritanceTree <= 1.095,0.2195,0.97854,1.05507
OWN_COMMIT <= 0.18,0.20207,0.99301,1.07067
CountDeclMethodPublic <= 1.45,0.19124,0.98276,1.05962
RatioCommentToCode > 1.825,0.1903,0.98762,1.06487
2.64 < CountClassCoupled <= 5.96,0.18559,0.99239,1.07
1.025 < RatioCommentToCode <= 1.825,0.17852,0.99736,1.07537
