Antecedent,Antecedent Coverage %,Confidence,Lift
-0.47 < CountDeclClassMethod <= 0.35,0.4289,0.99892,1.08569
-93 < Added_lines <= 17,0.4131,0.99775,1.08442
3.7 < CountClassCoupled <= 7.1,0.23745,0.99609,1.08261
0.8 < CountClassCoupled <= 3.7,0.18866,0.99507,1.08151
CountClassCoupled <= 0.8,0.18448,0.99244,1.07866
0.565 < CountDeclClass <= 1.07,0.5553,0.99163,1.07777
PercentLackOfCohesion <= 4,0.21933,0.98941,1.07536
CountClassBase <= 0.865,0.17007,0.98907,1.07499
RatioCommentToCode > 1.92,0.1961,0.98578,1.07142
