Antecedent,Antecedent Coverage %,Confidence,Lift
-0.44 < CountDeclClassMethod <= 0.28,0.43188,0.9979,1.04141
RatioCommentToCode > 2.05,0.19346,0.99765,1.04115
CountLineComment <= 14.4,0.1921,0.99764,1.04113
28.6 < CountLineComment <= 40.2,0.27384,0.99668,1.04014
-0.004 < MaxNesting_Mean <= 0.196,0.28747,0.99526,1.03866
CountInput_Mean <= 1.06,0.19119,0.99525,1.03864
-0.88 < CountDeclMethodPrivate <= 0.08,0.53179,0.99488,1.03825
-0.01 < MAJOR_LINE <= 0.62,0.30018,0.99395,1.03729
