{
    "30": {
        "CountDeclInstanceVariable": [
            15.0,
            14.0,
            13.0,
            12.0,
            10.5,
            8.5,
            6.5,
            4.5,
            2.5,
            0.5
        ],
        "CountDeclClass": [
            7,
            6,
            5,
            4,
            3,
            2,
            1,
            0
        ],
        "CountClassCoupled": [
            11.0,
            10.0,
            9.0,
            8.0,
            7.0,
            6.0,
            5.0,
            4.0,
            2.5,
            0.5
        ],
        "CountInput_Mean": [
            9.0,
            9.245000000000001,
            9.833333333333336,
            10.789215686274549,
            11.96666666666665,
            17.0490909090909,
            21.0576923076923,
            23.4,
            27.6527777777778,
            37.125
        ]
    },
    "49": {
        "CountClassCoupled": [
            32.0,
            28.0,
            24.0,
            19.0,
            16.0,
            13.0,
            10.0,
            7.0,
            4.0,
            1.0
        ],
        "CountDeclClass": [
            9,
            8,
            7,
            6,
            5,
            4,
            3,
            2,
            1,
            0
        ],
        "CountDeclInstanceVariable": [
            17.0,
            15.0,
            14.0,
            12.5,
            10.5,
            8.5,
            6.5,
            4.5,
            2.5,
            0.5
        ],
        "CountInput_Mean": [
            9.0,
            9.245000000000001,
            9.833333333333336,
            10.789215686274549,
            11.96666666666665,
            17.0490909090909,
            21.0576923076923,
            23.4,
            27.6527777777778,
            37.125
        ]
    },
    "340": {
        "CountClassCoupled": [
            61.0,
            52.0,
            43.0,
            30.0,
            22.5,
            17.5,
            13.5,
            9.5,
            5.5,
            1.5
        ],
        "CountDeclInstanceVariable": [
            17.0,
            15.0,
            14.0,
            12.5,
            10.5,
            8.5,
            6.5,
            4.5,
            2.5,
            0.5
        ],
        "CountDeclClass": [
            9,
            8,
            7,
            6,
            5,
            4,
            3,
            2,
            1,
            0
        ],
        "CountInput_Mean": [
            9.0,
            9.245000000000001,
            9.833333333333336,
            10.789215686274549,
            11.96666666666665,
            17.0490909090909,
            21.0576923076923,
            23.4,
            27.6527777777778,
            37.125
        ]
    },
    "358": {
        "CountDeclInstanceVariable": [
            8,
            7,
            6,
            5,
            4,
            3,
            2,
            1,
            0
        ],
        "CountClassCoupled": [
            11.0,
            10.0,
            9.0,
            8.0,
            7.0,
            6.0,
            5.0,
            4.0,
            2.5,
            0.5
        ],
        "CountDeclClass": [
            1,
            0
        ],
        "CountInput_Mean": [
            9.0,
            9.245000000000001,
            9.833333333333336,
            10.789215686274549,
            11.96666666666665,
            17.0490909090909,
            21.0576923076923,
            23.4,
            27.6527777777778,
            37.125
        ]
    },
    "359": {
        "CountDeclClass": [
            9,
            8,
            7,
            6,
            5,
            4,
            3,
            2,
            1,
            0
        ],
        "CountClassCoupled": [
            11.0,
            10.0,
            9.0,
            8.0,
            7.0,
            6.0,
            5.0,
            4.0,
            2.5,
            0.5
        ],
        "CountDeclInstanceVariable": [
            1,
            0
        ],
        "CountInput_Mean": [
            9.0,
            9.245000000000001,
            9.833333333333336,
            10.789215686274549,
            11.96666666666665,
            17.0490909090909,
            21.0576923076923,
            23.4,
            27.6527777777778,
            37.125
        ]
    },
    "390": {
        "CountClassCoupled": [
            11.0,
            10.0,
            9.0,
            8.0,
            7.0,
            6.0,
            5.0,
            4.0,
            2.5,
            0.5
        ],
        "CountDeclInstanceVariable": [
            8,
            7,
            6,
            5,
            4,
            3,
            2,
            1,
            0
        ],
        "CountInput_Mean": [
            9.0,
            9.245000000000001,
            9.833333333333336,
            10.789215686274549,
            11.96666666666665,
            17.0490909090909,
            21.0576923076923,
            23.4,
            27.6527777777778,
            37.125
        ],
        "CountDeclClass": [
            0
        ]
    },
    "439": {
        "CountDeclInstanceVariable": [
            15.0,
            14.0,
            13.0,
            12.0,
            10.5,
            8.5,
            6.5,
            4.5,
            2.5,
            0.5
        ],
        "CountClassCoupled": [
            32.0,
            28.0,
            24.0,
            19.0,
            16.0,
            13.0,
            10.0,
            7.0,
            4.0,
            1.0
        ],
        "CountDeclClass": [
            9,
            8,
            7,
            6,
            5,
            4,
            3,
            2,
            1,
            0
        ],
        "CountInput_Mean": [
            2.64576802507837,
            2.98873873873874,
            3.267857142857145,
            3.62908496732026,
            4.04700854700855,
            4.625,
            5.38461538461539,
            6.4,
            7.66666666666667,
            18.8181818181818
        ]
    },
    "471": {
        "OWN_COMMIT": [
            0.454545454545455,
            0.444444444444444,
            0.428571428571429,
            0.407407407407407,
            0.4,
            0.333333333333333,
            0.0
        ],
        "CountDeclInstanceVariable": [
            2.0,
            5.0,
            7.5,
            9.5,
            11.5,
            13.5,
            16.0,
            20.5,
            26.0,
            32.5
        ],
        "CountClassCoupled": [
            13.0,
            16.0,
            19.0,
            24.0,
            30.0,
            38.0,
            48.5,
            53.0,
            58.5,
            92.5
        ],
        "CountInput_Mean": [
            9.0,
            9.245000000000001,
            9.833333333333336,
            10.789215686274549,
            11.96666666666665,
            17.0490909090909,
            21.0576923076923,
            23.4,
            27.6527777777778,
            37.125
        ],
        "CountDeclClass": [
            2.5,
            4.5,
            6.5,
            8.5,
            10.5,
            15.0,
            17.0,
            18.0,
            21.0,
            37.0
        ]
    }
}