feature,value,importance,min,max,rule,importance_ratio
CountClassCoupled,13.0,0.07472388922428785,0.0,70.0,9.4837322829943 < CountClassCoupled <= 27.470932970550695,0.1191585405661263
OWN_COMMIT,0.5,0.06694233906800186,0.0,1.0,0.22545703255796007 < OWN_COMMIT <= 0.8942750310272135,0.10674968217303604
CountClassDerived,8.0,0.06015782756178103,0.0,52.0,5.508702333757287 < CountClassDerived <= 8.4908450742601,0.09593075267234034
CountDeclMethodPublic,14.0,0.05345091120825087,0.0,143.0,13.483597281164696 < CountDeclMethodPublic <= 19.495309567525048,0.0852355603759793
CountDeclMethodProtected,26.0,0.05274883930483582,0.0,40.0,CountDeclMethodProtected > 7.5042608019255965,0.08411600056382451
