feature,value,importance,min,max,rule,importance_ratio
OWN_COMMIT,0.5,0.09151377356110921,0.0,1.0,0.22545703255796007 < OWN_COMMIT <= 0.8942750310272135,0.13785314779572144
CountDeclMethodPublic,26.0,0.07410325047134662,0.0,143.0,19.495309567525048 < CountDeclMethodPublic <= 71.96116224848815,0.11162654474682437
CountClassCoupled,14.0,0.0714842076600303,0.0,70.0,9.4837322829943 < CountClassCoupled <= 27.470932970550695,0.10768131025695143
CountDeclInstanceVariable,8.0,0.05584000427458795,0.0,68.0,6.5096655502956775 < CountDeclInstanceVariable <= 10.490012821429584,0.08411542943356239
RatioCommentToCode,0.23,0.035107772124004004,0.03,7.5,0.19810732927548025 < RatioCommentToCode <= 0.49937012812407244,0.05288512003230929
