feature,value,importance,min,max,rule,importance_ratio
MAJOR_LINE,4.0,0.09281942211137109,0.0,4.0,MAJOR_LINE > 3.4980203506026695,0.15334488173204133
CountDeclMethodProtected,10.0,0.07223404353517492,0.0,40.0,CountDeclMethodProtected > 7.5042608019255965,0.1193362403144238
CountDeclInstanceVariable,8.0,0.05408433386412942,0.0,68.0,6.5096655502956775 < CountDeclInstanceVariable <= 10.490012821429584,0.08935151276852368
OWN_COMMIT,0.0,-0.04144450385473286,0.0,1.0,OWN_COMMIT <= 0.22545703255796007,0.06846953361142041
AvgLineComment,5.0,0.034061275269398346,0.0,17.0,2.489490125356666 < AvgLineComment <= 12.505651057302222,0.05627186755764687
