feature,value,importance,min,max,rule,importance_ratio
CountDeclMethodPublic,78.0,0.1304083969007052,0.0,143.0,CountDeclMethodPublic > 71.96116224848815,0.13634673661841054
CountClassCoupled,50.0,0.11435762950443586,0.0,70.0,38.52109038952732 < CountClassCoupled <= 52.51795645356438,0.1195650737292575
CountClassBase,6.0,0.10545872881689755,0.0,9.0,CountClassBase > 4.502788861793099,0.11026094840394558
OWN_COMMIT,0.625,0.08350710476384926,0.0,1.0,0.22545703255796007 < OWN_COMMIT <= 0.8942750310272135,0.08730972460057135
CountDeclInstanceVariable,21.0,0.07967920440661339,0.0,68.0,10.490012821429584 < CountDeclInstanceVariable <= 21.475771289759166,0.0833075151246972
