feature,value,importance,left,right,rec,rule,min,max
CountClassCoupled,27.0,0.2096449675518901,0.0,19.508692962965362,-1,19.508692962965362 < CountClassCoupled <= 35.464692589333026,0.0,132.0
OWN_COMMIT,0.454545454545455,0.05011025120416543,0.0,0.12394271196938178,-1,0.12394271196938178 < OWN_COMMIT <= 0.48523577667359796,0.0,1.0
CountDeclClassMethod,0.0,-0.019880380280645035,0.48786107726136896,247.0,1,CountDeclClassMethod <= 0.48786107726136896,0.0,247.0
CountDeclMethodProtected,0.0,-0.007688009484347234,0.5126907197084872,83.0,1,CountDeclMethodProtected <= 0.5126907197084872,0.0,83.0
