feature,value,importance,left,right,rec,rule,min,max
CountClassCoupled,56.0,0.4614638991120532,0.0,35.464692589333026,-1,CountClassCoupled > 35.464692589333026,0.0,132.0
OWN_COMMIT,0.333333333333333,0.05141771281627434,0.0,0.12394271196938178,-1,0.12394271196938178 < OWN_COMMIT <= 0.48523577667359796,0.0,1.0
CountDeclClassMethod,4.0,0.01815726076117059,0.0,1.5382515305679796,-1,1.5382515305679796 < CountDeclClassMethod <= 36.01015640726675,0.0,247.0
