Antecedent,Antecedent Coverage %,Confidence,Lift
CountClassCoupled <= 0.95,0.19286,0.99537,1.1698
-67 < Del_lines <= -3,0.06071,0.99265,1.16659
MAJOR_LINE <= -0.01,0.08884,0.98492,1.15752
0.95 < CountClassCoupled <= 3.6,0.22411,0.98406,1.15651
0.892 < OWN_COMMIT <= 1.006,0.3,0.98065,1.1525
OWN_COMMIT > 1.006,0.10045,0.97778,1.14912
CountPath_Min > 1.161,0.11473,0.96887,1.13865
CountInput_Mean <= 1.44,0.2,0.96652,1.13589
CountOutput_Mean <= 1.64,0.20268,0.96476,1.13382
