feature,value,importance,min,max,rule,importance_ratio
OWN_COMMIT,1.0,-0.26245482871930237,0.333333333333333,1.0,OWN_COMMIT > 0.9368453960027526,0.29680882642757717
CountClassCoupled,13.0,0.09428027145850307,0.0,72.0,10.530567416416119 < CountClassCoupled <= 13.472409202599035,0.10662107785717281
CountDeclMethodProtected,25.0,0.07349185765647803,0.0,40.0,CountDeclMethodProtected > 20.511143669075942,0.08311156677681482
RatioCommentToCode,0.1,0.0661409354066789,0.03,13.17,RatioCommentToCode <= 0.12009511813183904,0.0747984463180683
MINOR_COMMIT,0.0,0.04507530046827661,0.0,1.0,MINOR_COMMIT <= 0.49994445525106007,0.05097542726930843
