feature,value,importance,min,max,rule,importance_ratio
ADEV,13.0,0.15387605562466883,1.0,23.0,7.50418577217262 < ADEV <= 13.001711795655172,0.20604385193329847
OWN_COMMIT,0.846153846153846,0.12727349677629285,0.333333333333333,1.0,0.788684349671894 < OWN_COMMIT <= 0.9368453960027526,0.17042236635420685
CountClassCoupled,12.0,0.07500586982948552,0.0,72.0,10.530567416416119 < CountClassCoupled <= 13.472409202599035,0.10043471854367683
CountDeclMethodPublic,26.0,0.057642096988300334,0.0,129.0,17.486264821402255 < CountDeclMethodPublic <= 28.511725725366688,0.07718419638953976
AvgCyclomaticModified,1.0,-0.044000693896819675,0.0,14.0,0.49835134447717677 < AvgCyclomaticModified <= 1.4992287643594169,0.05891801958033335
