feature,value,importance,min,max,rule,importance_ratio
OWN_COMMIT,0.0,0.24229509615835718,0.333333333333333,1.0,OWN_COMMIT <= 0.5145864139598059,0.3196894491478924
CountDeclMethodPublic,40.0,0.08693861267548063,0.0,129.0,28.511725725366688 < CountDeclMethodPublic <= 55.48663978166802,0.11470870701296171
CountClassBase,4.0,0.0806201864820184,0.0,8.0,3.498430361850358 < CountClassBase <= 6.998499396918749,0.10637203730195202
MINOR_COMMIT,0.0,0.04541740271304144,0.0,1.0,MINOR_COMMIT <= 0.49994445525106007,0.05992471447119468
AvgCyclomaticModified,1.0,-0.0453266598461208,0.0,14.0,0.49835134447717677 < AvgCyclomaticModified <= 1.4992287643594169,0.059804986347927164
