feature,value,importance,min,max,rule,importance_ratio
OWN_COMMIT,0.0,0.24334397778151223,0.333333333333333,1.0,OWN_COMMIT <= 0.5145864139598059,0.32992735901367737
MINOR_COMMIT,0.0,0.0528273876744587,0.0,1.0,MINOR_COMMIT <= 0.49994445525106007,0.0716237182358988
CountDeclMethodProtected,15.0,0.04191446578109671,0.0,40.0,10.501345059289019 < CountDeclMethodProtected <= 18.515834976095164,0.05682790725169534
AvgCyclomaticModified,3.0,0.04178459373515996,0.0,14.0,1.4992287643594169 < AvgCyclomaticModified <= 4.5018610240061365,0.05665182588113401
ADEV,0.0,-0.03469009444721781,1.0,23.0,ADEV <= 2.508258838423875,0.04703305727656738
