feature,value,importance,min,max,rule,importance_ratio
OWN_COMMIT,1.0,-0.25974099679542245,0.333333333333333,1.0,OWN_COMMIT > 0.9368453960027526,0.2841563484573961
ADEV,11.0,0.15272409780474175,1.0,23.0,7.50418577217262 < ADEV <= 13.001711795655172,0.1670799854049473
CountDeclMethodPrivate,9.0,0.06744062148567602,0.0,21.0,2.499077003230803 < CountDeclMethodPrivate <= 16.49569590159254,0.07377996148278755
CountDeclMethodPublic,24.0,0.06432536979124653,0.0,129.0,17.486264821402255 < CountDeclMethodPublic <= 28.511725725366688,0.07037187975161588
CountDeclClassVariable,5.0,0.048569391701206575,0.0,23.0,4.5007585805173616 < CountDeclClassVariable <= 18.492771628527816,0.05313485804276796
