feature,value,importance,min,max,rule,importance_ratio
ADEV,8.0,0.1547515681050418,1.0,23.0,7.50418577217262 < ADEV <= 13.001711795655172,0.17501314596783826
CountClassCoupled,21.0,0.13833204513152594,0.0,72.0,17.51744165860055 < CountClassCoupled <= 26.52683212878574,0.1564438196206206
OWN_COMMIT,0.875,0.1274900907708236,0.333333333333333,1.0,0.788684349671894 < OWN_COMMIT <= 0.9368453960027526,0.1441823313246295
RatioCommentToCode,0.16,0.07438260693922165,0.03,13.17,0.12009511813183904 < RatioCommentToCode <= 0.16934579279518402,0.08412150006057492
CountDeclMethodPublic,26.0,0.05741711058428246,0.0,129.0,17.486264821402255 < CountDeclMethodPublic <= 28.511725725366688,0.06493471619568777
