feature,value,importance,min,max,rule,importance_ratio
OWN_COMMIT,0.666666666666667,0.23715902523473395,0.333333333333333,1.0,0.6568210184374299 < OWN_COMMIT <= 0.788684349671894,0.29579217796228563
CountDeclMethodPublic,37.0,0.0898946447604426,0.0,129.0,28.511725725366688 < CountDeclMethodPublic <= 55.48663978166802,0.11211942170245913
CountClassBase,4.0,0.08445578083956119,0.0,8.0,3.498430361850358 < CountClassBase <= 6.998499396918749,0.10533589995705778
AvgCyclomaticModified,2.0,0.041184324787351595,0.0,14.0,1.4992287643594169 < AvgCyclomaticModified <= 4.5018610240061365,0.051366382176261015
MINOR_COMMIT,0.0,0.040416037965021,0.0,1.0,MINOR_COMMIT <= 0.49994445525106007,0.050408150743778274
