feature,value,importance,min,max,rule,importance_ratio
MINOR_COMMIT,0.0,-0.13928465136372128,0.0,1.0,MINOR_COMMIT <= 0.4997656113766242,0.15414305406496892
AvgLineBlank,5.0,0.128955167458362,0.0,21.0,1.5072801485159428 < AvgLineBlank <= 17.999846823274996,0.14271165670353833
CountClassCoupled,16.0,0.11486244478509762,0.0,42.0,12.518831333769295 < CountClassCoupled <= 20.47194193978083,0.12711557133678117
OWN_COMMIT,0.666666666666667,0.06910440766443258,0.0,1.0,0.36450244784925023 < OWN_COMMIT <= 0.9806106315167405,0.07647622578980547
CountClassDerived,0.0,-0.05578124972630128,0.0,118.0,CountClassDerived <= 8.500764909068277,0.061731799650484254
