feature,value,importance,min,max,rule,importance_ratio
OWN_COMMIT,1.0,0.1818249728438996,0.0,1.0,OWN_COMMIT > 0.9806106315167405,0.15878020327912673
MaxInheritanceTree,4.0,0.148835327934807,0.0,5.0,MaxInheritanceTree > 3.5005965160115324,0.12997171540838223
CountClassCoupled,20.0,0.12763994971654735,0.0,42.0,12.518831333769295 < CountClassCoupled <= 20.47194193978083,0.11146267119165348
CountClassDerived,0.0,-0.11368642162606005,0.0,118.0,CountClassDerived <= 8.500764909068277,0.09927763416392534
AvgLineBlank,0.0,-0.09239263228698442,0.0,21.0,AvgLineBlank <= 0.49558335018002864,0.08068265159932453
