feature,value,importance,min,max,rule,importance_ratio
CountClassCoupled,25.0,0.2563985612386088,0.0,42.0,CountClassCoupled > 22.47692780684256,0.22444893718622264
CountClassDerived,0.0,-0.1255675554736585,0.0,118.0,CountClassDerived <= 8.500764909068277,0.10992068065821421
MINOR_COMMIT,0.0,-0.11050822479742523,0.0,1.0,MINOR_COMMIT <= 0.4997656113766242,0.09673788139175926
MaxInheritanceTree,3.0,0.1095959118087773,0.0,5.0,2.4990705242078834 < MaxInheritanceTree <= 3.5005965160115324,0.09593925101062911
CountDeclClass,3.0,0.05660445137881298,1.0,16.0,2.4947141850616767 < CountDeclClass <= 3.504805409412024,0.049551014992476806
