feature,value,importance,min,max,rule,importance_ratio
MINOR_COMMIT,0.0,-0.1468210101810074,0.0,1.0,MINOR_COMMIT <= 0.4997656113766242,0.16992068755055895
CountClassCoupled,13.0,0.11590186057924134,0.0,42.0,12.518831333769295 < CountClassCoupled <= 20.47194193978083,0.1341369591023378
CountClassDerived,0.0,-0.11006360238242827,0.0,118.0,CountClassDerived <= 8.500764909068277,0.12738015470712807
MaxInheritanceTree,3.0,0.10147865078279318,0.0,5.0,2.4990705242078834 < MaxInheritanceTree <= 3.5005965160115324,0.11744451350291732
OWN_COMMIT,0.5,0.05477610214865225,0.0,1.0,0.36450244784925023 < OWN_COMMIT <= 0.9806106315167405,0.06339414860968352
