feature,value,importance,min,max,rule,importance_ratio
MAJOR_LINE,7.0,0.13927430528140383,0.0,11.0,4.502888577510651 < MAJOR_LINE <= 7.495480408908931,0.12051226639285066
MINOR_COMMIT,0.0,-0.11033467786458194,0.0,1.0,MINOR_COMMIT <= 0.4997656113766242,0.09547117872402885
CountClassDerived,0.0,-0.10125813290682084,0.0,118.0,CountClassDerived <= 8.500764909068277,0.0876173610247318
AvgLineBlank,0.0,-0.10091384203628462,0.0,21.0,AvgLineBlank <= 0.49558335018002864,0.08731945055931713
CountClassCoupled,16.0,0.09444432882964862,0.0,42.0,12.518831333769295 < CountClassCoupled <= 20.47194193978083,0.08172146392843868
