feature,value,importance,min,max,rule,importance_ratio
MaxInheritanceTree,4.0,0.15288207369891502,0.0,5.0,MaxInheritanceTree > 3.5005965160115324,0.14701048694730265
CountClassDerived,0.0,-0.0915706882844547,0.0,118.0,CountClassDerived <= 8.500764909068277,0.0880538257304714
CountDeclMethodDefault,0.0,-0.08826460503362543,0.0,68.0,CountDeclMethodDefault <= 0.49008279034263774,0.08487471586602834
MAJOR_LINE,4.0,0.0882328733402161,0.0,11.0,2.4941625536953684 < MAJOR_LINE <= 4.502888577510651,0.08484420285958551
AvgLineBlank,0.0,-0.0791591970159414,0.0,21.0,AvgLineBlank <= 0.49558335018002864,0.0761190100193781
