feature,value,importance,min,max,rule,importance_ratio
CountClassCoupled,21.0,0.14166237608653917,0.0,42.0,20.47194193978083 < CountClassCoupled <= 22.47692780684256,0.12266375829770061
MINOR_COMMIT,0.0,-0.1371784319441368,0.0,1.0,MINOR_COMMIT <= 0.4997656113766242,0.11878116465711368
CountClassDerived,0.0,-0.12518047553075642,0.0,118.0,CountClassDerived <= 8.500764909068277,0.10839227759892828
CountDeclMethodDefault,8.0,0.1095233916376455,0.0,68.0,6.50708290542353 < CountDeclMethodDefault <= 9.500311389067832,0.09483499579011445
MAJOR_LINE,5.0,0.09972691166020302,0.0,11.0,4.502888577510651 < MAJOR_LINE <= 7.495480408908931,0.08635234086565387
