feature,value,importance,min,max,rule,importance_ratio
MaxInheritanceTree,4.0,0.19962391349206404,0.0,5.0,MaxInheritanceTree > 3.5005965160115324,0.17388253369243323
CountClassDerived,0.0,-0.1611125578190088,0.0,118.0,CountClassDerived <= 8.500764909068277,0.14033719344126375
CountClassCoupled,8.0,-0.10622074361201818,0.0,42.0,0.4889161313989083 < CountClassCoupled <= 8.508859599645833,0.09252364462179691
AvgLineBlank,3.0,0.09382743197337001,0.0,21.0,1.5072801485159428 < AvgLineBlank <= 17.999846823274996,0.08172844283023532
MINOR_LINE,4.0,0.07540661813565881,1.0,9.0,2.5038446058378865 < MINOR_LINE <= 7.994822929911519,0.06568298150876296
