feature,value,importance,min,max,rule,importance_ratio
MaxInheritanceTree,4.0,0.17519891080030195,0.0,5.0,MaxInheritanceTree > 3.5005965160115324,0.1748851801338674
MINOR_COMMIT,0.0,-0.12583740509196237,0.0,1.0,MINOR_COMMIT <= 0.4997656113766242,0.12561206663077243
AvgLineBlank,0.0,-0.11249957082677965,0.0,21.0,AvgLineBlank <= 0.49558335018002864,0.1122981165759064
CountClassCoupled,6.0,-0.07539848044292792,0.0,42.0,0.4889161313989083 < CountClassCoupled <= 8.508859599645833,0.07526346353323678
CountDeclClass,1.0,-0.06100962382931106,1.0,16.0,CountDeclClass <= 1.4992619639627836,0.0609003732075152
