feature,value,importance,min,max,rule,importance_ratio
OWN_COMMIT,1.0,0.17661773411818707,0.0,1.0,OWN_COMMIT > 0.9806106315167405,0.15419643294066265
CountClassCoupled,17.0,0.14630036787384376,0.0,42.0,12.518831333769295 < CountClassCoupled <= 20.47194193978083,0.12772780138237788
CountClassDerived,2.0,-0.12234590352607179,0.0,118.0,CountClassDerived <= 8.500764909068277,0.10681431285942464
MaxInheritanceTree,3.0,0.11213608208038497,0.0,5.0,2.4990705242078834 < MaxInheritanceTree <= 3.5005965160115324,0.09790060973812593
MINOR_COMMIT,0.0,-0.10361918322420396,0.0,1.0,MINOR_COMMIT <= 0.4997656113766242,0.09046491575248847
