feature,value,importance,min,max,rule,importance_ratio
CountClassCoupled,45.0,0.3536566594213749,0.0,42.0,CountClassCoupled > 22.47692780684256,0.2458743784486154
AvgLineBlank,3.0,0.12372721594877774,0.0,21.0,1.5072801485159428 < AvgLineBlank <= 17.999846823274996,0.0860194527889178
CountClassDerived,0.0,-0.09638537288485186,0.0,118.0,CountClassDerived <= 8.500764909068277,0.06701045496605354
CountDeclClass,1.0,-0.08205521526159919,1.0,16.0,CountDeclClass <= 1.4992619639627836,0.05704763225418187
MINOR_COMMIT,0.0,-0.06413825848501567,0.0,1.0,MINOR_COMMIT <= 0.4997656113766242,0.0445911423400917
