feature,value,importance,min,max,rule,importance_ratio
CountClassCoupled,37.0,0.27187870085894056,0.0,42.0,CountClassCoupled > 22.47692780684256,0.2126472982314635
MaxInheritanceTree,4.0,0.1936111098213123,0.0,5.0,MaxInheritanceTree > 3.5005965160115324,0.15143105833971895
CountClassDerived,0.0,-0.12203169487938507,0.0,118.0,CountClassDerived <= 8.500764909068277,0.09544591074153728
CountDeclMethodProtected,5.0,-0.08685815749416993,0.0,25.0,4.506724473217355 < CountDeclMethodProtected <= 5.504382143402076,0.06793526841987188
OWN_COMMIT,0.285714285714286,0.0835598125792764,0.0,1.0,0.12361804521233677 < OWN_COMMIT <= 0.36450244784925023,0.06535549982243587
