feature,value,importance,min,max,rule,importance_ratio
CountClassCoupled,24.0,0.31855172132200804,0.0,42.0,CountClassCoupled > 22.47692780684256,0.25428856738763433
MINOR_COMMIT,0.0,-0.10982489638506737,0.0,1.0,MINOR_COMMIT <= 0.4997656113766242,0.08766932870227355
AvgLineBlank,9.0,0.09541773897300233,0.0,21.0,1.5072801485159428 < AvgLineBlank <= 17.999846823274996,0.07616860472803758
RatioCommentToCode,0.15,0.0677887292016979,0.0,12.57,RatioCommentToCode <= 0.31833570473338724,0.054113343861994456
CountDeclClass,4.0,0.05596528887030667,1.0,16.0,3.504805409412024 < CountDeclClass <= 15.494149072353103,0.04467510981012611
