feature,value,importance,min,max,rule,importance_ratio
MINOR_COMMIT,0.0,-0.11947441079011817,0.0,1.0,MINOR_COMMIT <= 0.4997656113766242,0.13045288333490615
CountClassDerived,2.0,-0.11054155159378576,0.0,118.0,CountClassDerived <= 8.500764909068277,0.12069918602951898
MaxInheritanceTree,3.0,0.10852922904012062,0.0,5.0,2.4990705242078834 < MaxInheritanceTree <= 3.5005965160115324,0.1185019516795908
CountDeclClass,4.0,0.09129860567832994,1.0,16.0,3.504805409412024 < CountDeclClass <= 15.494149072353103,0.09968801081695626
CountClassCoupled,6.0,-0.07509105390238463,0.0,42.0,0.4889161313989083 < CountClassCoupled <= 8.508859599645833,0.08199115132219723
