feature,value,importance,min,max,rule,importance_ratio
MaxInheritanceTree,4.0,0.17534849777574488,0.0,5.0,MaxInheritanceTree > 3.5005965160115324,0.15797232677011927
MINOR_COMMIT,0.0,-0.136604659774444,0.0,1.0,MINOR_COMMIT <= 0.4997656113766242,0.12306781196271224
CountClassDerived,3.0,-0.11886562007414131,0.0,118.0,CountClassDerived <= 8.500764909068277,0.10708662357689443
AvgLineBlank,0.0,-0.08875940811769607,0.0,21.0,AvgLineBlank <= 0.49558335018002864,0.07996378868910158
MAJOR_LINE,4.0,0.07705435844900962,0.0,11.0,2.4941625536953684 < MAJOR_LINE <= 4.502888577510651,0.06941865169290665
