feature,value,importance,min,max,rule,importance_ratio
MaxInheritanceTree,4.0,0.17385199719178926,0.0,5.0,MaxInheritanceTree > 3.5005965160115324,0.17368598256841414
MINOR_COMMIT,0.0,-0.14091902518618196,0.0,1.0,MINOR_COMMIT <= 0.4997656113766242,0.14078445889260718
CountClassDerived,0.0,-0.12129963501889302,0.0,118.0,CountClassDerived <= 8.500764909068277,0.121183803659182
CountClassCoupled,12.0,0.09537993871358667,0.0,42.0,11.516338400238428 < CountClassCoupled <= 12.518831333769295,0.09528885857151842
AvgLineBlank,0.0,-0.09045038881063706,0.0,21.0,AvgLineBlank <= 0.49558335018002864,0.09036401599079556
