feature,value,importance,min,max,rule,importance_ratio
CountClassCoupled,30.0,0.25263683420527105,0.0,42.0,CountClassCoupled > 22.47692780684256,0.20445059877046326
MINOR_COMMIT,0.0,-0.14811904566315728,0.0,1.0,MINOR_COMMIT <= 0.4997656113766242,0.1198678239869674
AvgLineBlank,3.0,0.12441207116523102,0.0,21.0,1.5072801485159428 < AvgLineBlank <= 17.999846823274996,0.1006825569360078
CountClassDerived,8.0,-0.11763626101130793,0.0,118.0,CountClassDerived <= 8.500764909068277,0.09519911883212875
MaxInheritanceTree,3.0,0.11004620989567546,0.0,5.0,2.4990705242078834 < MaxInheritanceTree <= 3.5005965160115324,0.0890567425623698
