feature,value,importance,min,max,rule,importance_ratio
OWN_COMMIT,1.0,0.19035249098817295,0.0,1.0,OWN_COMMIT > 0.9806106315167405,0.1517926367372779
MINOR_COMMIT,0.0,-0.12829587571925774,0.0,1.0,MINOR_COMMIT <= 0.4997656113766242,0.10230687897409355
AvgLineBlank,4.0,0.1278933696146127,0.0,21.0,1.5072801485159428 < AvgLineBlank <= 17.999846823274996,0.10198590884856618
CountClassDerived,0.0,-0.10873785083719632,0.0,118.0,CountClassDerived <= 8.500764909068277,0.08671073861990271
CountClassCoupled,13.0,0.10764569179165347,0.0,42.0,12.518831333769295 < CountClassCoupled <= 20.47194193978083,0.08583981909371842
