feature,value,importance,min,max,rule,importance_ratio
CountClassCoupled,24.0,0.25543545336829826,0.0,42.0,CountClassCoupled > 22.47692780684256,0.1956450875167627
OWN_COMMIT,1.0,0.18583527392674898,0.0,1.0,OWN_COMMIT > 0.9806106315167405,0.1423363826425384
MINOR_COMMIT,0.0,-0.15153137392849073,0.0,1.0,MINOR_COMMIT <= 0.4997656113766242,0.11606207565489902
AvgLineBlank,3.0,0.12477254367396191,0.0,21.0,1.5072801485159428 < AvgLineBlank <= 17.999846823274996,0.09556674652983395
CountClassDerived,0.0,-0.11308290264184023,0.0,118.0,CountClassDerived <= 8.500764909068277,0.08661332674173797
