feature,value,importance,min,max,rule,importance_ratio
OWN_COMMIT,0.0,-0.18631287576689257,0.0,1.0,OWN_COMMIT <= 0.12361804521233677,0.15799551232841197
MINOR_COMMIT,0.0,-0.1270068812194406,0.0,1.0,MINOR_COMMIT <= 0.4997656113766242,0.10770333067375187
AvgLineBlank,6.0,0.12600028538903946,0.0,21.0,1.5072801485159428 < AvgLineBlank <= 17.999846823274996,0.10684972555774877
CountClassCoupled,15.0,0.10568934045616053,0.0,42.0,12.518831333769295 < CountClassCoupled <= 20.47194193978083,0.08962580511029997
MaxInheritanceTree,3.0,0.10489711955119028,0.0,5.0,2.4990705242078834 < MaxInheritanceTree <= 3.5005965160115324,0.08895399245514747
