feature,value,importance,min,max,rule,importance_ratio
CountClassCoupled,24.0,0.24298627685294538,0.0,42.0,CountClassCoupled > 22.47692780684256,0.21203619547124186
MINOR_COMMIT,0.0,-0.12929012009667032,0.0,1.0,MINOR_COMMIT <= 0.4997656113766242,0.11282194835187714
CountClassDerived,0.0,-0.12313037458791867,0.0,118.0,CountClassDerived <= 8.500764909068277,0.10744679293296758
AvgLineBlank,9.0,0.12282353050838014,0.0,21.0,1.5072801485159428 < AvgLineBlank <= 17.999846823274996,0.10717903274473439
CountDeclClass,4.0,0.0861350030798319,1.0,16.0,3.504805409412024 < CountDeclClass <= 15.494149072353103,0.07516366185981944
