feature,value,importance,min,max,rule,importance_ratio
OWN_COMMIT,1.0,0.19094833062854535,0.0,1.0,OWN_COMMIT > 0.9806106315167405,0.2116794032658383
MINOR_COMMIT,0.0,-0.11599873633808754,0.0,1.0,MINOR_COMMIT <= 0.4997656113766242,0.12859260516607504
CountClassCoupled,17.0,0.11119584499650638,0.0,42.0,12.518831333769295 < CountClassCoupled <= 20.47194193978083,0.12326826863068888
CountClassDerived,0.0,-0.10976917407450729,0.0,118.0,CountClassDerived <= 8.500764909068277,0.12168670544848452
CountDeclMethodDefault,0.0,-0.05244695747142751,0.0,68.0,CountDeclMethodDefault <= 0.49008279034263774,0.05814107211158262
