feature,value,importance,left,right,rec,rule,min,max
ADEV,13.0,0.19812546600502143,1.0,7.50418577217262,-1,7.50418577217262 < ADEV <= 13.001711795655172,1.0,23.0
OWN_COMMIT,0.846153846153846,0.027929883383809567,0.333333333333333,0.788684349671894,-1,0.788684349671894 < OWN_COMMIT <= 0.9368453960027526,0.333333333333333,1.0
CountDeclClassVariable,1.0,-0.003587601196651944,1.499011836653526,23.0,1,0.4984295886989145 < CountDeclClassVariable <= 1.499011836653526,0.0,23.0
