feature,value,importance,left,right,rec,rule,min,max
OWN_COMMIT,0.0,0.21809874154160733,0.333333333333333,0.333333333333333,-1,OWN_COMMIT <= 0.5145864139598059,0.333333333333333,1.0
ADEV,0.0,-0.05721685064284759,2.508258838423875,23.0,1,ADEV <= 2.508258838423875,1.0,23.0
CountDeclClassVariable,1.0,-0.007951826133879333,1.499011836653526,23.0,1,0.4984295886989145 < CountDeclClassVariable <= 1.499011836653526,0.0,23.0
CountDeclInstanceVariable,2.0,-0.007780846210425803,5.50135844334037,68.0,1,1.4842396395859927 < CountDeclInstanceVariable <= 5.50135844334037,0.0,68.0
