feature,value,importance,min,max,rule,importance_ratio
MAJOR_LINE,7.0,0.317908752047675,0.0,12.0,4.497171535648503 < MAJOR_LINE <= 7.503675252679776,0.24817692074689193
CountLineComment,888.0,0.227170482602379,15.0,3419.0,CountLineComment > 430.39806709852445,0.17734167585417415
Added_lines,0.0,-0.1741585621620088,0.0,10080.0,Added_lines <= 2.0010783245919797,0.13595767779489043
OWN_LINE,0.90894819466248,-0.06538963082676409,0.252747252747253,1.0,0.818125123478282 < OWN_LINE <= 0.9786310731922031,0.051046714262615527
AvgLineComment,10.0,0.05873347735561804,0.0,395.0,6.503925149384992 < AvgLineComment <= 10.469419988455925,0.045850557623807305
