feature,value,importance,min,max,rule,importance_ratio
MAJOR_LINE,11.0,0.30358651357076016,0.0,12.0,MAJOR_LINE > 7.503675252679776,0.17553476277595975
CountLineComment,1278.0,0.22167635256476623,15.0,3419.0,CountLineComment > 430.39806709852445,0.12817402691185964
Added_lines,54.0,0.17956621068291606,0.0,10080.0,14.469711558006416 < Added_lines <= 1320.5590427581683,0.10382579853125441
OWN_LINE,0.798611111111111,0.16837970148958828,0.252747252747253,1.0,0.767298239402207 < OWN_LINE <= 0.818125123478282,0.09735772057072208
CountDeclInstanceVariable,54.0,0.15416678828848332,0.0,1114.0,CountDeclInstanceVariable > 21.485480801487,0.08913976543903022
