feature,value,importance,min,max,rule,importance_ratio
MAJOR_LINE,6.0,0.3178204323981111,0.0,12.0,4.497171535648503 < MAJOR_LINE <= 7.503675252679776,0.22549667590187158
Added_lines,23.0,0.18434236892270747,0.0,10080.0,14.469711558006416 < Added_lines <= 1320.5590427581683,0.13079269670074892
MaxInheritanceTree,1.0,-0.15840988733874214,0.0,7.0,0.4959182153937882 < MaxInheritanceTree <= 1.4946384033941256,0.11239334977724558
CountLineComment,268.0,0.11951355977666799,15.0,3419.0,254.46825531408285 < CountLineComment <= 430.39806709852445,0.08479602853563556
RatioCommentToCode,0.28,-0.11248492668472262,0.05,29.08,RatioCommentToCode <= 0.3158916615634513,0.07980914526193136
