feature,value,importance,min,max,rule,importance_ratio
OWN_LINE,0.801652892561983,0.18195654554721608,0.252747252747253,1.0,0.767298239402207 < OWN_LINE <= 0.818125123478282,0.1806812427024517
MaxInheritanceTree,3.0,0.13575938847859792,0.0,7.0,2.493358591394463 < MaxInheritanceTree <= 3.505949893117027,0.13480787374298045
RatioCommentToCode,0.77,0.1084222435991059,0.05,29.08,0.3158916615634513 < RatioCommentToCode <= 0.8902967105398505,0.10766233031716357
MAJOR_LINE,3.0,0.06508705909158818,0.0,12.0,2.492835724294319 < MAJOR_LINE <= 4.497171535648503,0.06463087483414794
CountDeclClassVariable,0.0,-0.049388302011340195,0.0,321.0,CountDeclClassVariable <= 0.438177004018415,0.049042147703652485
