feature,value,importance,min,max,rule,importance_ratio
MAJOR_LINE,5.0,0.3036906125243766,0.0,12.0,4.497171535648503 < MAJOR_LINE <= 7.503675252679776,0.18027103242520293
CountLineComment,994.0,0.22842025100738753,15.0,3419.0,CountLineComment > 430.39806709852445,0.13559047523281778
MaxInheritanceTree,4.0,0.21598728357072886,0.0,7.0,3.505949893117027 < MaxInheritanceTree <= 4.504670081117364,0.1282102541015654
OWN_LINE,0.557471264367816,0.20587029739884397,0.252747252747253,1.0,OWN_LINE <= 0.6736697687357529,0.12220480162123626
Added_lines,0.0,-0.17256243879423191,0.0,10080.0,Added_lines <= 2.0010783245919797,0.10243322551417391
