feature,value,importance,min,max,rule,importance_ratio
Added_lines,0.0,-0.17094836353970294,0.0,10080.0,Added_lines <= 2.0010783245919797,0.15081869820258714
MaxInheritanceTree,3.0,0.13185994459026773,0.0,7.0,2.493358591394463 < MaxInheritanceTree <= 3.505949893117027,0.11633305389057257
CountLineComment,426.0,0.1121535453161904,15.0,3419.0,254.46825531408285 < CountLineComment <= 430.39806709852445,0.09894714025422191
RatioCommentToCode,0.45,0.10998497427418721,0.05,29.08,0.3158916615634513 < RatioCommentToCode <= 0.8902967105398505,0.09703392473848058
CountDeclMethodPublic,5.0,-0.07693154464865881,0.0,205.0,2.4918481128777863 < CountDeclMethodPublic <= 6.460095965982637,0.06787263226377822
