feature,value,importance,min,max,rule,importance_ratio
MAJOR_LINE,6.0,0.31690732052654513,0.0,12.0,4.497171535648503 < MAJOR_LINE <= 7.503675252679776,0.25604127486595357
OWN_LINE,0.734793187347932,0.19987557887143226,0.252747252747253,1.0,0.6816950662214489 < OWN_LINE <= 0.767298239402207,0.1614869544312886
Added_lines,0.0,-0.17308892169199325,0.0,10080.0,Added_lines <= 2.0010783245919797,0.13984501242052863
RatioCommentToCode,0.8,0.10962267574269045,0.05,29.08,0.3158916615634513 < RatioCommentToCode <= 0.8902967105398505,0.08856825902519487
MINOR_COMMIT,0.0,-0.052874553494691064,0.0,6.0,MINOR_COMMIT <= 0.49897740704811133,0.04271932898948218
