feature,value,importance,min,max,rule,importance_ratio
MAJOR_LINE,7.0,0.3315761250137751,0.0,12.0,4.497171535648503 < MAJOR_LINE <= 7.503675252679776,0.18760066194468122
CountLineComment,759.0,0.22848401333942017,15.0,3419.0,CountLineComment > 430.39806709852445,0.1292727338087803
OWN_LINE,0.816781731279873,0.20354478910038465,0.252747252747253,1.0,0.767298239402207 < OWN_LINE <= 0.818125123478282,0.11516250504778149
Added_lines,0.0,-0.17541068988076466,0.0,10080.0,Added_lines <= 2.0010783245919797,0.09924466525579169
MaxInheritanceTree,1.0,-0.1612827466761644,0.0,7.0,0.4959182153937882 < MaxInheritanceTree <= 1.4946384033941256,0.09125129270223477
