feature,value,importance,min,max,rule,importance_ratio
MaxInheritanceTree,4.0,0.2125680115191303,0.0,7.0,3.505949893117027 < MaxInheritanceTree <= 4.504670081117364,0.1742959240287484
Added_lines,0.0,-0.16997157482042266,0.0,10080.0,Added_lines <= 2.0010783245919797,0.13936881885579924
CountLineComment,261.0,0.11747189854449339,15.0,3419.0,254.46825531408285 < CountLineComment <= 430.39806709852445,0.09632151591341956
RatioCommentToCode,0.46,0.11011394707270884,0.05,29.08,0.3158916615634513 < RatioCommentToCode <= 0.8902967105398505,0.09028833650148363
OWN_LINE,0.995402298850575,-0.09035969886497318,0.252747252747253,1.0,0.9786310731922031 < OWN_LINE <= 1.0000318664873926,0.07409076791976563
