feature,value,importance,min,max,rule,importance_ratio
CountLineComment,533.0,0.2277442423946151,15.0,3419.0,CountLineComment > 430.39806709852445,0.17385323249609014
MaxInheritanceTree,5.0,0.19490469226363455,0.0,7.0,MaxInheritanceTree > 4.504670081117364,0.14878448922531246
Added_lines,3487.0,0.14740178330313294,0.0,10080.0,Added_lines > 1320.5590427581683,0.11252217063092607
RatioCommentToCode,0.12,-0.10310064204381163,0.05,29.08,RatioCommentToCode <= 0.3158916615634513,0.07870398699555779
OWN_LINE,1.0,-0.08470360372954129,0.252747252747253,1.0,OWN_LINE > 1.0000318664873926,0.06466023095737686
