feature,value,importance,min,max,rule,importance_ratio
Added_lines,0.0,-0.17281224557956554,0.0,10080.0,Added_lines <= 2.0010783245919797,0.16639536829875634
MaxInheritanceTree,1.0,-0.1585607974279152,0.0,7.0,0.4959182153937882 < MaxInheritanceTree <= 1.4946384033941256,0.15267310599013617
RatioCommentToCode,0.55,0.1078866806480688,0.05,29.08,0.3158916615634513 < RatioCommentToCode <= 0.8902967105398505,0.10388062432011162
OWN_LINE,0.962466487935657,-0.06727713944249578,0.252747252747253,1.0,0.818125123478282 < OWN_LINE <= 0.9786310731922031,0.06477899964830153
MAJOR_LINE,3.0,0.06518045094272797,0.0,12.0,2.492835724294319 < MAJOR_LINE <= 4.497171535648503,0.06276016554336536
