feature,value,importance,min,max,rule,importance_ratio
OWN_LINE,0.764383561643836,0.20158135085436935,0.252747252747253,1.0,0.6816950662214489 < OWN_LINE <= 0.767298239402207,0.16138334628962686
Added_lines,0.0,-0.17029612944098824,0.0,10080.0,Added_lines <= 2.0010783245919797,0.13633681445667534
MaxInheritanceTree,1.0,-0.15557107295688316,0.0,7.0,0.4959182153937882 < MaxInheritanceTree <= 1.4946384033941256,0.12454813023744199
CountDeclClassMethod,14.0,0.11344597656432708,0.0,62.0,13.493374941588892 < CountDeclClassMethod <= 15.47641832653596,0.09082333878332005
RatioCommentToCode,0.78,0.10983610844442482,0.05,29.08,0.3158916615634513 < RatioCommentToCode <= 0.8902967105398505,0.08793332641667537
