feature,value,importance,min,max,rule,importance_ratio
OWN_LINE,0.513661202185792,0.20258939723954694,0.252747252747253,1.0,OWN_LINE <= 0.6736697687357529,0.1803183460002737
Added_lines,0.0,-0.1713567575614623,0.0,10080.0,Added_lines <= 2.0010783245919797,0.1525191718839919
MaxInheritanceTree,1.0,-0.15462194515966118,0.0,7.0,0.4959182153937882 < MaxInheritanceTree <= 1.4946384033941256,0.13762405035228822
CountDeclMethodPublic,6.0,-0.08321466944561103,0.0,205.0,2.4918481128777863 < CountDeclMethodPublic <= 6.460095965982637,0.07406671702393998
MAJOR_LINE,1.0,-0.06466446121444497,0.0,12.0,0.5034576428756157 < MAJOR_LINE <= 1.505625548552707,0.05755576970003152
