feature,value,importance,min,max,rule,importance_ratio
OWN_LINE,0.794871794871795,0.17851377166749194,0.252747252747253,1.0,0.767298239402207 < OWN_LINE <= 0.818125123478282,0.1828016561890399
Added_lines,0.0,-0.16996061370855464,0.0,10080.0,Added_lines <= 2.0010783245919797,0.17404305215566307
RatioCommentToCode,4.71,-0.1007197596505986,0.05,29.08,1.5691390411483221 < RatioCommentToCode <= 5.381099820718971,0.10313903909545993
MAJOR_LINE,2.0,0.06436114936966607,0.0,12.0,1.505625548552707 < MAJOR_LINE <= 2.492835724294319,0.06590709831015044
AvgLineComment,8.0,0.05862732218578745,0.0,395.0,6.503925149384992 < AvgLineComment <= 10.469419988455925,0.06003554512002969
