feature,value,importance,min,max,rule,importance_ratio
Added_lines,0.0,-0.1717686465889491,0.0,10080.0,Added_lines <= 2.0010783245919797,0.1700554150262646
MaxInheritanceTree,1.0,-0.1560534438502173,0.0,7.0,0.4959182153937882 < MaxInheritanceTree <= 1.4946384033941256,0.15449695673351083
OWN_LINE,0.89438202247191,-0.06917863265148841,0.252747252747253,1.0,0.818125123478282 < OWN_LINE <= 0.9786310731922031,0.06848864050638227
MAJOR_LINE,2.0,0.06871526330521396,0.0,12.0,1.505625548552707 < MAJOR_LINE <= 2.492835724294319,0.06802989283586171
CountDeclMethodDefault,22.0,0.05218766239234946,0.0,98.0,20.486715834534593 < CountDeclMethodDefault <= 61.99939557279838,0.05166713928077568
