feature,value,importance,min,max,rule,importance_ratio
CountLineComment,508.0,0.22545274831387632,15.0,3419.0,CountLineComment > 430.39806709852445,0.14329268566324446
CountClassDerived,8.0,0.19950211954252975,0.0,146.0,7.510151647074075 < CountClassDerived <= 45.48828422583489,0.1267990508812051
CountDeclInstanceVariable,21.0,0.19167370010071827,0.0,1114.0,17.474832958593538 < CountDeclInstanceVariable <= 21.485480801487,0.12182348391781724
Added_lines,0.0,-0.1758171331636318,0.0,10080.0,Added_lines <= 2.0010783245919797,0.11174540734165211
MaxInheritanceTree,3.0,0.12807257705769223,0.0,7.0,2.493358591394463 < MaxInheritanceTree <= 3.505949893117027,0.08140004352867768
