feature,value,importance,min,max,rule,importance_ratio
MAJOR_LINE,7.0,0.3143874943570176,0.0,12.0,4.497171535648503 < MAJOR_LINE <= 7.503675252679776,0.22311042897442324
MaxInheritanceTree,5.0,0.19748362720592172,0.0,7.0,MaxInheritanceTree > 4.504670081117364,0.1401476126505945
CountLineComment,346.0,0.11520091780935034,15.0,3419.0,254.46825531408285 < CountLineComment <= 430.39806709852445,0.08175428937864718
RatioCommentToCode,0.7,0.10719981832046797,0.05,29.08,0.3158916615634513 < RatioCommentToCode <= 0.8902967105398505,0.07607617313269881
Added_lines,2.0,0.09493568873675735,0.0,10080.0,2.0010783245919797 < Added_lines <= 5.118236632945589,0.06737272512177918
