feature,value,importance,min,max,rule,importance_ratio
MAJOR_LINE,6.0,0.14840008102275132,0.0,12.0,4.497171535648503 < MAJOR_LINE <= 7.503675252679776,0.17584374798238228
Added_lines,14.0,0.11886135686462644,0.0,10080.0,14.469711558006416 < Added_lines <= 1320.5590427581683,0.14084241960853797
OWN_LINE,0.709104938271605,0.09495182001115768,0.252747252747253,1.0,0.6816950662214489 < OWN_LINE <= 0.767298239402207,0.11251128566399335
CountLineComment,427.0,0.09262126996421509,15.0,3419.0,254.46825531408285 < CountLineComment <= 430.39806709852445,0.10974974636906484
MaxInheritanceTree,5.0,0.07598938105876564,0.0,7.0,MaxInheritanceTree > 4.504670081117364,0.09004211776802347
