feature,value,importance,min,max,rule,importance_ratio
Added_lines,0.0,-0.11195383002544138,0.0,10080.0,Added_lines <= 2.0010783245919797,0.1666478929126651
CountLineComment,257.0,0.08825490659655626,15.0,3419.0,254.46825531408285 < CountLineComment <= 430.39806709852445,0.13137106805705448
MaxInheritanceTree,3.0,0.0508017476216759,0.0,7.0,2.493358591394463 < MaxInheritanceTree <= 3.505949893117027,0.07562049637345498
OWN_LINE,0.988817891373802,-0.04565125442718507,0.252747252747253,1.0,0.9786310731922031 < OWN_LINE <= 1.0000318664873926,0.06795377484969946
CountClassCoupled,20.0,0.04097085815965148,0.0,128.0,16.508344142878215 < CountClassCoupled <= 24.508573690487815,0.060986811988281264
