feature,value,importance,min,max,rule,importance_ratio
MAJOR_LINE,6.0,0.1478354813574656,0.0,12.0,4.497171535648503 < MAJOR_LINE <= 7.503675252679776,0.174908617487528
CountLineComment,891.0,0.13307861217812775,15.0,3419.0,CountLineComment > 430.39806709852445,0.15744932041687962
CountClassCoupled,48.0,0.06520198587616935,0.0,128.0,CountClassCoupled > 42.45780664986833,0.07714243632397247
CountDeclMethodPublic,71.0,0.05183510026503669,0.0,205.0,CountDeclMethodPublic > 46.44782433188537,0.06132767074206247
MaxInheritanceTree,3.0,0.045433066383867744,0.0,7.0,2.493358591394463 < MaxInheritanceTree <= 3.505949893117027,0.05375323133833115
