feature,value,importance,min,max,rule,importance_ratio
MAJOR_LINE,5.0,0.14262500896729685,0.0,12.0,4.497171535648503 < MAJOR_LINE <= 7.503675252679776,0.1881003586027103
CountLineComment,478.0,0.1372076939813527,15.0,3419.0,CountLineComment > 430.39806709852445,0.18095575683266885
MaxInheritanceTree,4.0,0.09744584732940023,0.0,7.0,3.505949893117027 < MaxInheritanceTree <= 4.504670081117364,0.1285160222581162
CountDeclMethodPublic,53.0,0.054434998368261954,0.0,205.0,CountDeclMethodPublic > 46.44782433188537,0.07179135544142771
Added_lines,4.0,0.05038625836117667,0.0,10080.0,2.0010783245919797 < Added_lines <= 5.118236632945589,0.0664516926940865
