feature,value,importance,min,max,rule,importance_ratio
MAJOR_LINE,6.0,0.14585988918858164,0.0,12.0,4.497171535648503 < MAJOR_LINE <= 7.503675252679776,0.24718001526230962
OWN_LINE,0.414765100671141,0.09695221991549344,0.252747252747253,1.0,OWN_LINE <= 0.6736697687357529,0.16429911836449204
Added_lines,2.0,0.05244422172711228,0.0,10080.0,2.0010783245919797 < Added_lines <= 5.118236632945589,0.08887408045516573
CountDeclMethodPrivate,3.0,0.037522537135788125,0.0,153.0,1.5241206799197182 < CountDeclMethodPrivate <= 15.50985379049164,0.06358719558543824
RatioCommentToCode,0.35,0.02573292016582259,0.05,29.08,0.3158916615634513 < RatioCommentToCode <= 0.8902967105398505,0.04360803806115709
