feature,value,importance,min,max,rule,importance_ratio
Added_lines,0.0,-0.11237823811389373,0.0,10080.0,Added_lines <= 2.0010783245919797,0.18965840659247288
OWN_LINE,0.713310580204778,0.09200437663807427,0.252747252747253,1.0,0.6816950662214489 < OWN_LINE <= 0.767298239402207,0.15527386587985284
MaxInheritanceTree,1.0,-0.061636123517761314,0.0,7.0,0.4959182153937882 < MaxInheritanceTree <= 1.4946384033941256,0.10402199901966785
OWN_COMMIT,0.0,-0.03805838702370971,0.0,1.0,OWN_COMMIT <= 0.0823678792991347,0.06423034531900203
MINOR_COMMIT,0.0,-0.037781619882352756,0.0,6.0,MINOR_COMMIT <= 0.49897740704811133,0.0637632511919904
