feature,value,importance,min,max,rule,importance_ratio
Added_lines,0.0,-0.11197756454548234,0.0,10080.0,Added_lines <= 2.0010783245919797,0.1600725591416647
CountLineComment,397.0,0.08906214627264729,15.0,3419.0,254.46825531408285 < CountLineComment <= 430.39806709852445,0.12731483966791712
OWN_LINE,0.682012847965739,0.08825431322513755,0.252747252747253,1.0,0.6816950662214489 < OWN_LINE <= 0.767298239402207,0.1261600377770297
MaxInheritanceTree,1.0,-0.061063710149274204,0.0,7.0,0.4959182153937882 < MaxInheritanceTree <= 1.4946384033941256,0.08729091755080073
CountDeclMethodPublic,31.0,0.043073513850651,0.0,205.0,23.55408671781892 < CountDeclMethodPublic <= 46.44782433188537,0.06157383062655488
