feature,value,importance,min,max,rule,importance_ratio
Added_lines,0.0,-0.11150790312525917,0.0,10080.0,Added_lines <= 2.0010783245919797,0.15980881395348775
CountLineComment,343.0,0.08950421097009101,15.0,3419.0,254.46825531408285 < CountLineComment <= 430.39806709852445,0.1282739733963565
MAJOR_LINE,3.0,0.06876495270400954,0.0,12.0,2.492835724294319 < MAJOR_LINE <= 4.497171535648503,0.09855127058439073
CountDeclMethodPublic,38.0,0.04791024722241009,0.0,205.0,23.55408671781892 < CountDeclMethodPublic <= 46.44782433188537,0.06866311328831154
CountDeclClassVariable,8.0,0.03704980165183042,0.0,321.0,4.5260875082807965 < CountDeclClassVariable <= 57.5229272599681,0.05309834274741887
