feature,value,importance,min,max,rule,importance_ratio
MAJOR_LINE,6.0,0.15008398730324746,0.0,12.0,4.497171535648503 < MAJOR_LINE <= 7.503675252679776,0.18335617143359473
Added_lines,14.0,0.11837071945728571,0.0,10080.0,14.469711558006416 < Added_lines <= 1320.5590427581683,0.1446123755072864
OWN_LINE,0.482364156339371,0.09412816980009292,0.252747252747253,1.0,OWN_LINE <= 0.6736697687357529,0.11499548451977268
CountLineComment,405.0,0.08840054636997405,15.0,3419.0,254.46825531408285 < CountLineComment <= 430.39806709852445,0.10799810177141851
OWN_COMMIT,0.75,0.04403170666495503,0.0,1.0,0.4850342113498225 < OWN_COMMIT <= 0.9396574894715668,0.0537931147808635
