feature,value,importance,min,max,rule,importance_ratio
Added_lines,0.0,-0.11254182603175995,0.0,10080.0,Added_lines <= 2.0010783245919797,0.174488475893814
OWN_LINE,0.5,0.0989892534483866,0.252747252747253,1.0,OWN_LINE <= 0.6736697687357529,0.15347613036953084
MaxInheritanceTree,1.0,-0.06279088930871522,0.0,7.0,0.4959182153937882 < MaxInheritanceTree <= 1.4946384033941256,0.09735301942233435
CountDeclClassVariable,18.0,0.03791257582123542,0.0,321.0,4.5260875082807965 < CountDeclClassVariable <= 57.5229272599681,0.05878088001157147
OWN_COMMIT,0.0,-0.03639949576960418,0.0,1.0,OWN_COMMIT <= 0.0823678792991347,0.05643495191156036
