feature,value,importance,min,max,rule,importance_ratio
Added_lines,34.0,0.11933471115148535,0.0,10080.0,14.469711558006416 < Added_lines <= 1320.5590427581683,0.17716072576243352
MaxInheritanceTree,4.0,0.09896020746105454,0.0,7.0,3.505949893117027 < MaxInheritanceTree <= 4.504670081117364,0.1469133499066017
CountLineComment,307.0,0.09663898124739334,15.0,3419.0,254.46825531408285 < CountLineComment <= 430.39806709852445,0.14346732723052566
MAJOR_LINE,3.0,0.06818439292668839,0.0,12.0,2.492835724294319 < MAJOR_LINE <= 4.497171535648503,0.10122450056655373
CountClassCoupled,21.0,0.038854948085993164,0.0,128.0,16.508344142878215 < CountClassCoupled <= 24.508573690487815,0.0576828882054117
