feature,value,importance,min,max,rule,importance_ratio
CountLineComment,508.0,0.1370881591214462,15.0,3419.0,CountLineComment > 430.39806709852445,0.17419438094616618
Added_lines,0.0,-0.11407412560055143,0.0,10080.0,Added_lines <= 2.0010783245919797,0.14495104331629044
CountClassCoupled,39.0,0.05871266922997303,0.0,128.0,24.508573690487815 < CountClassCoupled <= 42.45780664986833,0.07460467144468486
CountDeclMethodPublic,63.0,0.05310758256526562,0.0,205.0,CountDeclMethodPublic > 46.44782433188537,0.06748243267537328
CountDeclInstanceVariable,21.0,0.047864404467676286,0.0,1114.0,17.474832958593538 < CountDeclInstanceVariable <= 21.485480801487,0.06082006176928393
