Antecedent,Antecedent Coverage %,Confidence,Lift
2.65 < RatioCommentToCode <= 6.35,0.10673,0.9955,1.15613
0.9 < CountClassCoupled <= 3.4,0.21058,0.99087,1.15076
MAJOR_LINE <= -0.155,0.10288,0.99065,1.15051
Del_lines <= -20.5,0.08269,0.98837,1.14786
CountOutput_Mean <= 1.42,0.20144,0.98807,1.1475
CountClassCoupled <= 0.9,0.19038,0.98737,1.1467
0.844 < OWN_COMMIT <= 1.002,0.29327,0.98361,1.14232
1.42 < CountOutput_Mean <= 3.14,0.19327,0.9801,1.13825
AvgLineBlank <= -0.148,0.08558,0.97753,1.13526
