feature,value,importance,min,max,rule,importance_ratio
CountClassCoupled,26.0,0.14436536495209462,0.0,71.0,14.476416159221149 < CountClassCoupled <= 58.969614743832466,0.19142028944068196
CountDeclMethodPublic,21.0,0.10714109131335946,0.0,165.0,20.456614674240953 < CountDeclMethodPublic <= 21.504418823536874,0.1420630129463489
OWN_COMMIT,1.0,0.10702878955442995,0.0,1.0,OWN_COMMIT > 0.9158840980681497,0.14191410718071656
CountDeclMethodProtected,17.0,0.043689585009825505,0.0,40.0,14.492561732026399 < CountDeclMethodProtected <= 37.49152128362691,0.05792991283538979
AvgLineBlank,5.0,0.03856335766603205,0.0,15.0,4.494877332780186 < AvgLineBlank <= 5.494477600885018,0.05113282599802199
