feature,value,importance,min,max,rule,importance_ratio
MAJOR_LINE,3.0,0.13770498646339915,0.0,5.0,2.4961209246704383 < MAJOR_LINE <= 4.499384532543117,0.20037527898072857
RatioCommentToCode,0.13,0.06165617825717699,0.03,8.5,0.04753367113528073 < RatioCommentToCode <= 0.16254030530342767,0.08971624221067014
CountDeclClassMethod,1.0,0.05960519902193607,0.0,55.0,0.4973939344700684 < CountDeclClassMethod <= 1.495871262913039,0.086731851107634
CountDeclInstanceVariable,13.0,0.0572393268993735,0.0,74.0,8.484378607038305 < CountDeclInstanceVariable <= 15.48049442061071,0.08328925764194853
CountDeclMethodPrivate,1.0,0.05627666420327141,0.0,21.0,0.5047804236063558 < CountDeclMethodPrivate <= 1.5022263967624856,0.08188848188756388
