feature,value,importance,min,max,rule,importance_ratio
CountDeclMethodPrivate,19.0,0.1553370029821688,0.0,21.0,CountDeclMethodPrivate > 13.001353544433867,0.17131154588039546
OWN_LINE,0.989195678271308,0.10438171096953767,0.282051282051282,1.0,0.9860385458101457 < OWN_LINE <= 0.9943254111761526,0.11511611479902692
OWN_COMMIT,1.0,0.09634611337764173,0.0,1.0,OWN_COMMIT > 0.9158840980681497,0.10625415261929763
CountClassCoupled,8.0,0.08592551384020118,0.0,71.0,7.4740046828129625 < CountClassCoupled <= 14.476416159221149,0.09476191972251388
CountDeclInstanceVariable,14.0,0.07315024393730278,0.0,74.0,8.484378607038305 < CountDeclInstanceVariable <= 15.48049442061071,0.0806728669270506
