feature,value,importance,min,max,rule,importance_ratio
CountDeclInstanceVariable,22.0,0.10789129532048877,0.0,74.0,21.509667398160907 < CountDeclInstanceVariable <= 37.492663687704365,0.14418736877129298
CountClassCoupled,34.0,0.10423616188879611,0.0,71.0,14.476416159221149 < CountClassCoupled <= 58.969614743832466,0.1393025996112024
OWN_COMMIT,0.666666666666667,0.08932193709647769,0.0,1.0,0.524282117653962 < OWN_COMMIT <= 0.9158840980681497,0.11937103030637447
PercentLackOfCohesion,93.0,0.05401291009489128,0.0,100.0,87.38992189944264 < PercentLackOfCohesion <= 98.94742245144175,0.0721835748021076
CountDeclMethodPrivate,3.0,0.05189938204501163,0.0,21.0,2.499672369918615 < CountDeclMethodPrivate <= 13.001353544433867,0.06935902767408181
