feature,value,importance,min,max,rule,importance_ratio
CountClassCoupled,58.0,0.13420091616723268,0.0,71.0,14.476416159221149 < CountClassCoupled <= 58.969614743832466,0.1901110396520389
OWN_COMMIT,0.6,0.11503677587073731,0.0,1.0,0.524282117653962 < OWN_COMMIT <= 0.9158840980681497,0.1629628297898633
CountDeclMethodPublic,82.0,0.08062047285962348,0.0,165.0,CountDeclMethodPublic > 59.45821356470026,0.11420817644406143
CountDeclMethodPrivate,16.0,0.07268512789743807,0.0,21.0,CountDeclMethodPrivate > 13.001353544433867,0.10296684722035687
OWN_LINE,0.367626886145405,0.05106873723246755,0.282051282051282,1.0,OWN_LINE <= 0.4929700565327333,0.07234474254171848
