feature,value,importance,min,max,rule,importance_ratio
CountClassCoupled,43.0,0.16082391011138636,0.0,71.0,14.476416159221149 < CountClassCoupled <= 58.969614743832466,0.17206188331127376
OWN_COMMIT,0.5,0.11821182359157181,0.0,1.0,0.1650142457143403 < OWN_COMMIT <= 0.524282117653962,0.1264721706041013
OWN_LINE,0.329113924050633,0.08734456795493362,0.282051282051282,1.0,OWN_LINE <= 0.4929700565327333,0.09344798823089537
MAJOR_LINE,3.0,0.08724356899311035,0.0,5.0,2.4961209246704383 < MAJOR_LINE <= 4.499384532543117,0.09333993171385287
CountDeclMethodPrivate,4.0,0.08253678372547713,0.0,21.0,2.499672369918615 < CountDeclMethodPrivate <= 13.001353544433867,0.088304248046357
