feature,value,importance,min,max,rule,importance_ratio
CountDeclMethodPublic,21.0,0.1507848720830281,0.0,165.0,20.456614674240953 < CountDeclMethodPublic <= 21.504418823536874,0.17461042038162553
CountDeclMethodPrivate,5.0,0.14857383073662966,0.0,21.0,2.499672369918615 < CountDeclMethodPrivate <= 13.001353544433867,0.17205001194248715
OWN_COMMIT,1.0,0.056926181661755816,0.0,1.0,OWN_COMMIT > 0.9158840980681497,0.06592109920156089
CountClassBase,1.0,-0.04545985811719836,0.0,9.0,0.5008727086074404 < CountClassBase <= 1.503113151148074,0.05264297954215334
CountDeclClassVariable,0.0,0.0434220946833245,0.0,96.0,CountDeclClassVariable <= 0.49195802343370393,0.050283228693732064
