feature,value,importance,min,max,rule,importance_ratio
MAJOR_LINE,4.0,0.12791078282973206,0.0,5.0,2.4961209246704383 < MAJOR_LINE <= 4.499384532543117,0.15267765310559375
OWN_COMMIT,1.0,0.08248505862192451,0.0,1.0,OWN_COMMIT > 0.9158840980681497,0.09845632157092424
AvgEssential,1.0,-0.06357301952854398,0.0,4.0,0.5010090238982645 < AvgEssential <= 1.5009683714804118,0.07588241747667604
CountDeclMethodPrivate,1.0,0.05831416539727695,0.0,21.0,0.5047804236063558 < CountDeclMethodPrivate <= 1.5022263967624856,0.06960531175482852
CountDeclInstanceVariable,8.0,0.057572798210666166,0.0,74.0,5.526671108617451 < CountDeclInstanceVariable <= 8.484378607038305,0.0687203965065816
