feature,value,importance,min,max,rule,importance_ratio
CountDeclClass,6.0,0.2139234439374932,1.0,34.0,CountDeclClass > 5.505916789178754,0.18575874479932036
CountOutput_Mean,9.77777777777778,0.1253790427059992,0.0,22.0,CountOutput_Mean > 7.862476607160486,0.10887190841978044
CountClassCoupled,28.0,0.11874045377831276,0.0,71.0,21.526921993333502 < CountClassCoupled <= 36.46242405600909,0.10310734178908415
MINOR_COMMIT,0.0,-0.11643695308420604,0.0,1.0,MINOR_COMMIT <= 0.5000340062489587,0.10110711502709048
Added_lines,296.0,0.10539099189488267,0.0,1401.0,134.0061958090498 < Added_lines <= 623.7822426910362,0.09151544125883224
