feature,value,importance,min,max,rule,importance_ratio
CountDeclMethodProtected,25.0,0.39780258077875275,0.0,25.0,CountDeclMethodProtected > 10.508161227829827,0.3299653000697446
MINOR_COMMIT,0.0,-0.12830898526197762,0.0,1.0,MINOR_COMMIT <= 0.5000340062489587,0.1064284518736189
CountDeclInstanceVariable,23.0,0.1208416253149756,0.0,60.0,16.490535965231608 < CountDeclInstanceVariable <= 39.47160948739142,0.10023450094243651
Added_lines,372.0,0.10160638653381586,0.0,1401.0,134.0061958090498 < Added_lines <= 623.7822426910362,0.08427944775018843
CountDeclClassVariable,6.0,0.05740025448116146,0.0,60.0,5.5163314353718 < CountDeclClassVariable <= 17.50873267622537,0.047611788130882245
