feature,value,importance,min,max,rule,importance_ratio
MINOR_COMMIT,0.0,-0.11249255436638425,0.0,1.0,MINOR_COMMIT <= 0.5000340062489587,0.14621181429678798
Added_lines,615.0,0.10311693411285873,0.0,1401.0,134.0061958090498 < Added_lines <= 623.7822426910362,0.13402588381323843
CountDeclMethodPublic,33.0,0.10097111468538958,0.0,148.0,25.49405915268499 < CountDeclMethodPublic <= 47.97160621632762,0.13123686232278756
CountClassDerived,0.0,-0.059484215284274555,0.0,174.0,CountClassDerived <= 4.520645138566945,0.07731440616423135
MaxInheritanceTree,4.0,0.0567911009437549,0.0,6.0,3.5043507807030476 < MaxInheritanceTree <= 4.500181337601978,0.07381403997507364
