feature,value,importance,min,max,rule,importance_ratio
MINOR_COMMIT,0.0,-0.1074629425741094,0.0,1.0,MINOR_COMMIT <= 0.5000340062489587,0.15044804779280882
Added_lines,333.0,0.10303234379500766,0.0,1401.0,134.0061958090498 < Added_lines <= 623.7822426910362,0.1442452124627659
CountDeclClass,5.0,0.07243385492928897,1.0,34.0,4.501963274839924 < CountDeclClass <= 5.505916789178754,0.10140734849786762
CountClassDerived,0.0,-0.05901311825190433,0.0,174.0,CountClassDerived <= 4.520645138566945,0.08261832611779066
MaxInheritanceTree,4.0,0.057602057978682016,0.0,6.0,3.5043507807030476 < MaxInheritanceTree <= 4.500181337601978,0.08064284267820512
