feature,value,importance,min,max,rule,importance_ratio
MINOR_COMMIT,0.0,-0.11706612973731649,0.0,1.0,MINOR_COMMIT <= 0.5000340062489587,0.1669222710927855
Added_lines,455.0,0.10482544512444851,0.0,1401.0,134.0061958090498 < Added_lines <= 623.7822426910362,0.14946852183247214
CountClassDerived,0.0,-0.05826755037754955,0.0,174.0,CountClassDerived <= 4.520645138566945,0.08308254370293336
MaxInheritanceTree,4.0,0.057306006674954266,0.0,6.0,3.5043507807030476 < MaxInheritanceTree <= 4.500181337601978,0.08171149762024213
AvgEssential,2.0,-0.0493711800521527,0.0,55.0,0.5091365578885154 < AvgEssential <= 2.501750234500038,0.07039738581371392
