Antecedent,Antecedent Coverage %,Confidence,Lift
1.21 < MaxInheritanceTree <= 1.84 & -0.299 < MINOR_COMMIT <= 0.027,0.18676,0.99475,1.10769
0.98 < MaxInheritanceTree <= 1.21 & -0.299 < MINOR_COMMIT <= 0.027,0.26225,0.99252,1.10521
0.98 < MaxInheritanceTree <= 1.21 & -0.08 < CountDeclMethodDefault <= 0.8,0.19608,0.9925,1.10519
MaxNesting_Min > 0.038,0.08971,0.98907,1.10137
2.95 < CountClassCoupled <= 5.7,0.19853,0.98765,1.09979
-0.06 < MAJOR_LINE <= 0.47,0.31225,0.98744,1.09955
1.67 < MINOR_LINE <= 2.15,0.20343,0.98072,1.09207
MAJOR_COMMIT <= 0.22,0.20441,0.97842,1.0895
MAJOR_LINE <= -0.06,0.11176,0.97807,1.08912
