Antecedent,Antecedent Coverage %,Confidence,Lift
0.33 < MAJOR_COMMIT <= 0.95,0.12304,1.0,1.09266
0.11 < MAJOR_LINE <= 0.77,0.14559,0.99327,1.0853
0.95 < MAJOR_COMMIT <= 1.355,0.27157,0.99278,1.08477
MAJOR_LINE <= 0.11,0.2299,0.99147,1.08334
MAJOR_COMMIT <= 0.33,0.20539,0.99045,1.08223
3.4 < CountClassCoupled <= 6.9,0.18676,0.9895,1.08119
1.2 < CountClassCoupled <= 3.4,0.21912,0.98881,1.08044
MaxInheritanceTree <= 0.94,0.15931,0.98769,1.07921
1.355 < MAJOR_COMMIT <= 2.085,0.23039,0.98723,1.07871
