feature,value,importance,min,max,rule,importance_ratio
Added_lines,16.0,0.29278716904102786,6.0,17843.0,6.5761356021680655 < Added_lines <= 24.088365210503166,0.30477295429087553
OWN_LINE,0.972972972972973,-0.08098548324287687,0.281553398058252,1.0,OWN_LINE > 0.9680591083803126,0.0843007740518407
MINOR_COMMIT,0.0,-0.07210733391734622,0.0,5.0,MINOR_COMMIT <= 0.5004848706369127,0.07505918123395885
AvgLineComment,7.0,0.06952305222792345,0.0,72.0,5.5024963826059325 < AvgLineComment <= 11.482862578537805,0.07236910718534224
CountLineComment,148.0,0.05339583939122405,15.0,3202.0,146.26265667216038 < CountLineComment <= 442.57727842975316,0.05558169701017212
