feature,value,importance,min,max,rule,importance_ratio
Added_lines,1.0,-0.46325453698134844,6.0,17843.0,Added_lines <= 6.5761356021680655,0.3796516845732363
MINOR_COMMIT,0.0,-0.10458473992016348,0.0,5.0,MINOR_COMMIT <= 0.5004848706369127,0.08571048855791885
OWN_LINE,0.976190476190476,-0.07487664391200918,0.281553398058252,1.0,OWN_LINE > 0.9680591083803126,0.061363768138398556
AvgLineComment,6.0,0.07023299231937717,0.0,72.0,5.5024963826059325 < AvgLineComment <= 11.482862578537805,0.057558149393244384
CountDeclClass,1.0,-0.06594460067275729,1.0,13.0,CountDeclClass <= 1.5005966587345618,0.05404367736376789
