feature,value,importance,min,max,rule,importance_ratio
Added_lines,0.0,-0.4679984651408257,6.0,17843.0,Added_lines <= 6.5761356021680655,0.3322811085056086
MAJOR_LINE,5.0,0.1685444565493597,0.0,10.0,2.503347321568387 < MAJOR_LINE <= 5.505000175998428,0.11966735582742646
MINOR_COMMIT,0.0,-0.12832384192090188,0.0,5.0,MINOR_COMMIT <= 0.5004848706369127,0.09111053051925087
CountLineComment,1068.0,0.11943327992943589,15.0,3202.0,442.57727842975316 < CountLineComment <= 1279.9881660055592,0.08479818974507075
CountDeclMethodPrivate,38.0,0.05818527733906718,0.0,151.0,CountDeclMethodPrivate > 29.521787640350414,0.04131182021529439
