feature,value,importance,min,max,rule,importance_ratio
Added_lines,4.0,-0.4655516952771486,6.0,17843.0,Added_lines <= 6.5761356021680655,0.36362106874537775
MAJOR_LINE,3.0,0.16710915666596887,0.0,10.0,2.503347321568387 < MAJOR_LINE <= 5.505000175998428,0.13052129497207515
MINOR_COMMIT,0.0,-0.10963003097446225,0.0,5.0,MINOR_COMMIT <= 0.5004848706369127,0.08562698715078554
AvgLineComment,8.0,0.06927869016499348,0.0,72.0,5.5024963826059325 < AvgLineComment <= 11.482862578537805,0.05411040624409755
CountDeclClass,1.0,-0.06410377071800376,1.0,13.0,CountDeclClass <= 1.5005966587345618,0.05006851409962702
