feature,value,importance,min,max,rule,importance_ratio
Added_lines,1.0,-0.4701819462113885,6.0,17843.0,Added_lines <= 6.5761356021680655,0.39145984610722956
MAJOR_LINE,3.0,0.17320219010639584,0.0,10.0,2.503347321568387 < MAJOR_LINE <= 5.505000175998428,0.14420311802870023
MINOR_COMMIT,0.0,-0.09853415897380513,0.0,5.0,MINOR_COMMIT <= 0.5004848706369127,0.08203668179732583
CountLineComment,210.0,0.060596927043581675,15.0,3202.0,146.26265667216038 < CountLineComment <= 442.57727842975316,0.050451243239328224
CountDeclClass,1.0,-0.05982718514440304,1.0,13.0,CountDeclClass <= 1.5005966587345618,0.049810378468099256
