feature,value,importance,min,max,rule,importance_ratio
Added_lines,41.0,0.41589795042037164,6.0,17843.0,24.088365210503166 < Added_lines <= 251.74735011885954,0.2959666550795504
MAJOR_LINE,5.0,0.16898115771493433,0.0,10.0,2.503347321568387 < MAJOR_LINE <= 5.505000175998428,0.12025254745739505
MINOR_COMMIT,0.0,-0.14802338557609454,0.0,5.0,MINOR_COMMIT <= 0.5004848706369127,0.10533830777051445
CountDeclInstanceVariable,37.0,0.12582156503018613,0.0,1095.0,CountDeclInstanceVariable > 21.376447020001596,0.08953876233633458
MaxInheritanceTree,4.0,0.08219504566929861,0.0,7.0,3.4981638542906017 < MaxInheritanceTree <= 4.503613651938005,0.05849269684129129
