feature,value,importance,min,max,rule,importance_ratio
Added_lines,1.0,-0.46566601779081923,6.0,17843.0,Added_lines <= 6.5761356021680655,0.39288267863062093
MINOR_COMMIT,0.0,-0.10717392919324567,0.0,5.0,MINOR_COMMIT <= 0.5004848706369127,0.09042270376646971
OWN_LINE,0.67258883248731,0.06460351384702302,0.281553398058252,1.0,0.571420709704031 < OWN_LINE <= 0.8116920473637016,0.054506020623069015
CountDeclClass,1.0,-0.058663479145213755,1.0,13.0,CountDeclClass <= 1.5005966587345618,0.04949441003598512
CountDeclMethodPublic,14.0,0.05480464962844065,0.0,201.0,13.53505774941753 < CountDeclMethodPublic <= 18.465847459395306,0.04623871342294657
