feature,value,importance,min,max,rule,importance_ratio
Added_lines,192.0,0.4149128170947143,6.0,17843.0,24.088365210503166 < Added_lines <= 251.74735011885954,0.3035222754679985
MAJOR_LINE,5.0,0.16492626257141088,0.0,10.0,2.503347321568387 < MAJOR_LINE <= 5.505000175998428,0.1206489470501945
MINOR_COMMIT,0.0,-0.15969767457262066,0.0,5.0,MINOR_COMMIT <= 0.5004848706369127,0.11682406417964387
MaxInheritanceTree,4.0,0.08167713721857671,0.0,7.0,3.4981638542906017 < MaxInheritanceTree <= 4.503613651938005,0.05974949319686892
OWN_LINE,0.740674955595027,0.06548231074711143,0.281553398058252,1.0,0.571420709704031 < OWN_LINE <= 0.8116920473637016,0.047902448760286875
