feature,value,importance,min,max,rule,importance_ratio
Added_lines,59.0,0.4162121071374823,6.0,17843.0,24.088365210503166 < Added_lines <= 251.74735011885954,0.2900049298886516
MAJOR_LINE,4.0,0.16717292817115892,0.0,10.0,2.503347321568387 < MAJOR_LINE <= 5.505000175998428,0.11648141051683393
MINOR_COMMIT,0.0,-0.13357240667366638,0.0,5.0,MINOR_COMMIT <= 0.5004848706369127,0.09306950895510513
AvgLineComment,10.0,0.07410104436571226,0.0,72.0,5.5024963826059325 < AvgLineComment <= 11.482862578537805,0.05163153067254679
OWN_LINE,0.75868544600939,0.06637294192159188,0.281553398058252,1.0,0.571420709704031 < OWN_LINE <= 0.8116920473637016,0.0462468055070697
