feature,value,importance,min,max,rule,importance_ratio
Added_lines,3.0,-0.4658068581826039,6.0,17843.0,Added_lines <= 6.5761356021680655,0.3385708309450564
MAJOR_LINE,3.0,0.16926321316452742,0.0,10.0,2.503347321568387 < MAJOR_LINE <= 5.505000175998428,0.12302864529117505
MINOR_COMMIT,0.0,-0.09657633804311343,0.0,5.0,MINOR_COMMIT <= 0.5004848706369127,0.0701963280413305
CountLineComment,172.0,0.06400328032317701,15.0,3202.0,146.26265667216038 < CountLineComment <= 442.57727842975316,0.04652066284891959
CountDeclClass,1.0,-0.0624337481950002,1.0,13.0,CountDeclClass <= 1.5005966587345618,0.04537985139993172
