feature,value,importance,min,max,rule,importance_ratio
Added_lines,45.0,0.41411297798187835,6.0,17843.0,24.088365210503166 < Added_lines <= 251.74735011885954,0.30098270370999
MAJOR_LINE,4.0,0.17148515921518187,0.0,10.0,2.503347321568387 < MAJOR_LINE <= 5.505000175998428,0.12463764627290233
MINOR_COMMIT,0.0,-0.1298869478198892,0.0,5.0,MINOR_COMMIT <= 0.5004848706369127,0.09440352466611028
AvgLineComment,6.0,0.07296575091814497,0.0,72.0,5.5024963826059325 < AvgLineComment <= 11.482862578537805,0.053032457704172684
OWN_LINE,0.811206896551724,0.06645137098209379,0.281553398058252,1.0,0.571420709704031 < OWN_LINE <= 0.8116920473637016,0.048297721556317404
