feature,value,importance,min,max,rule,importance_ratio
Added_lines,103.0,0.41135500809903547,6.0,17843.0,24.088365210503166 < Added_lines <= 251.74735011885954,0.38659235249270685
MINOR_COMMIT,0.0,-0.12476021767637109,0.0,5.0,MINOR_COMMIT <= 0.5004848706369127,0.11724993035066826
AvgLineComment,11.0,0.07116808440393019,0.0,72.0,5.5024963826059325 < AvgLineComment <= 11.482862578537805,0.06688392417843375
OWN_LINE,0.700729927007299,0.06720102441680738,0.281553398058252,1.0,0.571420709704031 < OWN_LINE <= 0.8116920473637016,0.06315567236988336
CountDeclClass,2.0,0.05780706637980887,1.0,13.0,1.5005966587345618 < CountDeclClass <= 2.498717478387095,0.05432720969108039
