feature,value,importance,min,max,rule,importance_ratio
Added_lines,17.0,0.2931758841453234,6.0,17843.0,6.5761356021680655 < Added_lines <= 24.088365210503166,0.2684077464346862
MINOR_COMMIT,0.0,-0.0980307804999765,0.0,5.0,MINOR_COMMIT <= 0.5004848706369127,0.08974892649147585
OWN_LINE,0.49563838223632,0.09314230296665407,0.281553398058252,1.0,0.441750463982939 < OWN_LINE <= 0.571420709704031,0.08527343819529228
MAJOR_LINE,6.0,0.06950973260625869,0.0,10.0,MAJOR_LINE > 5.505000175998428,0.06363739888945134
AvgLineComment,0.0,-0.06048665395082145,0.0,72.0,AvgLineComment <= 0.5300570736288677,0.05537660958589342
