feature,value,importance,min,max,rule,importance_ratio
Added_lines,11.0,0.2967641993348467,6.0,17843.0,6.5761356021680655 < Added_lines <= 24.088365210503166,0.24693041901390425
MAJOR_LINE,3.0,0.16452524338493868,0.0,10.0,2.503347321568387 < MAJOR_LINE <= 5.505000175998428,0.13689753473790078
MINOR_COMMIT,0.0,-0.10564807552471771,0.0,5.0,MINOR_COMMIT <= 0.5004848706369127,0.08790724627769435
CountDeclMethodPrivate,28.0,0.08300131100496434,0.0,151.0,15.520842865118082 < CountDeclMethodPrivate <= 29.521787640350414,0.06906341314449986
CountDeclMethodDefault,0.0,-0.054487728859696986,0.0,98.0,CountDeclMethodDefault <= 0.5251436229312023,0.04533794085876147
