feature,value,importance,min,max,rule,importance_ratio
Added_lines,209.0,0.4103014892280775,6.0,17843.0,24.088365210503166 < Added_lines <= 251.74735011885954,0.39462153897467306
MINOR_COMMIT,0.0,-0.1382253049336556,0.0,5.0,MINOR_COMMIT <= 0.5004848706369127,0.132942930967139
CountDeclClass,1.0,-0.0642937150850864,1.0,13.0,CountDeclClass <= 1.5005966587345618,0.061836687068840705
MaxInheritanceTree,5.0,0.05912877130586436,0.0,7.0,MaxInheritanceTree > 4.503613651938005,0.056869125126258344
MAJOR_LINE,1.0,-0.046883896638686105,0.0,10.0,0.49445902988758095 < MAJOR_LINE <= 1.498903175727984,0.04509219666615272
