feature,value,importance,min,max,rule,importance_ratio
Added_lines,1382.0,0.3466792053935058,6.0,17843.0,Added_lines > 987.2609936689339,0.2768545222226665
CountLineComment,576.0,0.10826502564125409,15.0,3202.0,442.57727842975316 < CountLineComment <= 1279.9881660055592,0.08645935920301849
MINOR_COMMIT,0.0,-0.09288824831863751,0.0,5.0,MINOR_COMMIT <= 0.5004848706369127,0.07417961968375543
OWN_LINE,1.0,-0.08118874181570727,0.281553398058252,1.0,OWN_LINE > 0.9680591083803126,0.06483651160943882
MaxInheritanceTree,4.0,0.08044887498686425,0.0,7.0,3.4981638542906017 < MaxInheritanceTree <= 4.503613651938005,0.06424566141069317
