feature,value,importance,min,max,rule,importance_ratio
Added_lines,106.0,0.41112963280157033,6.0,17843.0,24.088365210503166 < Added_lines <= 251.74735011885954,0.3547519005691302
MINOR_COMMIT,0.0,-0.13275390263158565,0.0,5.0,MINOR_COMMIT <= 0.5004848706369127,0.11454951311975677
MaxInheritanceTree,4.0,0.08574306053417188,0.0,7.0,3.4981638542906017 < MaxInheritanceTree <= 4.503613651938005,0.07398521356350958
OWN_LINE,1.0,-0.07713632330079376,0.281553398058252,1.0,OWN_LINE > 0.9680591083803126,0.0665587082774904
AvgLineComment,6.0,0.06857346213145106,0.0,72.0,5.5024963826059325 < AvgLineComment <= 11.482862578537805,0.05917006238146457
