feature,value,importance,min,max,rule,importance_ratio
Added_lines,365.0,0.3750949962244964,6.0,17843.0,251.74735011885954 < Added_lines <= 987.2609936689339,0.299644631790522
MAJOR_LINE,3.0,0.1488504935681054,0.0,10.0,2.503347321568387 < MAJOR_LINE <= 5.505000175998428,0.11890921442833034
MINOR_COMMIT,0.0,-0.08738340238435709,0.0,5.0,MINOR_COMMIT <= 0.5004848706369127,0.06980622961014508
OWN_LINE,0.975138121546961,-0.08587977256857715,0.281553398058252,1.0,OWN_LINE > 0.9680591083803126,0.06860505495563445
MaxInheritanceTree,4.0,0.07888099965737903,0.0,7.0,3.4981638542906017 < MaxInheritanceTree <= 4.503613651938005,0.06301408532642007
