feature,value,importance,min,max,rule,importance_ratio
Added_lines,3281.0,0.340394887030642,6.0,17843.0,Added_lines > 987.2609936689339,0.2567981809232239
CountLineComment,674.0,0.1025562166564166,15.0,3202.0,442.57727842975316 < CountLineComment <= 1279.9881660055592,0.0773696987915246
OWN_LINE,0.998748827025336,-0.08367125563107555,0.281553398058252,1.0,OWN_LINE > 0.9680591083803126,0.06312264684424607
MINOR_COMMIT,0.0,-0.08320311325955097,0.0,5.0,MINOR_COMMIT <= 0.5004848706369127,0.06276947435546608
MaxInheritanceTree,4.0,0.07758406564450157,0.0,7.0,3.4981638542906017 < MaxInheritanceTree <= 4.503613651938005,0.058530394213419844
