feature,value,importance,min,max,rule,importance_ratio
Added_lines,352.0,0.38999220885943187,6.0,17843.0,251.74735011885954 < Added_lines <= 987.2609936689339,0.3617501581920782
OWN_LINE,0.994152046783626,-0.08515097435060875,0.281553398058252,1.0,OWN_LINE > 0.9680591083803126,0.07898459954271811
MaxInheritanceTree,4.0,0.08302389950460477,0.0,7.0,3.4981638542906017 < MaxInheritanceTree <= 4.503613651938005,0.07701156099336166
MINOR_COMMIT,0.0,-0.08234188810344095,0.0,5.0,MINOR_COMMIT <= 0.5004848706369127,0.07637893878539151
CountDeclMethodDefault,0.0,-0.051730619812456975,0.0,98.0,CountDeclMethodDefault <= 0.5251436229312023,0.04798444552330954
