feature,value,importance,min,max,rule,importance_ratio
Added_lines,9.0,0.2962228733605682,6.0,17843.0,6.5761356021680655 < Added_lines <= 24.088365210503166,0.240847371367455
MAJOR_LINE,5.0,0.15963048564578947,0.0,10.0,2.503347321568387 < MAJOR_LINE <= 5.505000175998428,0.1297893792661336
MINOR_COMMIT,0.0,-0.10359801317937267,0.0,5.0,MINOR_COMMIT <= 0.5004848706369127,0.08423154117059574
CountDeclMethodPublic,26.0,0.09543397668680158,0.0,201.0,25.553857667488366 < CountDeclMethodPublic <= 26.478380738109195,0.07759367858194167
MaxInheritanceTree,4.0,0.08124459891163713,0.0,7.0,3.4981638542906017 < MaxInheritanceTree <= 4.503613651938005,0.06605684383411202
