feature,value,importance,min,max,rule,importance_ratio
Added_lines,671.0,0.38780037935483136,6.0,17843.0,251.74735011885954 < Added_lines <= 987.2609936689339,0.3964147576897378
MINOR_COMMIT,0.0,-0.08371293909580849,0.0,5.0,MINOR_COMMIT <= 0.5004848706369127,0.08557249098716557
MaxInheritanceTree,5.0,0.05535176393240867,0.0,7.0,MaxInheritanceTree > 4.503613651938005,0.05658131671626995
CountDeclMethodDefault,0.0,-0.05070604197184697,0.0,98.0,CountDeclMethodDefault <= 0.5251436229312023,0.051832397315123895
OWN_LINE,0.841166936790924,0.0454004650130187,0.281553398058252,1.0,0.8116920473637016 < OWN_LINE <= 0.8930537701690927,0.0464089652699124
