feature,value,importance,min,max,rule,importance_ratio
Added_lines,66.0,0.40816940578481525,6.0,17843.0,24.088365210503166 < Added_lines <= 251.74735011885954,0.3967504207189765
MINOR_COMMIT,0.0,-0.13767381992275263,0.0,5.0,MINOR_COMMIT <= 0.5004848706369127,0.13382224439706591
OWN_LINE,0.785211267605634,0.06930035068425411,0.281553398058252,1.0,0.571420709704031 < OWN_LINE <= 0.8116920473637016,0.06736159766086343
CountDeclMethodPublic,15.0,0.057412212893153125,0.0,201.0,13.53505774941753 < CountDeclMethodPublic <= 18.465847459395306,0.055806043512664834
CountDeclMethodDefault,0.0,-0.05285512391569874,0.0,98.0,CountDeclMethodDefault <= 0.5251436229312023,0.05137644407813
