feature,value,importance,min,max,rule,importance_ratio
Added_lines,255.0,0.36807265235279296,6.0,17843.0,251.74735011885954 < Added_lines <= 987.2609936689339,0.2353119893150996
OWN_LINE,0.390789687043944,0.3110697794872224,0.281553398058252,1.0,OWN_LINE <= 0.41251109484975157,0.19886956599206368
MINOR_COMMIT,0.0,-0.10389103226612653,0.0,5.0,MINOR_COMMIT <= 0.5004848706369127,0.06641842396677024
CountDeclInstanceVariable,52.0,0.10348744388491393,0.0,1095.0,CountDeclInstanceVariable > 21.376447020001596,0.06616040646875583
CountLineComment,1014.0,0.10192805523350675,15.0,3202.0,442.57727842975316 < CountLineComment <= 1279.9881660055592,0.0651634759895897
