feature,value,importance,min,max,rule,importance_ratio
Added_lines,22.0,0.29829577185677125,6.0,17843.0,6.5761356021680655 < Added_lines <= 24.088365210503166,0.2894786894492493
MAJOR_LINE,5.0,0.16628641413820505,0.0,10.0,2.503347321568387 < MAJOR_LINE <= 5.505000175998428,0.16137128910112655
MINOR_COMMIT,0.0,-0.09871657316762296,0.0,5.0,MINOR_COMMIT <= 0.5004848706369127,0.09579869017119542
CountDeclMethodPublic,33.0,0.052073223993391156,0.0,201.0,26.478380738109195 < CountDeclMethodPublic <= 61.45617024326406,0.050534033865696236
CountLineComment,333.0,0.04863314249973443,15.0,3202.0,146.26265667216038 < CountLineComment <= 442.57727842975316,0.04719563494645001
