feature,value,importance,min,max,rule,importance_ratio
Added_lines,169.0,0.41083427527769556,6.0,17843.0,24.088365210503166 < Added_lines <= 251.74735011885954,0.29249166915475827
MINOR_COMMIT,0.0,-0.13141034304091076,0.0,5.0,MINOR_COMMIT <= 0.5004848706369127,0.09355702017377929
CountLineComment,2316.0,0.12643969634449453,15.0,3202.0,CountLineComment > 1279.9881660055592,0.09001818995317355
CountDeclMethodPrivate,17.0,0.10076630280617356,0.0,151.0,15.520842865118082 < CountDeclMethodPrivate <= 29.521787640350414,0.0717401294777793
MAJOR_LINE,6.0,0.07577339037170484,0.0,10.0,MAJOR_LINE > 5.505000175998428,0.05394653455424167
