feature,value,importance,min,max,rule,importance_ratio
Added_lines,450.0,0.37871447801979524,6.0,17843.0,251.74735011885954 < Added_lines <= 987.2609936689339,0.40239465403929786
MINOR_COMMIT,0.0,-0.07130236994035563,0.0,5.0,MINOR_COMMIT <= 0.5004848706369127,0.07576074892714224
CountDeclClass,1.0,-0.050332217836121095,1.0,13.0,CountDeclClass <= 1.5005966587345618,0.053479379740369704
MaxNesting_Mean,2.33333333333333,0.04506444105181907,0.0,5.0,0.7556304811597957 < MaxNesting_Mean <= 2.486347451800019,0.047882220561879935
OWN_LINE,0.883928571428571,0.04447544434481137,0.281553398058252,1.0,0.8116920473637016 < OWN_LINE <= 0.8930537701690927,0.047256395197647995
