feature,value,importance,min,max,rule,importance_ratio
Added_lines,305.0,0.3833485973213933,6.0,17843.0,251.74735011885954 < Added_lines <= 987.2609936689339,0.36666871836186177
OWN_LINE,0.574324324324324,0.07111248035716576,0.281553398058252,1.0,0.571420709704031 < OWN_LINE <= 0.8116920473637016,0.06801830556910689
AvgLineComment,6.0,0.06895194849944422,0.0,72.0,5.5024963826059325 < AvgLineComment <= 11.482862578537805,0.06595178060257216
MINOR_COMMIT,0.0,-0.06105354770182204,0.0,5.0,MINOR_COMMIT <= 0.5004848706369127,0.05839704708376292
CountDeclClass,1.0,-0.051062344973317235,1.0,13.0,CountDeclClass <= 1.5005966587345618,0.04884057152873955
