feature,value,importance,min,max,rule,importance_ratio
Added_lines,0.0,-0.4665241769581231,6.0,17843.0,Added_lines <= 6.5761356021680655,0.39374865179341534
MINOR_COMMIT,0.0,-0.09798614006427717,0.0,5.0,MINOR_COMMIT <= 0.5004848706369127,0.08270077404415667
OWN_LINE,0.486187845303867,0.08016241264394786,0.281553398058252,1.0,0.441750463982939 < OWN_LINE <= 0.571420709704031,0.06765746227530495
CountDeclClass,1.0,-0.06322132936837795,1.0,13.0,CountDeclClass <= 1.5005966587345618,0.0533591064148017
MaxInheritanceTree,1.0,-0.04893529054770395,0.0,7.0,0.49470484336951337 < MaxInheritanceTree <= 1.5001546410169164,0.041301620858991576
