feature,value,importance,min,max,rule,importance_ratio
Added_lines,0.0,-0.4653273842165714,6.0,17843.0,Added_lines <= 6.5761356021680655,0.3233031646544637
OWN_LINE,0.288235294117647,0.3513661950940718,0.281553398058252,1.0,OWN_LINE <= 0.41251109484975157,0.24412447382129723
MINOR_COMMIT,0.0,-0.11002945142893007,0.0,5.0,MINOR_COMMIT <= 0.5004848706369127,0.0764469727309482
CountDeclClass,1.0,-0.05786765723578388,1.0,13.0,CountDeclClass <= 1.5005966587345618,0.04020566454941604
MaxInheritanceTree,1.0,-0.048165601697609806,0.0,7.0,0.49470484336951337 < MaxInheritanceTree <= 1.5001546410169164,0.03346480775581464
