feature,value,importance,min,max,rule,importance_ratio
Added_lines,0.0,-0.4668091878485244,6.0,17843.0,Added_lines <= 6.5761356021680655,0.3820598292595981
MINOR_COMMIT,0.0,-0.08861111826109651,0.0,5.0,MINOR_COMMIT <= 0.5004848706369127,0.07252374116578478
OWN_LINE,0.988636363636364,-0.07399073353886554,0.281553398058252,1.0,OWN_LINE > 0.9680591083803126,0.06055769200460639
CountDeclClass,1.0,-0.06674918294745964,1.0,13.0,CountDeclClass <= 1.5005966587345618,0.05463084725830065
MaxInheritanceTree,6.0,0.06212470330089252,0.0,7.0,MaxInheritanceTree > 4.503613651938005,0.05084594338285413
