feature,value,importance,min,max,rule,importance_ratio
Added_lines,9.0,0.29763601353137403,6.0,17843.0,6.5761356021680655 < Added_lines <= 24.088365210503166,0.25930215970749737
MAJOR_LINE,5.0,0.1635026705991279,0.0,10.0,2.503347321568387 < MAJOR_LINE <= 5.505000175998428,0.14244444111877727
MINOR_COMMIT,0.0,-0.094763579083369,0.0,5.0,MINOR_COMMIT <= 0.5004848706369127,0.0825585601231002
CountClassCoupled,47.0,0.08264483236727485,0.0,126.0,CountClassCoupled > 45.50484901245065,0.07200064020222977
MaxInheritanceTree,5.0,0.06077360620103689,0.0,7.0,MaxInheritanceTree > 4.503613651938005,0.05294630563744156
