feature,value,importance,min,max,rule,importance_ratio
Added_lines,13.0,0.2973317399226381,6.0,17843.0,6.5761356021680655 < Added_lines <= 24.088365210503166,0.2638445157854594
MAJOR_LINE,3.0,0.16478163314461564,0.0,10.0,2.503347321568387 < MAJOR_LINE <= 5.505000175998428,0.1462229704056836
MINOR_COMMIT,0.0,-0.10870025607845078,0.0,5.0,MINOR_COMMIT <= 0.5004848706369127,0.09645780311996442
MaxInheritanceTree,4.0,0.07648366275098697,0.0,7.0,3.4981638542906017 < MaxInheritanceTree <= 4.503613651938005,0.06786962928775468
AvgLineComment,8.0,0.06559845406633198,0.0,72.0,5.5024963826059325 < AvgLineComment <= 11.482862578537805,0.058210375905072664
