feature,value,importance,min,max,rule,importance_ratio
OWN_COMMIT,0.666666666666667,0.2404448905491325,0.0,1.0,0.5211086302390999 < OWN_COMMIT <= 0.9396160800866156,0.39680802897668804
AvgLineBlank,0.0,-0.04160487320729056,0.0,35.0,AvgLineBlank <= 0.4919048657853053,0.06866083822994153
CountDeclMethodPrivate,0.0,-0.03908787774059295,0.0,301.0,CountDeclMethodPrivate <= 0.47984389130990057,0.06450702149546012
CountDeclMethodProtected,1.0,0.03197404988230585,0.0,76.0,0.5038425476051929 < CountDeclMethodProtected <= 1.5012221840068514,0.05276701735363976
MINOR_COMMIT,0.0,-0.02719952649465009,0.0,1.0,MINOR_COMMIT <= 0.5000824993237257,0.04488758514598532
