feature,value,importance,min,max,rule,importance_ratio
OWN_COMMIT,0.666666666666667,0.24227041915489614,0.0,1.0,0.5211086302390999 < OWN_COMMIT <= 0.9396160800866156,0.37781404206580493
RatioCommentToCode,0.45,0.04975896591319927,0.0,43.0,0.3453902620365129 < RatioCommentToCode <= 0.4691813612981043,0.07759773605980692
AvgLineBlank,1.0,0.035720660473484205,0.0,35.0,0.4919048657853053 < AvgLineBlank <= 3.50292340409879,0.05570538560103265
CountDeclMethodPrivate,1.0,0.031831211899329075,0.0,301.0,0.47984389130990057 < CountDeclMethodPrivate <= 2.4681446528566404,0.049639897736956644
CountDeclMethodProtected,1.0,0.030422679828462366,0.0,76.0,0.5038425476051929 < CountDeclMethodProtected <= 1.5012221840068514,0.04744333078945311
