feature,value,importance,min,max,rule,importance_ratio
OWN_COMMIT,0.666666666666667,0.24222014035375267,0.0,1.0,0.5211086302390999 < OWN_COMMIT <= 0.9396160800866156,0.36389399850972814
RatioCommentToCode,0.39,0.05150284739516637,0.0,43.0,0.3453902620365129 < RatioCommentToCode <= 0.4691813612981043,0.07737414835071978
CountDeclMethodPrivate,0.0,-0.03945078130437504,0.0,301.0,CountDeclMethodPrivate <= 0.47984389130990057,0.059267997005598504
AvgLineBlank,2.0,0.03646764030399042,0.0,35.0,0.4919048657853053 < AvgLineBlank <= 3.50292340409879,0.054786341990607286
CountDeclMethodProtected,1.0,0.030359371931377638,0.0,76.0,0.5038425476051929 < CountDeclMethodProtected <= 1.5012221840068514,0.04560972191750222
