feature,value,importance,min,max,rule,importance_ratio
OWN_COMMIT,0.666666666666667,0.2449165578692977,0.0,1.0,0.5211086302390999 < OWN_COMMIT <= 0.9396160800866156,0.3748615412174175
CountDeclMethodPrivate,0.0,-0.03819041497447478,0.0,301.0,CountDeclMethodPrivate <= 0.47984389130990057,0.058453041891533934
AvgLineBlank,2.0,0.03755870006627917,0.0,35.0,0.4919048657853053 < AvgLineBlank <= 3.50292340409879,0.05748615902270561
CountDeclMethodProtected,1.0,0.03317999405830345,0.0,76.0,0.5038425476051929 < CountDeclMethodProtected <= 1.5012221840068514,0.0507842500257496
CountOutput_Min,2.0,-0.030313265017616723,0.0,35.0,1.5085611137759714 < CountOutput_Min <= 3.5052641344224105,0.04639652517858741
