feature,value,importance,min,max,rule,importance_ratio
OWN_COMMIT,1.0,0.1109189538073093,0.0,1.0,OWN_COMMIT > 0.9396160800866156,0.18766689315116514
CountLineComment,138.0,0.07971215079485257,0.0,4565.0,132.33687021838836 < CountLineComment <= 1780.4519740721664,0.13486722667845227
MINOR_COMMIT,0.0,-0.05875584880646526,0.0,1.0,MINOR_COMMIT <= 0.5000824993237257,0.09941067077791269
CountDeclMethodPrivate,8.0,0.040866706574094275,0.0,301.0,5.497936289499292 < CountDeclMethodPrivate <= 12.504329449235424,0.06914352861102425
AvgLineBlank,1.0,0.03804050064784892,0.0,35.0,0.4919048657853053 < AvgLineBlank <= 3.50292340409879,0.06436179142925032
