feature,value,importance,min,max,rule,importance_ratio
OWN_COMMIT,0.777777777777778,0.2421965011930438,0.0,1.0,0.5211086302390999 < OWN_COMMIT <= 0.9396160800866156,0.36111072998121657
CountLineComment,72.0,0.04103603439086606,0.0,4565.0,40.8582338807355 < CountLineComment <= 118.84002223414448,0.06118400662860426
AvgLineBlank,2.0,0.03777235181579327,0.0,35.0,0.4919048657853053 < AvgLineBlank <= 3.50292340409879,0.05631791322384387
MAJOR_LINE,6.0,0.03622518671203144,0.0,14.0,3.496459832780991 < MAJOR_LINE <= 8.495319420437175,0.054011117224443426
CountDeclMethodPrivate,4.0,0.03548188722651606,0.0,301.0,2.4681446528566404 < CountDeclMethodPrivate <= 5.497936289499292,0.052902870744882674
