feature,value,importance,min,max,rule,importance_ratio
OWN_COMMIT,0.625,0.24104325317724204,0.0,1.0,0.5211086302390999 < OWN_COMMIT <= 0.9396160800866156,0.3192902214002294
CountLineComment,281.0,0.0828308382419456,0.0,4565.0,132.33687021838836 < CountLineComment <= 1780.4519740721664,0.1097192156695236
MAJOR_LINE,9.0,0.06615957884412801,0.0,14.0,MAJOR_LINE > 8.495319420437175,0.08763616611726839
AvgLineBlank,0.0,-0.04291336470116064,0.0,35.0,AvgLineBlank <= 0.4919048657853053,0.05684381344781824
CountDeclMethodPrivate,4.0,0.03922298266108325,0.0,301.0,2.4681446528566404 < CountDeclMethodPrivate <= 5.497936289499292,0.051955467131975415
