feature,value,importance,min,max,rule,importance_ratio
MINOR_COMMIT,4.0,0.12592592346361525,0.0,1.0,MINOR_COMMIT > 0.5000824993237257,0.17627627919189595
CountLineComment,264.0,0.07901472874682457,0.0,4565.0,132.33687021838836 < CountLineComment <= 1780.4519740721664,0.11060806227775348
MAJOR_LINE,16.0,0.07551852624276977,0.0,14.0,MAJOR_LINE > 8.495319420437175,0.10571393443048586
CountDeclInstanceVariable,383.0,0.06488458315820775,0.0,1496.0,58.05597645544861 < CountDeclInstanceVariable <= 1265.8510859236721,0.09082810418579759
AvgLineBlank,0.0,-0.04244928954975107,0.0,35.0,AvgLineBlank <= 0.4919048657853053,0.05942225881973869
