feature,value,importance,min,max,rule,importance_ratio
CountDeclInstanceVariable,213.0,0.06833470377299955,0.0,1496.0,58.05597645544861 < CountDeclInstanceVariable <= 1265.8510859236721,0.1226889159693377
MINOR_COMMIT,0.0,-0.05111301128075145,0.0,1.0,MINOR_COMMIT <= 0.5000824993237257,0.09176889047175069
AvgLineBlank,0.0,-0.043984778406879664,0.0,35.0,AvgLineBlank <= 0.4919048657853053,0.07897077888590841
CountLineComment,83.0,0.04368403461320565,0.0,4565.0,40.8582338807355 < CountLineComment <= 118.84002223414448,0.07843082000713808
CountDeclMethodPrivate,7.0,0.040289216657699245,0.0,301.0,5.497936289499292 < CountDeclMethodPrivate <= 12.504329449235424,0.0723357246620567
