Antecedent,Antecedent Coverage %,Confidence,Lift
0.919 < AvgCyclomaticModified <= 1.008,0.576,0.95021,1.03749
0.81 < CountDeclClass <= 1.08,0.36759,0.96359,1.0521
-0.03 < CountDeclInstanceVariable <= 0.93,0.31501,0.95751,1.04547
18.4 < CountLineComment <= 22.25,0.2978,0.97271,1.06206
1.565 < MINOR_LINE <= 2.015,0.27103,0.96649,1.05527
0.2 < CountDeclMethodPublic <= 2.45,0.2696,0.98936,1.08024
MAJOR_COMMIT <= 0.04,0.26099,0.98535,1.07586
OWN_COMMIT <= 0.02,0.25048,0.98282,1.0731
0.69 < MAJOR_COMMIT <= 1.21,0.20507,0.97436,1.06386
