"Rule ID","Antecedent","Consequent","Antecedent Coverage %","Antecedent Coverage","Support %","Support","Confidence","Leverage","Lift","p-value","Consequent Coverage %","Consequent Coverage"
"b'000000'","b'OWN_COMMIT <= 0.12'","b'target = 0'",0.20223,453,0.20179,452,0.99779,0.00623,1.03188,8.23613e-07,0.96696,2166
"b'000001'","b'-7 < Added_lines <= 29'","b'target = 0'",0.32991,739,0.32723,733,0.99188,0.00822,1.02577,3.05075e-07,0.96696,2166
"b'000002'","b'-0.235 < CountDeclMethodProtected <= 0.07'","b'target = 0'",0.54286,1216,0.53571,1200,0.98684,0.01079,1.02056,5.52027e-09,0.96696,2166
"b'000003'","b'0.69 < CountDeclClass <= 1.025'","b'target = 0'",0.55223,1237,0.54375,1218,0.98464,0.00976,1.01828,1.52251e-07,0.96696,2166
"b'000004'","b'-0.68 < CountClassDerived <= 0.13'","b'target = 0'",0.54464,1220,0.53571,1200,0.98361,0.00906,1.01721,1.07209e-06,0.96696,2166
"b'000005'","b'-0.3 < CountDeclClassMethod <= 0.025'","b'target = 0'",0.61161,1370,0.60045,1345,0.98175,0.00904,1.01529,1.17441e-06,0.96696,2166
