feature,value,importance,min,max,rule,importance_ratio
MaxInheritanceTree,6.0,0.15403157742073006,0.0,9.0,4.50216753889406 < MaxInheritanceTree <= 8.495461441426933,0.1533860409763687
MAJOR_LINE,3.0,0.09013457529919623,0.0,12.0,1.5065009464175683 < MAJOR_LINE <= 4.493037577476152,0.08975682708531063
CountClassCoupled,16.0,0.08074254967983426,0.0,157.0,13.490513641296767 < CountClassCoupled <= 18.559808795198578,0.08040416284187686
CountDeclInstanceMethod,4.0,-0.07114718588232818,0.0,498.0,0.355143346342345 < CountDeclInstanceMethod <= 4.534451172742044,0.07084901259753904
CountInput_Mean,4.11111111111111,0.06189257336153764,0.0,62.0,3.0875323489938937 < CountInput_Mean <= 7.45941817552566,0.06163318556320945
