feature,value,importance,min,max,rule,importance_ratio
CountClassCoupled,18.0,0.14515395747541404,0.0,157.0,13.490513641296767 < CountClassCoupled <= 18.559808795198578,0.15276335267837735
MAJOR_LINE,0.0,-0.10093970718434081,0.0,12.0,MAJOR_LINE <= 0.49830705185639035,0.1062312620065174
CountDeclClassVariable,9.0,0.09523321625848884,0.0,139.0,3.4671140433870056 < CountDeclClassVariable <= 57.97334749613853,0.10022562012789664
CountDeclClass,11.0,0.06878425737105838,0.0,144.0,4.501023241845026 < CountDeclClass <= 12.480942846610736,0.07239012942017133
RatioCommentToCode,0.09,0.04879142381052303,0.0,10.67,-0.001302039895614393 < RatioCommentToCode <= 0.2374223038482074,0.05134921302100618
