feature,value,importance,min,max,rule,importance_ratio
CountDeclClass,5.0,0.08632988049823999,0.0,144.0,4.501023241845026 < CountDeclClass <= 12.480942846610736,0.12638912500240054
MAJOR_LINE,4.0,0.06875537707735907,0.0,12.0,1.5065009464175683 < MAJOR_LINE <= 4.493037577476152,0.10065960821287923
CountInput_Mean,3.27272727272727,0.060085849538461335,0.0,62.0,3.0875323489938937 < CountInput_Mean <= 7.45941817552566,0.08796720097796086
CountDeclInstanceMethod,9.0,0.049718434342355546,0.0,498.0,4.534451172742044 < CountDeclInstanceMethod <= 9.473633149396232,0.07278904333879772
CountClassCoupled,9.0,-0.04624426086128563,0.0,157.0,6.5535834306942915 < CountClassCoupled <= 10.55565855219572,0.06770276563466117
