feature,value,importance,min,max,rule,importance_ratio
CountClassCoupled,17.0,0.13830679593499937,0.0,157.0,13.490513641296767 < CountClassCoupled <= 18.559808795198578,0.14326610219628194
CountDeclClass,5.0,0.09439382505733931,0.0,144.0,4.501023241845026 < CountDeclClass <= 12.480942846610736,0.09777853138697826
MAJOR_LINE,4.0,0.08012531871511848,0.0,12.0,1.5065009464175683 < MAJOR_LINE <= 4.493037577476152,0.08299839513992337
CountDeclClassVariable,37.0,0.07458884606368657,0.0,139.0,3.4671140433870056 < CountDeclClassVariable <= 57.97334749613853,0.0772633996082523
RatioCommentToCode,0.07,0.05580242494214997,0.0,10.67,-0.001302039895614393 < RatioCommentToCode <= 0.2374223038482074,0.05780334842200859
