feature,value,importance,min,max,rule,importance_ratio
CountClassCoupled,37.0,0.22874144351382344,0.0,157.0,19.49362632354891 < CountClassCoupled <= 149.5610677723453,0.18435981280924
CountDeclClass,18.0,0.12130064791588391,0.0,144.0,12.480942846610736 < CountDeclClass <= 22.518185474480106,0.09776525145545141
MINOR_LINE,6.0,0.09789256622576896,1.0,8.0,4.500984724383485 < MINOR_LINE <= 7.000691311130333,0.07889893019630366
CountDeclClassVariable,4.0,0.08771570576984512,0.0,139.0,3.4671140433870056 < CountDeclClassVariable <= 57.97334749613853,0.07069663829931085
CountDeclInstanceMethod,20.0,0.0821054099336071,0.0,498.0,18.59212295245012 < CountDeclInstanceMethod <= 22.39149370372257,0.06617488188173891
