feature,value,importance,min,max,rule,importance_ratio
Added_lines,565.0,0.15438234048621202,0.0,5928.0,556.1562005161363 < Added_lines <= 3662.7117841695585,0.2391731697240741
MINOR_COMMIT,0.0,-0.14248485149093154,0.0,3.0,MINOR_COMMIT <= 0.4992984298946273,0.22074126782521242
CountDeclClassMethod,12.0,0.10607065948135964,0.0,105.0,9.466865411321908 < CountDeclClassMethod <= 40.52628629525767,0.16432744679852448
CountClassCoupled,24.0,0.05884695208159108,0.0,146.0,CountClassCoupled > 22.548600364051904,0.09116724110820079
CountDeclClassVariable,0.0,-0.031799278732695835,0.0,133.0,CountDeclClassVariable <= 0.5296863623135011,0.04926427637698274
