Antecedent,Antecedent Coverage %,Confidence,Lift
CountDeclClass <= 0.77,0.07366,0.99394,1.13593
CountOutput_Mean <= 1.74,0.19821,0.98649,1.12741
CountClassCoupled <= 0.8,0.19554,0.9863,1.1272
0.8 < CountClassCoupled <= 2.8,0.19821,0.97297,1.11197
Added_lines <= -9,0.11741,0.96958,1.10809
RatioCommentToCode > 1.7,0.19688,0.96599,1.10398
OWN_COMMIT <= 0.135,0.20446,0.96507,1.10293
CountClassBase <= 0.953,0.11696,0.95802,1.09487
-9 < Added_lines <= 26,0.29464,0.94697,1.08225
