"Rule ID","Antecedent","Consequent","Antecedent Coverage %","Antecedent Coverage","Support %","Support","Confidence","Leverage","Lift","p-value","Consequent Coverage %","Consequent Coverage"
"000000","-1.86 < CountDeclClassMethod <= 0.1","target = 0",0.50446,1130,0.50357,1128,0.99823,0.01172,1.02383,7.47441e-15,0.975,2184
"000001","-0.21 < MAJOR_LINE <= 0.21","target = 0",0.39464,884,0.3933,881,0.99661,0.00853,1.02216,3.68587e-09,0.975,2184
"000002","0.6 < CountDeclClass <= 1.045","target = 0",0.59152,1325,0.58839,1318,0.99472,0.01166,1.02022,3.04541e-13,0.975,2184
"000003","-0.44 < CountDeclMethodPrivate <= 0.14","target = 0",0.55625,1246,0.55134,1235,0.99117,0.009,1.01659,2.6339e-08,0.975,2184
"000004","-0.06 < CountDeclClassVariable <= 0.96","target = 0",0.66071,1480,0.65357,1464,0.98919,0.00938,1.01455,7.32842e-09,0.975,2184
"000005","-0.02 < CountDeclMethodDefault <= 0.23","target = 0",0.74509,1669,0.73438,1645,0.98562,0.00791,1.01089,3.43738e-07,0.975,2184
"000006","-0.5 < MINOR_COMMIT <= 0","target = 0",0.9875,2212,0.96696,2166,0.9792,0.00415,1.00431,3.86626e-10,0.975,2184
