Antecedent,Antecedent Coverage %,Confidence,Lift
0.02 < MAJOR_COMMIT <= 0.505,0.11826,0.98479,1.12259
MAJOR_COMMIT <= 0.02,0.28103,0.9808,1.11804
OWN_COMMIT <= 0.01,0.27743,0.97407,1.11037
0.505 < MAJOR_COMMIT <= 1.025,0.25899,0.94792,1.08056
CountDeclMethodPublic <= 0.68,0.18885,0.94762,1.08022
19.2 < CountLineComment <= 21.5,0.21942,0.94262,1.07452
