Antecedent,Antecedent Coverage %,Confidence,Lift
-0.59 < CountDeclMethodPrivate <= 0.24,0.4223,0.85235,1.07406
-0.038 < OWN_COMMIT <= 0.038,0.38829,0.99392,1.25245
0.96 < MINOR_LINE <= 1.275,0.30373,0.88802,1.11902
-0.09 < MAJOR_LINE <= 0.25,0.29665,0.94108,1.18588
0.96 < MINOR_LINE <= 1.275 & -0.56 < MINOR_COMMIT <= 0,0.29098,0.91558,1.15375
MaxInheritanceTree <= 1.05,0.23949,0.94872,1.1955
