Antecedent,Antecedent Coverage %,Confidence,Lift
-0.17 < AvgLineBlank <= 0.215,0.42265,0.90959,1.2027
-0.014 < OWN_COMMIT <= 0.12,0.32246,0.99711,1.31842
-0.025 < MAJOR_LINE <= 0.445,0.30568,0.83079,1.09851
1.955 < MaxInheritanceTree <= 2.325,0.22926,0.88415,1.16906
CountDeclInstanceVariable <= 0.18,0.21901,0.8383,1.10843
0.8 < CountClassCoupled <= 3.2,0.21202,0.8989,1.18857
3.2 < CountClassCoupled <= 6.65,0.20084,0.84687,1.11976
