Antecedent,Antecedent Coverage %,Confidence,Lift
-0.24 < AvgLineBlank <= 0.165,0.43272,0.86891,1.13356
-0.008 < OWN_COMMIT <= 0.122,0.31692,0.99408,1.29687
-0.03 < MAJOR_LINE <= 0.275,0.30239,0.88527,1.15491
1.855 < MaxInheritanceTree <= 2.265,0.218,0.88817,1.1587
CountClassCoupled <= 1.05,0.2166,0.93506,1.21987
