Antecedent,Antecedent Coverage %,Confidence,Lift
-0.019 < OWN_COMMIT <= 0.0215,0.41607,0.98498,1.09334
CountLineComment <= 17.6,0.14955,0.98209,1.09013
MINOR_LINE <= 1.06,0.23973,0.96834,1.07487
PercentLackOfCohesion <= 1.5,0.25402,0.96134,1.06709
RatioCommentToCode > 2,0.20223,0.95806,1.06345
CountClassCoupled <= 0.26,0.2308,0.95551,1.06063
17.6 < CountLineComment <= 28.2,0.27857,0.94712,1.05131
-0.33 < CountDeclMethodPrivate <= 0.26,0.55179,0.94175,1.04535
-0.175 < MAJOR_LINE <= 0.19,0.37768,0.9409,1.04441
