Antecedent,Antecedent Coverage %,Confidence,Lift
OWN_COMMIT <= -0.016,0.07682,0.99394,1.11371
-0.016 < OWN_COMMIT <= 0.0285,0.43203,0.99353,1.11326
-0.005 < MaxNesting_Mean <= 0.35 & -0.008 < CountDeclMethodProtected <= 0.14,0.24767,0.97556,1.09312
AvgLineComment <= -0.19,0.11499,0.97166,1.08875
CountClassBase <= 0.86,0.17318,0.96774,1.08436
-0.19 < AvgLineComment <= 0.36,0.34078,0.96721,1.08376
MINOR_LINE <= 1.02,0.27514,0.96277,1.07879
PercentLackOfCohesion <= 2,0.25233,0.96125,1.07709
