Antecedent,Antecedent Coverage %,Confidence,Lift
OWN_COMMIT <= -0.018,0.08482,0.99474,1.11077
-0.018 < OWN_COMMIT <= 0.031,0.39152,0.99316,1.10901
AvgLineComment <= -0.1,0.10089,0.97788,1.09195
CountLineComment <= 18.5,0.16652,0.97587,1.08971
CountClassBase <= 0.9,0.19241,0.97216,1.08556
MaxNesting_Mean <= 0.035,0.23571,0.97159,1.08493
RatioCommentToCode > 1.965,0.20134,0.96896,1.08199
CountInput_Mean <= 1.27,0.20804,0.96137,1.07352
0.885 < RatioCommentToCode <= 1.965,0.18705,0.95704,1.06868
