Antecedent,Antecedent Coverage %,Confidence,Lift
-0.0225 < OWN_COMMIT <= 0.0265,0.45491,0.99019,1.08143
MaxNesting_Mean <= 0.045,0.23571,0.9697,1.05905
12.2 < CountLineComment <= 24.6,0.29598,0.96531,1.05426
PercentLackOfCohesion <= 2.5,0.23929,0.96269,1.0514
-0.175 < MAJOR_LINE <= 0.16,0.38482,0.96172,1.05034
-0.45 < CountClassCoupled <= 2.15,0.31786,0.95927,1.04767
-0.8 < CountDeclInstanceVariable <= 1.5,0.39866,0.95857,1.0469
MINOR_LINE <= 1.005,0.2933,0.95738,1.0456
-1.12 < CountDeclMethodPrivate <= 0,0.59107,0.95544,1.04348
