Antecedent,Antecedent Coverage %,Confidence,Lift
-0.027 < OWN_COMMIT <= 0.027,0.42041,0.99443,1.07987
CountInput_Mean <= 0.86,0.1882,0.97264,1.0562
39.5 < PercentLackOfCohesion <= 62,0.20178,0.97216,1.05568
27 < CountLineComment <= 38.1,0.19897,0.97176,1.05526
-0.155 < MAJOR_LINE <= 0.2,0.3544,0.96433,1.04719
