Antecedent,Antecedent Coverage %,Confidence,Lift
CountDeclMethodPrivate <= -0.34,0.09152,0.99512,1.11176
-0.0245 < OWN_COMMIT <= 0.021,0.43259,0.99071,1.10683
CountLineComment <= 17.4,0.14196,0.98742,1.10315
MAJOR_LINE <= -0.175,0.10402,0.98712,1.10282
MaxNesting_Mean <= 0.04,0.23438,0.98095,1.09593
-2.05 < CountClassCoupled <= 2.65,0.34732,0.97943,1.09423
17.4 < CountLineComment <= 27.4,0.26875,0.97841,1.09308
CountClassBase <= 0.89,0.15536,0.97701,1.09152
PercentLackOfCohesion <= 4.5,0.21339,0.97699,1.0915
