Antecedent,Antecedent Coverage %,Confidence,Lift
-0.039 < OWN_COMMIT <= 0.025,0.44866,0.99204,1.09683
0.805 < RatioCommentToCode <= 1.475,0.18527,0.98072,1.08431
CountLineComment <= 18.2,0.17545,0.97964,1.08312
18.2 < CountLineComment <= 26.1,0.23973,0.97765,1.08092
MaxNesting_Mean <= 0.05,0.23393,0.96756,1.06976
-0.065 < MAJOR_LINE <= 0.185,0.3433,0.96229,1.06393
CountInput_Mean <= 1.32,0.19196,0.96047,1.06192
-0.2 < AvgLineBlank <= 0.07,0.49643,0.95504,1.05591
-0.275 < CountDeclMethodPrivate <= 0.075,0.54509,0.95495,1.05582
