feature,value,importance,left,right,rec,rule,min,max
CountDeclInstanceVariable,62.00000000000001,0.11953177099385727,0.0,21.48866785028532,-1,CountDeclInstanceVariable > 21.48866785028532,0.0,146.0
CountClassCoupled,60.0,0.10488215594278391,0.0,29.979533932174256,-1,CountClassCoupled > 29.979533932174256,0.0,71.0
CountInput_Mean,5.14705882352941,-0.021097264636962203,6.882557626390944,53.0,1,3.2586492260016287 < CountInput_Mean <= 6.882557626390944,0.0,53.0
