feature,value,importance,left,right,rec,rule,min,max
CountClassCoupled,8.0,0.043357799384340485,0.0,5.496626413283925,-1,5.496626413283925 < CountClassCoupled <= 11.47998037051897,0.0,71.0
CountDeclInstanceVariable,13.0,0.01676482316778401,0.0,10.502374715445432,-1,10.502374715445432 < CountDeclInstanceVariable <= 15.513666320810996,0.0,146.0
CountInput_Mean,4.25,-0.014935891742876812,6.882557626390944,53.0,1,3.2586492260016287 < CountInput_Mean <= 6.882557626390944,0.0,53.0
