feature,value,importance,left,right,rec,rule,min,max
CountInput_Mean,2.0,0.0383956326637782,0.0,0.4907821800349863,-1,0.4907821800349863 < CountInput_Mean <= 3.058906243303005,0.0,53.0
CountClassCoupled,5.0,0.01892198339699409,0.0,4.51975229781698,-1,4.51975229781698 < CountClassCoupled <= 5.496626413283925,0.0,71.0
PercentLackOfCohesion,61.0,0.004534341909156021,0.0,54.451027961191265,-1,54.451027961191265 < PercentLackOfCohesion <= 87.34091357357666,0.0,100.0
CountDeclInstanceVariable,3.0,0.004148596272011058,0.0,2.471458681205751,-1,2.471458681205751 < CountDeclInstanceVariable <= 8.510707538953993,0.0,146.0
MAJOR_LINE,0.0,-0.002033933829576929,0.502798885741781,4.0,1,MAJOR_LINE <= 0.502798885741781,0.0,4.0
