feature,value,importance,left,right,rec,rule,min,max
CountInput_Mean,2.75,0.03356752126186679,0.0,0.4907821800349863,-1,0.4907821800349863 < CountInput_Mean <= 3.058906243303005,0.0,53.0
CountClassCoupled,5.0,0.012122291581203997,0.0,4.51975229781698,-1,4.51975229781698 < CountClassCoupled <= 5.496626413283925,0.0,71.0
MAJOR_LINE,5.551115123125783e-17,-0.011574209279844315,0.502798885741781,4.0,1,MAJOR_LINE <= 0.502798885741781,0.0,4.0
CountDeclInstanceVariable,4.0,0.005606806741847727,0.0,2.471458681205751,-1,2.471458681205751 < CountDeclInstanceVariable <= 8.510707538953993,0.0,146.0
