feature,value,importance,left,right,rec,rule,min,max
CountInput_Mean,4.0,-0.02132557004847458,6.882557626390944,53.0,1,3.2586492260016287 < CountInput_Mean <= 6.882557626390944,0.0,53.0
CountDeclInstanceVariable,4.0,0.0072930712852168405,0.0,2.471458681205751,-1,2.471458681205751 < CountDeclInstanceVariable <= 8.510707538953993,0.0,146.0
MAJOR_LINE,5.551115123125783e-17,-0.0026754361799914707,0.502798885741781,4.0,1,MAJOR_LINE <= 0.502798885741781,0.0,4.0
PercentLackOfCohesion,57.0,0.001891556420461541,0.0,54.451027961191265,-1,54.451027961191265 < PercentLackOfCohesion <= 87.34091357357666,0.0,100.0
