feature,value,importance,left,right,rec,rule,min,max
CountClassCoupled,40.0,0.0722261987017194,0.0,29.979533932174256,-1,CountClassCoupled > 29.979533932174256,0.0,71.0
CountInput_Mean,3.23076923076923,-0.029009013788151055,3.2586492260016287,53.0,1,3.058906243303005 < CountInput_Mean <= 3.2586492260016287,0.0,53.0
MAJOR_LINE,3.0,0.02451471786790977,0.0,2.4984912888350683,-1,MAJOR_LINE > 2.4984912888350683,0.0,4.0
CountDeclInstanceVariable,9.0,-0.003319770101558001,10.502374715445432,146.0,1,8.510707538953993 < CountDeclInstanceVariable <= 10.502374715445432,0.0,146.0
PercentLackOfCohesion,85.0,0.0019463090626510285,0.0,54.451027961191265,-1,54.451027961191265 < PercentLackOfCohesion <= 87.34091357357666,0.0,100.0
