feature,value,importance,left,right,rec,rule,min,max
CountClassCoupled,28.0,0.07488546792232294,0.0,13.494783233669544,-1,13.494783233669544 < CountClassCoupled <= 29.979533932174256,0.0,71.0
CountInput_Mean,3.32142857142857,-0.024584523996912425,6.882557626390944,53.0,1,3.2586492260016287 < CountInput_Mean <= 6.882557626390944,0.0,53.0
MAJOR_LINE,1.0,-0.007821219949526498,1.500645087288425,4.0,1,0.502798885741781 < MAJOR_LINE <= 1.500645087288425,0.0,4.0
CountDeclInstanceVariable,3.0,0.0021394161350480946,0.0,2.471458681205751,-1,2.471458681205751 < CountDeclInstanceVariable <= 8.510707538953993,0.0,146.0
