feature,value,importance,left,right,rec,rule,min,max
CountClassCoupled,10.0,0.04155490382011355,0.0,5.496626413283925,-1,5.496626413283925 < CountClassCoupled <= 11.47998037051897,0.0,71.0
CountInput_Mean,2.25,0.03691510027444545,0.0,0.4907821800349863,-1,0.4907821800349863 < CountInput_Mean <= 3.058906243303005,0.0,53.0
PercentLackOfCohesion,0.0,0.021636195677788822,0.0,0.0,-1,PercentLackOfCohesion <= 0.9093537084708458,0.0,100.0
MAJOR_LINE,5.551115123125783e-17,-0.002749972184361511,0.502798885741781,4.0,1,MAJOR_LINE <= 0.502798885741781,0.0,4.0
