feature,value,importance,left,right,rec,rule,min,max
CountDeclInstanceVariable,39.0,0.07698217660098014,0.0,21.48866785028532,-1,CountDeclInstanceVariable > 21.48866785028532,0.0,146.0
CountClassCoupled,47.0,0.07617282571576955,0.0,29.979533932174256,-1,CountClassCoupled > 29.979533932174256,0.0,71.0
CountInput_Mean,4.63291139240506,-0.015403279008330861,6.882557626390944,53.0,1,3.2586492260016287 < CountInput_Mean <= 6.882557626390944,0.0,53.0
MAJOR_LINE,1.0,-0.0018205651706005538,1.500645087288425,4.0,1,0.502798885741781 < MAJOR_LINE <= 1.500645087288425,0.0,4.0
