feature,value,importance,left,right,rec,rule,min,max
CountClassCoupled,17.0,0.08304997117516258,0.0,13.494783233669544,-1,13.494783233669544 < CountClassCoupled <= 29.979533932174256,0.0,71.0
CountInput_Mean,3.6,-0.023756990585910517,6.882557626390944,53.0,1,3.2586492260016287 < CountInput_Mean <= 6.882557626390944,0.0,53.0
CountDeclInstanceVariable,3.0,0.0067085484762996915,0.0,2.471458681205751,-1,2.471458681205751 < CountDeclInstanceVariable <= 8.510707538953993,0.0,146.0
MAJOR_LINE,0.0,-0.0011478440415195184,0.502798885741781,4.0,1,MAJOR_LINE <= 0.502798885741781,0.0,4.0
