feature,value,importance,left,right,rec,rule,min,max
CountClassCoupled,49.0,0.22250356270140415,0.0,29.979533932174256,-1,CountClassCoupled > 29.979533932174256,0.0,71.0
CountDeclInstanceVariable,29.0,0.10180141985841307,0.0,21.48866785028532,-1,CountDeclInstanceVariable > 21.48866785028532,0.0,146.0
CountInput_Mean,4.28712871287129,-0.025125776142237093,6.882557626390944,53.0,1,3.2586492260016287 < CountInput_Mean <= 6.882557626390944,0.0,53.0
