feature,value,importance,left,right,rec,rule,min,max
CountInput_Mean,2.33333333333333,0.028805039143373585,0.0,0.4907821800349863,-1,0.4907821800349863 < CountInput_Mean <= 3.058906243303005,0.0,53.0
CountClassCoupled,1.0,-0.013531165203624707,1.5280753191994587,71.0,1,0.4901465715158291 < CountClassCoupled <= 1.5280753191994587,0.0,71.0
CountDeclInstanceVariable,1.0,0.008041338098734889,0.0,0.47979150471431,-1,0.47979150471431 < CountDeclInstanceVariable <= 2.471458681205751,0.0,146.0
PercentLackOfCohesion,79.0,0.0008310863355396564,0.0,54.451027961191265,-1,54.451027961191265 < PercentLackOfCohesion <= 87.34091357357666,0.0,100.0
