feature,value,importance,left,right,rec,rule,min,max
CountClassCoupled,19.0,0.09159898712889633,0.0,13.494783233669544,-1,13.494783233669544 < CountClassCoupled <= 29.979533932174256,0.0,71.0
CountDeclInstanceVariable,34.0,0.04424287893014365,0.0,21.48866785028532,-1,CountDeclInstanceVariable > 21.48866785028532,0.0,146.0
CountInput_Mean,8.46153846153846,-0.04382171046570517,12.646569412836943,53.0,1,6.882557626390944 < CountInput_Mean <= 12.646569412836943,0.0,53.0
