feature,value,importance,left,right,rec,rule,min,max
CountClassCoupled,13.0,-0.023158089924202964,18.441101210186808,242.0,1,12.44095876835871 < CountClassCoupled <= 18.441101210186808,0.0,242.0
RatioCommentToCode,0.31000000000000005,0.019141790691422855,0.0,0.03591251388253447,-1,0.03591251388253447 < RatioCommentToCode <= 0.3453902620365129,0.0,43.0
PercentLackOfCohesion,65.0,0.015382614761393704,0.0,60.3156976805392,-1,60.3156976805392 < PercentLackOfCohesion <= 77.58852664300258,0.0,100.0
CountInput_Mean,3.3,-0.010527858341136578,3.3221428542360463,45.75,1,1.9139475118304576 < CountInput_Mean <= 3.3221428542360463,0.0,45.75
