feature,value,importance,left,right,rec,rule,min,max
OWN_COMMIT,0.6,0.2674648537747793,0.0,0.5211086302390999,-1,0.5211086302390999 < OWN_COMMIT <= 0.9396160800866156,0.0,1.0
RatioCommentToCode,0.33,0.03312904905579464,0.0,0.03591251388253447,-1,0.03591251388253447 < RatioCommentToCode <= 0.3453902620365129,0.0,43.0
PercentLackOfCohesion,100.0,-0.02039856831169546,100.0,100.0,1,PercentLackOfCohesion > 99.46744332878954,0.0,100.0
CountInput_Mean,7.91666666666667,-0.016960991320703292,9.03539252913872,45.75,1,3.3221428542360463 < CountInput_Mean <= 9.03539252913872,0.0,45.75
