feature,value,importance,left,right,rec,rule,min,max
OWN_COMMIT,0.666666666666667,0.2658776182289797,0.0,0.5211086302390999,-1,0.5211086302390999 < OWN_COMMIT <= 0.9396160800866156,0.0,1.0
RatioCommentToCode,1.27,-0.0362295892476824,2.5323663489912938,43.0,1,0.4691813612981043 < RatioCommentToCode <= 2.5323663489912938,0.0,43.0
CountInput_Mean,2.16666666666667,-0.01393203910731076,3.3221428542360463,45.75,1,1.9139475118304576 < CountInput_Mean <= 3.3221428542360463,0.0,45.75
PercentLackOfCohesion,79.0,-0.001422053316003305,79.50772986105409,100.0,1,77.58852664300258 < PercentLackOfCohesion <= 79.50772986105409,0.0,100.0
