feature,value,importance,left,right,rec,rule,min,max
RatioCommentToCode,0.53,-0.0285164775352702,2.5323663489912938,43.0,1,0.4691813612981043 < RatioCommentToCode <= 2.5323663489912938,0.0,43.0
PercentLackOfCohesion,84.0,0.018809491263971703,0.0,79.50772986105409,-1,79.50772986105409 < PercentLackOfCohesion <= 93.32599303102478,0.0,100.0
CountInput_Mean,3.63636363636364,-0.00954430820652108,9.03539252913872,45.75,1,3.3221428542360463 < CountInput_Mean <= 9.03539252913872,0.0,45.75
CountClassCoupled,5.0,0.003477056657657032,0.0,2.533746829526269,-1,2.533746829526269 < CountClassCoupled <= 6.440816326530612,0.0,242.0
