feature,value,importance,left,right,rec,rule,min,max
OWN_COMMIT,0.5,0.05039974175603895,0.0,0.15491461162252382,-1,0.15491461162252382 < OWN_COMMIT <= 0.5211086302390999,0.0,1.0
PercentLackOfCohesion,100.0,-0.029061171700637288,100.0,100.0,1,PercentLackOfCohesion > 99.46744332878954,0.0,100.0
RatioCommentToCode,0.3,0.02888230231406039,0.0,0.03591251388253447,-1,0.03591251388253447 < RatioCommentToCode <= 0.3453902620365129,0.0,43.0
CountInput_Mean,12.6617647058824,0.013120949138371679,0.0,10.041246345142712,-1,10.041246345142712 < CountInput_Mean <= 24.485307142960036,0.0,45.75
