feature,value,importance,left,right,rec,rule,min,max
RatioCommentToCode,0.42,0.05459748775319516,0.0,0.3453902620365129,-1,0.3453902620365129 < RatioCommentToCode <= 0.4691813612981043,0.0,43.0
PercentLackOfCohesion,94.0,0.03135515182011206,0.0,93.32599303102478,-1,93.32599303102478 < PercentLackOfCohesion <= 99.46744332878954,0.0,100.0
CountClassCoupled,10.0,-0.026801356260053564,12.44095876835871,242.0,1,6.440816326530612 < CountClassCoupled <= 12.44095876835871,0.0,242.0
CountInput_Mean,5.03846153846154,-0.014966876397152187,9.03539252913872,45.75,1,3.3221428542360463 < CountInput_Mean <= 9.03539252913872,0.0,45.75
