feature,value,importance,left,right,rec,rule,min,max
PercentLackOfCohesion,99.0,0.08564231927965033,0.0,93.32599303102478,-1,93.32599303102478 < PercentLackOfCohesion <= 99.46744332878954,0.0,100.0
OWN_COMMIT,0.454545454545455,0.04101581610089459,0.0,0.15491461162252382,-1,0.15491461162252382 < OWN_COMMIT <= 0.5211086302390999,0.0,1.0
RatioCommentToCode,0.16,0.032476402155243216,0.0,0.03591251388253447,-1,0.03591251388253447 < RatioCommentToCode <= 0.3453902620365129,0.0,43.0
CountClassCoupled,3.0,0.005176622295618887,0.0,2.533746829526269,-1,2.533746829526269 < CountClassCoupled <= 6.440816326530612,0.0,242.0
CountInput_Mean,9.46153846153846,0.004605732907095144,0.0,9.03539252913872,-1,9.03539252913872 < CountInput_Mean <= 10.041246345142712,0.0,45.75
