feature,value,importance,left,right,rec,rule,min,max
CountClassCoupled,8.0,-0.03697164017143773,12.44095876835871,242.0,1,6.440816326530612 < CountClassCoupled <= 12.44095876835871,0.0,242.0
RatioCommentToCode,0.44999999999999996,0.03653623926193092,0.0,0.3453902620365129,-1,0.3453902620365129 < RatioCommentToCode <= 0.4691813612981043,0.0,43.0
PercentLackOfCohesion,50.0,0.01216055722330401,0.0,4.658804357046073,-1,4.658804357046073 < PercentLackOfCohesion <= 60.3156976805392,0.0,100.0
CountInput_Mean,3.0,-0.008593802028773996,3.3221428542360463,45.75,1,1.9139475118304576 < CountInput_Mean <= 3.3221428542360463,0.0,45.75
