feature,value,importance,left,right,rec,rule,min,max
OWN_COMMIT,0.6,0.2801916223946182,0.0,0.5211086302390999,-1,0.5211086302390999 < OWN_COMMIT <= 0.9396160800866156,0.0,1.0
PercentLackOfCohesion,97.0,0.05482501857330368,0.0,93.32599303102478,-1,93.32599303102478 < PercentLackOfCohesion <= 99.46744332878954,0.0,100.0
RatioCommentToCode,0.33000000000000007,0.036563508070028776,0.0,0.03591251388253447,-1,0.03591251388253447 < RatioCommentToCode <= 0.3453902620365129,0.0,43.0
CountInput_Mean,5.47619047619048,-0.014616702553934609,9.03539252913872,45.75,1,3.3221428542360463 < CountInput_Mean <= 9.03539252913872,0.0,45.75
CountClassCoupled,2.0,0.004992754917628223,0.0,0.44067388470251423,-1,0.44067388470251423 < CountClassCoupled <= 2.533746829526269,0.0,242.0
