feature,value,importance,left,right,rec,rule,min,max
OWN_COMMIT,0.6,0.23313067817991495,0.0,0.5211086302390999,-1,0.5211086302390999 < OWN_COMMIT <= 0.9396160800866156,0.0,1.0
RatioCommentToCode,0.22,0.028904723326513403,0.0,0.03591251388253447,-1,0.03591251388253447 < RatioCommentToCode <= 0.3453902620365129,0.0,43.0
CountInput_Mean,8.65071770334928,-0.01851126951954787,9.03539252913872,45.75,1,3.3221428542360463 < CountInput_Mean <= 9.03539252913872,0.0,45.75
CountClassCoupled,190.0,0.014121915462097435,0.0,147.51393280765168,-1,CountClassCoupled > 147.51393280765168,0.0,242.0
PercentLackOfCohesion,97.0,0.01210301893794394,0.0,93.32599303102478,-1,93.32599303102478 < PercentLackOfCohesion <= 99.46744332878954,0.0,100.0
