feature,value,importance,left,right,rec,rule,min,max
OWN_COMMIT,1.0,0.09230333148585042,0.0,0.9396160800866156,-1,OWN_COMMIT > 0.9396160800866156,0.0,1.0
RatioCommentToCode,0.42,0.03939079080478395,0.0,0.3453902620365129,-1,0.3453902620365129 < RatioCommentToCode <= 0.4691813612981043,0.0,43.0
CountInput_Mean,2.75,-0.01257991830559991,3.3221428542360463,45.75,1,1.9139475118304576 < CountInput_Mean <= 3.3221428542360463,0.0,45.75
PercentLackOfCohesion,0.0,-0.01226044442101375,4.658804357046073,100.0,1,PercentLackOfCohesion <= 4.658804357046073,0.0,100.0
