feature,value,importance,left,right,rec,rule,min,max
MAJOR_LINE,2.0,0.05925626059149654,0.0,1.505625548552707,-1,1.505625548552707 < MAJOR_LINE <= 2.492835724294319,0.0,12.0
OWN_COMMIT,0.0,-0.01929204201251271,0.0823678792991347,1.0,1,OWN_COMMIT <= 0.0823678792991347,0.0,1.0
CountClassCoupled,18.0,0.0191769616447625,0.0,16.508344142878215,-1,16.508344142878215 < CountClassCoupled <= 24.508573690487815,0.0,128.0
CountLineComment,161.0,0.003014051479618483,15.0,78.53844352964126,-1,78.53844352964126 < CountLineComment <= 252.3227698045165,15.0,3419.0
