feature,value,importance,left,right,rec,rule,min,max
MAJOR_LINE,3.0,0.08894465737238755,0.0,2.492835724294319,-1,2.492835724294319 < MAJOR_LINE <= 4.497171535648503,0.0,12.0
CountDeclMethodPublic,0.0,0.02315631519196624,0.0,0.0,-1,CountDeclMethodPublic <= 2.4918481128777863,0.0,205.0
OWN_COMMIT,0.0,-0.014129459516500844,0.0823678792991347,1.0,1,OWN_COMMIT <= 0.0823678792991347,0.0,1.0
CountLineComment,111.0,0.012492456791438124,15.0,78.53844352964126,-1,78.53844352964126 < CountLineComment <= 252.3227698045165,15.0,3419.0
