feature,value,importance,left,right,rec,rule,min,max
MAJOR_LINE,2.0,0.07064060707289185,0.0,1.505625548552707,-1,1.505625548552707 < MAJOR_LINE <= 2.492835724294319,0.0,12.0
OWN_COMMIT,1.0,-0.046918093938038426,1.0,1.0,1,OWN_COMMIT > 0.9396574894715668,0.0,1.0
CountLineComment,161.0,0.006471137118099918,15.0,78.53844352964126,-1,78.53844352964126 < CountLineComment <= 252.3227698045165,15.0,3419.0
CountDeclMethodPublic,12.0,0.0034391641992217153,0.0,10.42834381908749,-1,10.42834381908749 < CountDeclMethodPublic <= 13.480842167629682,0.0,205.0
