feature,value,importance,left,right,rec,rule,min,max
MAJOR_LINE,2.0,0.07017814630045424,0.0,1.505625548552707,-1,1.505625548552707 < MAJOR_LINE <= 2.492835724294319,0.0,12.0
CountDeclMethodPublic,14.0,0.0626104235799997,0.0,13.480842167629682,-1,13.480842167629682 < CountDeclMethodPublic <= 21.569962791266494,0.0,205.0
OWN_COMMIT,0.0,-0.03356597279614411,0.0823678792991347,1.0,1,OWN_COMMIT <= 0.0823678792991347,0.0,1.0
CountClassCoupled,10.0,0.008076559624592193,0.0,9.533785050090364,-1,9.533785050090364 < CountClassCoupled <= 11.482558914251676,0.0,128.0
