feature,value,importance,left,right,rec,rule,min,max
MAJOR_LINE,3.0,0.07626868881337742,0.0,2.492835724294319,-1,2.492835724294319 < MAJOR_LINE <= 4.497171535648503,0.0,12.0
CountDeclMethodPublic,14.0,0.05954866788743665,0.0,13.480842167629682,-1,13.480842167629682 < CountDeclMethodPublic <= 21.569962791266494,0.0,205.0
CountLineComment,67.0,-0.0481557180297128,78.53844352964126,3419.0,1,48.501646395712186 < CountLineComment <= 78.53844352964126,15.0,3419.0
OWN_COMMIT,0.0,-0.02195960391254332,0.0823678792991347,1.0,1,OWN_COMMIT <= 0.0823678792991347,0.0,1.0
CountClassCoupled,11.0,-0.015257505583813627,11.482558914251676,128.0,1,9.533785050090364 < CountClassCoupled <= 11.482558914251676,0.0,128.0
