feature,value,importance,left,right,rec,rule,min,max
MAJOR_LINE,3.0,0.06978382185248226,0.0,2.492835724294319,-1,2.492835724294319 < MAJOR_LINE <= 4.497171535648503,0.0,12.0
CountDeclMethodPublic,23.0,0.065007036851194,0.0,21.569962791266494,-1,21.569962791266494 < CountDeclMethodPublic <= 23.55408671781892,0.0,205.0
OWN_COMMIT,0.0,-0.025474655851241715,0.0823678792991347,1.0,1,OWN_COMMIT <= 0.0823678792991347,0.0,1.0
CountClassCoupled,22.0,0.013014558582683218,0.0,16.508344142878215,-1,16.508344142878215 < CountClassCoupled <= 24.508573690487815,0.0,128.0
