feature,value,importance,left,right,rec,rule,min,max
CountLineComment,399.0,0.1400550210666856,15.0,254.46825531408285,-1,254.46825531408285 < CountLineComment <= 430.39806709852445,15.0,3419.0
MAJOR_LINE,3.0,0.08454863942641797,0.0,2.492835724294319,-1,2.492835724294319 < MAJOR_LINE <= 4.497171535648503,0.0,12.0
CountDeclMethodPublic,29.0,0.061502123599871145,0.0,23.55408671781892,-1,23.55408671781892 < CountDeclMethodPublic <= 46.44782433188537,0.0,205.0
OWN_COMMIT,1.0,-0.028165683480800258,1.0,1.0,1,OWN_COMMIT > 0.9396574894715668,0.0,1.0
