feature,value,importance,left,right,rec,rule,min,max
CountDeclMethodPublic,4.0,-0.07403074638021963,6.460095965982637,205.0,1,2.4918481128777863 < CountDeclMethodPublic <= 6.460095965982637,0.0,205.0
MAJOR_LINE,1.0,-0.048028929750881265,1.505625548552707,12.0,1,0.5034576428756157 < MAJOR_LINE <= 1.505625548552707,0.0,12.0
OWN_COMMIT,0.0,-0.03159626673265979,0.0823678792991347,1.0,1,OWN_COMMIT <= 0.0823678792991347,0.0,1.0
CountClassCoupled,7.0,-0.00992151140122948,9.533785050090364,128.0,1,0.5078850476590215 < CountClassCoupled <= 9.533785050090364,0.0,128.0
CountLineComment,231.0,-0.0018777353843658802,252.3227698045165,3419.0,1,78.53844352964126 < CountLineComment <= 252.3227698045165,15.0,3419.0
