feature,value,importance,left,right,rec,rule,min,max
CountDeclMethodPublic,3.0,-0.07873053695520732,6.460095965982637,205.0,1,2.4918481128777863 < CountDeclMethodPublic <= 6.460095965982637,0.0,205.0
MAJOR_LINE,1.0,-0.06265753121297533,1.505625548552707,12.0,1,0.5034576428756157 < MAJOR_LINE <= 1.505625548552707,0.0,12.0
CountLineComment,55.0,-0.03845034918596326,78.53844352964126,3419.0,1,48.501646395712186 < CountLineComment <= 78.53844352964126,15.0,3419.0
OWN_COMMIT,0.0,-0.01300180307145996,0.0823678792991347,1.0,1,OWN_COMMIT <= 0.0823678792991347,0.0,1.0
CountClassCoupled,5.0,-0.009719190792602063,9.533785050090364,128.0,1,0.5078850476590215 < CountClassCoupled <= 9.533785050090364,0.0,128.0
