feature,value,importance,left,right,rec,rule,min,max
MAJOR_LINE,2.0,0.066113740138656,0.0,1.505625548552707,-1,1.505625548552707 < MAJOR_LINE <= 2.492835724294319,0.0,12.0
CountDeclMethodPublic,14.0,0.05957979217662373,0.0,13.480842167629682,-1,13.480842167629682 < CountDeclMethodPublic <= 21.569962791266494,0.0,205.0
OWN_COMMIT,0.75,0.033593612431537134,0.0,0.4850342113498225,-1,0.4850342113498225 < OWN_COMMIT <= 0.9396574894715668,0.0,1.0
CountLineComment,95.0,0.005230686139520312,15.0,78.53844352964126,-1,78.53844352964126 < CountLineComment <= 252.3227698045165,15.0,3419.0
CountClassCoupled,2.0,-0.004229634038589258,9.533785050090364,128.0,1,0.5078850476590215 < CountClassCoupled <= 9.533785050090364,0.0,128.0
