feature,value,importance,left,right,rec,rule,min,max
MAJOR_LINE,9.0,0.265097554136485,0.0,7.503675252679776,-1,MAJOR_LINE > 7.503675252679776,0.0,12.0
CountClassCoupled,37.0,-0.030117902005780336,42.45780664986833,128.0,1,24.508573690487815 < CountClassCoupled <= 42.45780664986833,0.0,128.0
OWN_COMMIT,5.551115123125783e-17,-0.017440018052974692,0.0823678792991347,1.0,1,OWN_COMMIT <= 0.0823678792991347,0.0,1.0
CountDeclMethodPublic,77.0,-0.011484644443925439,205.0,205.0,1,CountDeclMethodPublic > 46.44782433188537,0.0,205.0
