feature,value,importance,left,right,rec,rule,min,max
MAJOR_LINE,1.0,-0.049056892244388174,1.505625548552707,12.0,1,0.5034576428756157 < MAJOR_LINE <= 1.505625548552707,0.0,12.0
OWN_COMMIT,0.0,-0.018088565156103083,0.0823678792991347,1.0,1,OWN_COMMIT <= 0.0823678792991347,0.0,1.0
CountClassCoupled,4.0,-0.009642949323663606,9.533785050090364,128.0,1,0.5078850476590215 < CountClassCoupled <= 9.533785050090364,0.0,128.0
CountLineComment,152.0,-0.0004747690419142382,252.3227698045165,3419.0,1,78.53844352964126 < CountLineComment <= 252.3227698045165,15.0,3419.0
