feature,value,importance,left,right,rec,rule,min,max
MAJOR_LINE,7.0,0.2606693291242452,0.0,4.497171535648503,-1,4.497171535648503 < MAJOR_LINE <= 7.503675252679776,0.0,12.0
OWN_COMMIT,1.0,-0.03854622541293745,1.0,1.0,1,OWN_COMMIT > 0.9396574894715668,0.0,1.0
CountClassCoupled,7.0,-0.00983048173459939,9.533785050090364,128.0,1,0.5078850476590215 < CountClassCoupled <= 9.533785050090364,0.0,128.0
CountDeclMethodPublic,11.0,-0.002269981690367875,13.480842167629682,205.0,1,10.42834381908749 < CountDeclMethodPublic <= 13.480842167629682,0.0,205.0
