feature,value,importance,left,right,rec,rule,min,max
MAJOR_LINE,3.0,0.06719715534310508,0.0,2.492835724294319,-1,2.492835724294319 < MAJOR_LINE <= 4.497171535648503,0.0,12.0
CountClassCoupled,14.0,-0.03490238361942918,16.508344142878215,128.0,1,11.482558914251676 < CountClassCoupled <= 16.508344142878215,0.0,128.0
CountLineComment,44.0,-0.03203021381331143,48.501646395712186,3419.0,1,33.483247828747665 < CountLineComment <= 48.501646395712186,15.0,3419.0
CountDeclMethodPublic,1.0,0.030929222292569253,0.0,0.0,-1,CountDeclMethodPublic <= 2.4918481128777863,0.0,205.0
OWN_COMMIT,5.551115123125783e-17,-0.026883024046354738,0.0823678792991347,1.0,1,OWN_COMMIT <= 0.0823678792991347,0.0,1.0
