feature,value,importance,left,right,rec,rule,min,max
MAJOR_LINE,9.0,0.2724046208072313,0.0,7.503675252679776,-1,MAJOR_LINE > 7.503675252679776,0.0,12.0
CountLineComment,665.0,0.23206607240927038,15.0,430.39806709852445,-1,CountLineComment > 430.39806709852445,15.0,3419.0
CountDeclMethodPublic,50.0,0.019331850219144363,0.0,46.44782433188537,-1,CountDeclMethodPublic > 46.44782433188537,0.0,205.0
OWN_COMMIT,5.551115123125783e-17,-0.018370055498279268,0.0823678792991347,1.0,1,OWN_COMMIT <= 0.0823678792991347,0.0,1.0
