feature,value,importance,left,right,rec,rule,min,max
MAJOR_LINE,5.0,0.32851542172228776,0.0,4.497171535648503,-1,4.497171535648503 < MAJOR_LINE <= 7.503675252679776,0.0,12.0
CountLineComment,1001.9999999999998,0.26131592090187944,15.0,430.39806709852445,-1,CountLineComment > 430.39806709852445,15.0,3419.0
CountClassCoupled,24.0,0.03373555711335441,0.0,16.508344142878215,-1,16.508344142878215 < CountClassCoupled <= 24.508573690487815,0.0,128.0
OWN_COMMIT,1.0,-0.026836600779646627,1.0,1.0,1,OWN_COMMIT > 0.9396574894715668,0.0,1.0
