feature,value,importance,left,right,rec,rule,min,max
MAJOR_LINE,0.0,-0.07820437223837942,0.5034576428756157,12.0,1,MAJOR_LINE <= 0.5034576428756157,0.0,12.0
CountLineComment,52.0,-0.05042355544150857,78.53844352964126,3419.0,1,48.501646395712186 < CountLineComment <= 78.53844352964126,15.0,3419.0
OWN_COMMIT,5.551115123125783e-17,-0.02515212136756489,0.0823678792991347,1.0,1,OWN_COMMIT <= 0.0823678792991347,0.0,1.0
CountClassCoupled,6.0,-0.020830270563114116,9.533785050090364,128.0,1,0.5078850476590215 < CountClassCoupled <= 9.533785050090364,0.0,128.0
