feature,value,importance,left,right,rec,rule,min,max
MAJOR_LINE,5.0,0.28895440724848775,0.0,4.497171535648503,-1,4.497171535648503 < MAJOR_LINE <= 7.503675252679776,0.0,12.0
CountLineComment,368.0,0.1406022357652223,15.0,254.46825531408285,-1,254.46825531408285 < CountLineComment <= 430.39806709852445,15.0,3419.0
CountDeclMethodPublic,2.0,0.043487249101642166,0.0,0.0,-1,CountDeclMethodPublic <= 2.4918481128777863,0.0,205.0
OWN_COMMIT,1.0,-0.03600136876741724,1.0,1.0,1,OWN_COMMIT > 0.9396574894715668,0.0,1.0
