feature,value,importance,left,right,rec,rule,min,max
MAJOR_LINE,3.0,0.09656642859621094,0.0,2.492835724294319,-1,2.492835724294319 < MAJOR_LINE <= 4.497171535648503,0.0,12.0
CountLineComment,44.0,-0.03929878076514731,48.501646395712186,3419.0,1,33.483247828747665 < CountLineComment <= 48.501646395712186,15.0,3419.0
OWN_COMMIT,1.0,-0.0327348513905813,1.0,1.0,1,OWN_COMMIT > 0.9396574894715668,0.0,1.0
CountDeclMethodPublic,1.0,0.03183052922809141,0.0,0.0,-1,CountDeclMethodPublic <= 2.4918481128777863,0.0,205.0
CountClassCoupled,12.0,-0.0002983068911209255,16.508344142878215,128.0,1,11.482558914251676 < CountClassCoupled <= 16.508344142878215,0.0,128.0
