feature,value,importance,left,right,rec,rule,min,max
MAJOR_LINE,3.0,0.08521641771035945,0.0,2.492835724294319,-1,2.492835724294319 < MAJOR_LINE <= 4.497171535648503,0.0,12.0
OWN_COMMIT,1.0,-0.039693854485143176,1.0,1.0,1,OWN_COMMIT > 0.9396574894715668,0.0,1.0
CountClassCoupled,12.0,-0.020656891589032507,16.508344142878215,128.0,1,11.482558914251676 < CountClassCoupled <= 16.508344142878215,0.0,128.0
CountDeclMethodPublic,29.0,-0.005464848336470452,46.44782433188537,205.0,1,23.55408671781892 < CountDeclMethodPublic <= 46.44782433188537,0.0,205.0
