feature,value,importance,left,right,rec,rule,min,max
MAJOR_LINE,3.0,0.08310137064518708,0.0,2.492835724294319,-1,2.492835724294319 < MAJOR_LINE <= 4.497171535648503,0.0,12.0
OWN_COMMIT,5.551115123125783e-17,-0.015941352898338583,0.0823678792991347,1.0,1,OWN_COMMIT <= 0.0823678792991347,0.0,1.0
CountDeclMethodPublic,10.0,0.00886163932146682,0.0,6.460095965982637,-1,6.460095965982637 < CountDeclMethodPublic <= 10.42834381908749,0.0,205.0
CountLineComment,137.0,0.001818726741604032,15.0,78.53844352964126,-1,78.53844352964126 < CountLineComment <= 252.3227698045165,15.0,3419.0
