feature,value,importance,left,right,rec,rule,min,max
CountDeclMethodPublic,6.0,-0.08572866378940923,6.460095965982637,205.0,1,2.4918481128777863 < CountDeclMethodPublic <= 6.460095965982637,0.0,205.0
MAJOR_LINE,2.0,0.08130787920105058,0.0,1.505625548552707,-1,1.505625548552707 < MAJOR_LINE <= 2.492835724294319,0.0,12.0
OWN_COMMIT,1.0,-0.04262086704316931,1.0,1.0,1,OWN_COMMIT > 0.9396574894715668,0.0,1.0
CountClassCoupled,12.0,-0.004023733857081728,16.508344142878215,128.0,1,11.482558914251676 < CountClassCoupled <= 16.508344142878215,0.0,128.0
