feature,value,importance,left,right,rec,rule,min,max
CountLineComment,487.0,0.2271382193435348,15.0,430.39806709852445,-1,CountLineComment > 430.39806709852445,15.0,3419.0
MAJOR_LINE,3.0,0.08123738264606704,0.0,2.492835724294319,-1,2.492835724294319 < MAJOR_LINE <= 4.497171535648503,0.0,12.0
OWN_COMMIT,0.0,-0.024784421084999193,0.0823678792991347,1.0,1,OWN_COMMIT <= 0.0823678792991347,0.0,1.0
CountClassCoupled,28.0,0.005052493948921338,0.0,24.508573690487815,-1,24.508573690487815 < CountClassCoupled <= 42.45780664986833,0.0,128.0
CountDeclMethodPublic,34.0,0.0036343888249563932,0.0,23.55408671781892,-1,23.55408671781892 < CountDeclMethodPublic <= 46.44782433188537,0.0,205.0
