feature,value,importance,left,right,rec,rule,min,max
MAJOR_LINE,0.0,-0.07564656585525913,0.5034576428756157,12.0,1,MAJOR_LINE <= 0.5034576428756157,0.0,12.0
OWN_COMMIT,5.551115123125783e-17,-0.029325980411272656,0.0823678792991347,1.0,1,OWN_COMMIT <= 0.0823678792991347,0.0,1.0
CountDeclMethodPublic,9.0,0.02213466665130628,0.0,6.460095965982637,-1,6.460095965982637 < CountDeclMethodPublic <= 10.42834381908749,0.0,205.0
CountClassCoupled,8.0,-0.005325851211566483,9.533785050090364,128.0,1,0.5078850476590215 < CountClassCoupled <= 9.533785050090364,0.0,128.0
CountLineComment,174.0,0.002415587233576838,15.0,78.53844352964126,-1,78.53844352964126 < CountLineComment <= 252.3227698045165,15.0,3419.0
