feature,value,importance,min,max,rule,importance_ratio
CountClassCoupled,16.0,0.1460205753928347,0.0,71.0,14.476416159221149 < CountClassCoupled <= 58.969614743832466,0.2167067848067073
MAJOR_LINE,3.0,0.08381948101368387,0.0,5.0,2.4961209246704383 < MAJOR_LINE <= 4.499384532543117,0.12439514216250382
CountDeclInstanceVariable,20.0,0.07328789033815757,0.0,74.0,15.48049442061071 < CountDeclInstanceVariable <= 21.509667398160907,0.10876537801417273
MaxNesting_Min,0.0,-0.05059809801534123,0.0,3.0,MaxNesting_Min <= 0.5001092819407431,0.07509182256500882
CountDeclMethodPublic,38.0,0.039361482525570236,0.0,165.0,21.504418823536874 < CountDeclMethodPublic <= 38.50213057878183,0.058415742441734586
