feature,value,importance,min,max,rule,importance_ratio
CountClassCoupled,31.0,0.15092871789031084,0.0,71.0,14.476416159221149 < CountClassCoupled <= 58.969614743832466,0.24792433276852846
OWN_COMMIT,0.333333333333333,0.0712982138169726,0.0,1.0,0.1650142457143403 < OWN_COMMIT <= 0.524282117653962,0.11711861291372959
CountDeclMethodPublic,27.0,0.0530701100948106,0.0,165.0,21.504418823536874 < CountDeclMethodPublic <= 38.50213057878183,0.08717606443043222
MaxNesting_Min,0.0,-0.04098325037451673,0.0,3.0,MaxNesting_Min <= 0.5001092819407431,0.06732148225874443
AvgCyclomaticModified,3.0,0.0406656572423842,0.0,14.0,2.500687648041132 < AvgCyclomaticModified <= 6.500516532337661,0.0667997852187348
