feature,value,importance,min,max,rule,importance_ratio
CountDeclMethodPublic,67.0,0.2922822404298417,0.0,165.0,CountDeclMethodPublic > 59.45821356470026,0.5326684987255004
CountClassCoupled,28.0,0.09264273892960607,0.0,71.0,14.476416159221149 < CountClassCoupled <= 58.969614743832466,0.16883635690926288
MAJOR_LINE,3.0,0.029084425251896782,0.0,5.0,2.4961209246704383 < MAJOR_LINE <= 4.499384532543117,0.0530047843907253
MaxNesting_Min,0.0,-0.023229406177096075,0.0,3.0,MaxNesting_Min <= 0.5001092819407431,0.0423343303255154
OWN_COMMIT,1.0,0.020098690184022112,0.0,1.0,OWN_COMMIT > 0.9158840980681497,0.036628770570963996
