feature,value,importance,min,max,rule,importance_ratio
CountClassCoupled,27.0,0.11037921438857741,0.0,71.0,14.476416159221149 < CountClassCoupled <= 58.969614743832466,0.22359866709016923
AvgEssential,2.0,0.060385696207136214,0.0,4.0,1.5009683714804118 < AvgEssential <= 2.500927719062559,0.12232521546760362
CountDeclMethodPrivate,2.0,0.04721321635700872,0.0,21.0,1.5022263967624856 < CountDeclMethodPrivate <= 2.499672369918615,0.09564130624542111
AvgCyclomaticModified,3.0,0.037756126340934434,0.0,14.0,2.500687648041132 < AvgCyclomaticModified <= 6.500516532337661,0.07648377976854501
CountDeclClass,2.0,0.03501129684297406,1.0,30.0,1.5073484207191286 < CountDeclClass <= 2.5043893674426867,0.07092349180551316
