feature,value,importance,min,max,rule,importance_ratio
CountDeclMethodPublic,75.0,0.29811571448961005,0.0,165.0,CountDeclMethodPublic > 59.45821356470026,0.5332531744333084
CountClassCoupled,32.0,0.11066526801882133,0.0,71.0,14.476416159221149 < CountClassCoupled <= 58.969614743832466,0.19795201192792564
MaxNesting_Min,0.0,-0.025200055859093566,0.0,3.0,MaxNesting_Min <= 0.5001092819407431,0.045076489194019596
MAJOR_LINE,4.0,0.018209974229988494,0.0,5.0,2.4961209246704383 < MAJOR_LINE <= 4.499384532543117,0.032573011392958755
CountDeclInstanceVariable,20.0,0.016666545726490404,0.0,74.0,15.48049442061071 < CountDeclInstanceVariable <= 21.509667398160907,0.02981221043883833
