feature,value,importance,min,max,rule,importance_ratio
MINOR_COMMIT,3.0,0.35060487707250143,0.0,5.0,2.4994820872250076 < MINOR_COMMIT <= 4.499426426243896,0.2771103593315314
CountDeclMethodProtected,17.0,0.20025302515729737,0.0,39.0,5.508559335514258 < CountDeclMethodProtected <= 34.9959109273487,0.15827557283833693
CountLineComment,492.0,0.19181986025313005,16.0,1556.0,CountLineComment > 322.38930839430543,0.1516101853616744
Del_lines,585.0,0.11475701797970485,0.0,2007.0,Del_lines > 266.42051875541904,0.09070141509068351
MaxNesting_Min,0.0,-0.106053376014717,0.0,3.0,MaxNesting_Min <= 0.4991042139307006,0.08382224851276956
