Antecedent,Antecedent Coverage %,Confidence,Lift
0.9968 < OWN_COMMIT <= 1.008,0.55444,0.98105,1.15867
OWN_COMMIT > 1.008,0.07116,0.97315,1.14934
-0.21 < CountDeclInstanceVariable <= 0.77,0.30134,0.96197,1.13613
RatioCommentToCode > 1.615,0.2001,0.95943,1.13313
8.5 < PercentLackOfCohesion <= 42,0.20439,0.95327,1.12586
2.19 < ADEV <= 2.94,0.15998,0.94925,1.12112
1.58 < ADEV <= 2.19,0.22875,0.94781,1.11941
0.58 < CountClassCoupled <= 2.18,0.22732,0.94748,1.11902
