Antecedent,Antecedent Coverage %,Confidence,Lift
OWN_COMMIT > 1.0124,0.06884,0.98684,1.1946
0.9942 < OWN_COMMIT <= 1.0124,0.50317,0.982,1.18873
MAJOR_LINE <= -0.058,0.07337,0.96296,1.16569
RatioCommentToCode > 1.675,0.19882,0.96128,1.16365
AvgCyclomaticModified <= 0.928,0.07835,0.95376,1.15455
-0.46 < CountDeclMethodProtected <= 0.58 & -0.11 < CountDeclMethodPrivate <= 0,0.26404,0.95197,1.15239
1.65 < ADEV <= 2.4,0.21558,0.93697,1.13423
PercentLackOfCohesion <= 4,0.22237,0.93483,1.13163
0.98 < RatioCommentToCode <= 1.675,0.20154,0.93258,1.12892
