Antecedent,Antecedent Coverage %,Confidence,Lift
OWN_COMMIT > 1.0156,0.07143,1.0,1.15345
ADEV <= 1.45,0.2125,0.98529,1.13649
MAJOR_LINE <= -0.118,0.0683,0.98039,1.13083
0.48 < CountClassCoupled <= 1.82,0.18259,0.95844,1.10551
CountDeclMethodPublic <= 0,0.17009,0.95538,1.10198
2.12 < ADEV <= 2.84,0.13482,0.95364,1.09998
RatioCommentToCode > 2.07,0.19911,0.95067,1.09655
CountClassCoupled <= 0.48,0.2067,0.95032,1.09615
CountClassBase <= 0.83,0.16652,0.94906,1.0947
