feature,value,importance,min,max,rule,importance_ratio
MINOR_LINE,6.0,0.19344208289373963,1.0,7.0,MINOR_LINE > 5.5034356466798275,0.33149026989120095
CountDeclInstanceVariable,39.0,0.12558250378577457,0.0,99.0,CountDeclInstanceVariable > 24.490887253273584,0.21520331796895903
CountDeclMethodPublic,86.0,0.0744872868760077,0.0,226.0,CountDeclMethodPublic > 49.53228100186732,0.12764446319343373
CountClassBase,4.0,0.06387188847383483,0.0,6.0,3.4972668816647774 < CountClassBase <= 4.500530315009199,0.10945348205479552
MAJOR_LINE,6.0,0.03300212605077947,0.0,12.0,4.495303181903716 < MAJOR_LINE <= 9.496391564715786,0.05655379381727268
