feature,value,importance,min,max,rule,importance_ratio
MINOR_COMMIT,0.0,-0.29340031475778533,0.0,6.0,MINOR_COMMIT <= 0.49897740704811133,0.16704123835791318
CountLineComment,617.0,0.263604585082824,15.0,3419.0,CountLineComment > 430.39806709852445,0.15007767242993525
MAJOR_LINE,6.0,0.22546762884032476,0.0,12.0,4.497171535648503 < MAJOR_LINE <= 7.503675252679776,0.12836520629571282
CountClassCoupled,79.0,0.19531201123234532,0.0,128.0,CountClassCoupled > 42.45780664986833,0.11119674581589695
CountDeclInstanceVariable,46.0,0.12386764633728242,0.0,1114.0,CountDeclInstanceVariable > 21.485480801487,0.0705214139042114
