feature,value,importance,min,max,rule,importance_ratio
MINOR_COMMIT,0.0,-0.23061426373315538,0.0,6.0,MINOR_COMMIT <= 0.49897740704811133,0.20509397721540096
MaxInheritanceTree,4.0,0.1783609136794075,0.0,7.0,3.505949893117027 < MaxInheritanceTree <= 4.504670081117364,0.15862309891035284
OWN_LINE,0.35522664199815,0.1414112683191307,0.252747252747253,1.0,OWN_LINE <= 0.6736697687357529,0.12576238335458625
MAJOR_LINE,3.0,0.09264146177212722,0.0,12.0,2.492835724294319 < MAJOR_LINE <= 4.497171535648503,0.08238955189640527
Added_lines,361.0,0.07480172107130137,0.0,10080.0,14.469711558006416 < Added_lines <= 1320.5590427581683,0.06652399651576553
