feature,value,importance,min,max,rule,importance_ratio
MINOR_COMMIT,0.0,-0.24719409169656223,0.0,6.0,MINOR_COMMIT <= 0.49897740704811133,0.22621413439951957
MaxInheritanceTree,4.0,0.1761333658507608,0.0,7.0,3.505949893117027 < MaxInheritanceTree <= 4.504670081117364,0.16118450332426723
MAJOR_LINE,3.0,0.08990591140031298,0.0,12.0,2.492835724294319 < MAJOR_LINE <= 4.497171535648503,0.08227538039132083
Added_lines,33.0,0.07492815892741549,0.0,10080.0,14.469711558006416 < Added_lines <= 1320.5590427581683,0.06856882580640843
CountDeclClass,2.0,0.05225468947729367,1.0,13.0,1.4991288331952126 < CountDeclClass <= 9.501356843591719,0.047819708259580804
