feature,value,importance,min,max,rule,importance_ratio
MINOR_COMMIT,0.0,-0.24680594277049603,0.0,6.0,MINOR_COMMIT <= 0.49897740704811133,0.2187328353010101
MaxInheritanceTree,4.0,0.1755508069199153,0.0,7.0,3.505949893117027 < MaxInheritanceTree <= 4.504670081117364,0.15558266266173376
CountDeclMethodPrivate,19.0,0.12588518998816206,0.0,153.0,15.50985379049164 < CountDeclMethodPrivate <= 43.48132001163548,0.11156629463384488
Added_lines,68.0,0.07438287668331905,0.0,10080.0,14.469711558006416 < Added_lines <= 1320.5590427581683,0.06592214649351927
MAJOR_LINE,0.0,-0.06583464908904069,0.0,12.0,MAJOR_LINE <= 0.5034576428756157,0.05834624277942783
