feature,value,importance,min,max,rule,importance_ratio
MINOR_COMMIT,0.0,-0.24951564647261648,0.0,6.0,MINOR_COMMIT <= 0.49897740704811133,0.24286096845030053
MaxInheritanceTree,4.0,0.17466740136547457,0.0,7.0,3.505949893117027 < MaxInheritanceTree <= 4.504670081117364,0.17000895475695926
OWN_LINE,0.690566037735849,0.09634861891002877,0.252747252747253,1.0,0.6816950662214489 < OWN_LINE <= 0.767298239402207,0.09377896427792365
CountDeclClass,1.0,-0.055623248016349776,1.0,13.0,CountDeclClass <= 1.4991288331952126,0.05413975465095533
CountDeclClassVariable,7.0,0.05198058964003561,0.0,321.0,4.5260875082807965 < CountDeclClassVariable <= 57.5229272599681,0.050594247371104864
