feature,value,importance,min,max,rule,importance_ratio
CountLineComment,459.0,0.2738889555036257,15.0,3419.0,CountLineComment > 430.39806709852445,0.1940606633161208
MINOR_COMMIT,0.0,-0.2677069706754033,0.0,6.0,MINOR_COMMIT <= 0.49897740704811133,0.18968049371720772
MaxInheritanceTree,4.0,0.18024876919731642,0.0,7.0,3.505949893117027 < MaxInheritanceTree <= 4.504670081117364,0.1277130567314261
CountDeclMethodPrivate,25.0,0.12864492127394064,0.0,153.0,15.50985379049164 < CountDeclMethodPrivate <= 43.48132001163548,0.09114978261451137
MAJOR_LINE,4.0,0.09166363511043704,0.0,12.0,2.492835724294319 < MAJOR_LINE <= 4.497171535648503,0.06494714545458477
