feature,value,importance,min,max,rule,importance_ratio
MINOR_COMMIT,0.0,-0.2799853951341866,0.0,6.0,MINOR_COMMIT <= 0.49897740704811133,0.26822568474004194
OWN_LINE,0.685931558935361,0.09327669259340463,0.252747252747253,1.0,0.6816950662214489 < OWN_LINE <= 0.767298239402207,0.08935896363151935
MAJOR_LINE,4.0,0.09302658267310299,0.0,12.0,2.492835724294319 < MAJOR_LINE <= 4.497171535648503,0.0891193586171184
CountDeclClassVariable,15.0,0.057668823256630246,0.0,321.0,4.5260875082807965 < CountDeclClassVariable <= 57.5229272599681,0.055246665986805284
CountDeclClass,1.0,-0.055689806352966796,1.0,13.0,CountDeclClass <= 1.4991288331952126,0.05335077008179623
