feature,value,importance,min,max,rule,importance_ratio
MAJOR_LINE,8.0,0.30890805102493607,0.0,12.0,MAJOR_LINE > 7.503675252679776,0.1534612740238902
MINOR_COMMIT,0.0,-0.27719400289794205,0.0,6.0,MINOR_COMMIT <= 0.49897740704811133,0.13770617080182948
CountLineComment,596.0,0.2708488775202725,15.0,3419.0,CountLineComment > 430.39806709852445,0.13455399972351761
CountDeclMethodDefault,32.0,0.2440484786508641,0.0,98.0,20.486715834534593 < CountDeclMethodDefault <= 61.99939557279838,0.12123992991795
OWN_LINE,0.530458590006845,0.13088834828699078,0.252747252747253,1.0,OWN_LINE <= 0.6736697687357529,0.0650235324600939
