feature,value,importance,min,max,rule,importance_ratio
MINOR_COMMIT,0.0,-0.25543292403868423,0.0,6.0,MINOR_COMMIT <= 0.49897740704811133,0.20628279038478312
MaxInheritanceTree,4.0,0.17306628808839392,0.0,7.0,3.505949893117027 < MaxInheritanceTree <= 4.504670081117364,0.1397650555924574
CountDeclInstanceVariable,24.0,0.12174749308922954,0.0,1114.0,CountDeclInstanceVariable > 21.485480801487,0.0983209689640279
MAJOR_LINE,4.0,0.08800408734453985,0.0,12.0,2.492835724294319 < MAJOR_LINE <= 4.497171535648503,0.07107043373918608
Added_lines,62.0,0.07267156691615471,0.0,10080.0,14.469711558006416 < Added_lines <= 1320.5590427581683,0.058688180709345734
