feature,value,importance,min,max,rule,importance_ratio
MINOR_COMMIT,0.0,-0.24437040555274514,0.0,6.0,MINOR_COMMIT <= 0.49897740704811133,0.24672478749134333
MaxInheritanceTree,4.0,0.17569290914826904,0.0,7.0,3.505949893117027 < MaxInheritanceTree <= 4.504670081117364,0.17738561907811026
Added_lines,43.0,0.07129030822775974,0.0,10080.0,14.469711558006416 < Added_lines <= 1320.5590427581683,0.07197715332141535
AvgLineComment,11.0,0.06756296954788543,0.0,395.0,10.469419988455925 < AvgLineComment <= 45.515820322947675,0.06821390366923208
CountLineComment,311.0,0.05297602453892711,15.0,3419.0,254.46825531408285 < CountLineComment <= 430.39806709852445,0.05348642102114869
