feature,value,importance,min,max,rule,importance_ratio
MINOR_COMMIT,0.0,-0.25005447030877015,0.0,6.0,MINOR_COMMIT <= 0.49897740704811133,0.24474947390257767
MaxInheritanceTree,4.0,0.1756130664681617,0.0,7.0,3.505949893117027 < MaxInheritanceTree <= 4.504670081117364,0.17188737148121083
MAJOR_LINE,3.0,0.08881404505472863,0.0,12.0,2.492835724294319 < MAJOR_LINE <= 4.497171535648503,0.08692982283205467
Added_lines,34.0,0.07339128467002812,0.0,10080.0,14.469711558006416 < Added_lines <= 1320.5590427581683,0.07183426191038865
AvgLineComment,13.0,0.06559129856364235,0.0,395.0,10.469419988455925 < AvgLineComment <= 45.515820322947675,0.06419975534216762
