{
    "0": {
        "RatioCommentToCode": [
            1.8450000000000002,
            2.145,
            2.37,
            2.6550000000000002,
            2.93,
            3.585,
            4.36,
            5.2,
            5.83,
            8.17
        ]
    },
    "6": {
        "CountClassCoupled": [
            1,
            0
        ]
    },
    "9": {
        "RatioCommentToCode": [
            1.5750000000000002,
            1.745,
            1.975,
            2.325,
            2.635,
            2.975,
            3.69,
            4.77,
            5.67,
            7.5
        ]
    },
    "10": {
        "CountClassCoupled": [
            0
        ]
    },
    "13": {
        "CountClassCoupled": [
            2,
            1
        ]
    },
    "14": {
        "CountClassCoupled": [
            2,
            1
        ]
    },
    "26": {
        "OWN_COMMIT": [
            0.0
        ]
    },
    "27": {
        "Added_lines": [
            2,
            1,
            0
        ]
    },
    "30": {
        "OWN_COMMIT": [
            0.2,
            0.0
        ],
        "CountDeclClass": [
            1
        ]
    },
    "33": {
        "CountClassCoupled": [
            3,
            2,
            1
        ]
    },
    "1360": {
        "CountClassCoupled": [
            2,
            1
        ]
    },
    "42": {
        "CountClassCoupled": [
            0
        ]
    },
    "44": {
        "CountDeclMethodPublic": [
            1,
            0
        ]
    },
    "48": {
        "CountClassCoupled": [
            3,
            2
        ]
    },
    "63": {
        "RatioCommentToCode": [
            1.67,
            1.84,
            2.17,
            2.41,
            2.74,
            3.14,
            3.8,
            4.83,
            5.67,
            7.5
        ]
    },
    "65": {
        "CountClassCoupled": [
            0
        ]
    },
    "72": {
        "RatioCommentToCode": [
            1.98,
            2.29,
            2.46,
            2.77,
            3.14,
            3.67,
            4.56,
            5.33,
            5.87,
            8.335
        ]
    },
    "73": {
        "CountClassCoupled": [
            3,
            2,
            1
        ]
    },
    "85": {
        "RatioCommentToCode": [
            2.11,
            2.33,
            2.56,
            2.86,
            3.29,
            3.83,
            4.62,
            5.355,
            5.87,
            8.335
        ]
    },
    "86": {
        "CountClassCoupled": [
            0
        ]
    },
    "89": {
        "CountClassCoupled": [
            0
        ]
    },
    "90": {
        "CountClassCoupled": [
            3,
            2,
            1
        ]
    },
    "92": {
        "CountClassCoupled": [
            1,
            0
        ]
    },
    "94": {
        "CountClassCoupled": [
            0
        ]
    },
    "95": {
        "CountClassCoupled": [
            0
        ]
    },
    "101": {
        "CountDeclInstanceVariable": [
            0
        ]
    },
    "104": {
        "CountClassCoupled": [
            1,
            0
        ]
    },
    "110": {
        "CountClassCoupled": [
            1,
            0
        ]
    },
    "114": {
        "CountClassCoupled": [
            0
        ]
    },
    "115": {
        "CountClassCoupled": [
            0
        ]
    },
    "116": {
        "CountClassCoupled": [
            0
        ]
    },
    "120": {
        "CountClassCoupled": [
            1,
            0
        ]
    },
    "133": {
        "CountClassCoupled": [
            0
        ]
    },
    "134": {
        "RatioCommentToCode": [
            1.78,
            1.98,
            2.3099999999999996,
            2.5300000000000002,
            2.87,
            3.38,
            4.145,
            4.995,
            5.73,
            7.835
        ]
    },
    "160": {
        "RatioCommentToCode": [
            1.48,
            1.66,
            1.85,
            2.22,
            2.48,
            2.89,
            3.6,
            4.62,
            5.484999999999999,
            7.25
        ]
    },
    "161": {
        "CountClassCoupled": [
            0
        ]
    },
    "265": {
        "CountDeclMethodPublic": [
            0
        ]
    },
    "291": {
        "CountOutput_Mean": [
            1.72077922077922,
            1.64835164835165,
            1.55,
            1.4,
            1.25,
            1.1063829787234,
            0.9,
            0.75,
            0.6,
            0.25
        ]
    },
    "297": {
        "CountClassCoupled": [
            2,
            1
        ]
    },
    "324": {
        "CountClassCoupled": [
            0
        ]
    },
    "326": {
        "Added_lines": [
            25.5,
            23.5,
            21.5,
            19.0,
            16.0,
            13.0,
            10.0,
            7.0,
            4.0,
            1.0
        ],
        "CountDeclMethodPrivate": [
            0
        ]
    },
    "328": {
        "RatioCommentToCode": [
            1.91,
            2.225,
            2.44,
            2.74,
            3.0,
            3.6,
            4.36,
            5.2,
            5.83,
            8.17
        ]
    },
    "332": {
        "CountClassCoupled": [
            0
        ]
    },
    "333": {
        "RatioCommentToCode": [
            1.8450000000000002,
            2.145,
            2.37,
            2.6550000000000002,
            2.93,
            3.585,
            4.36,
            5.2,
            5.83,
            8.17
        ]
    },
    "334": {
        "CountClassCoupled": [
            0
        ]
    },
    "343": {
        "CountClassCoupled": [
            0
        ]
    },
    "347": {
        "CountDeclMethodPublic": [
            0
        ]
    },
    "350": {
        "CountClassCoupled": [
            0
        ]
    },
    "354": {
        "CountClassCoupled": [
            2,
            1
        ]
    },
    "364": {
        "CountClassCoupled": [
            0
        ]
    },
    "365": {
        "Added_lines": [
            25.5,
            23.5,
            21.5,
            19.0,
            16.0,
            13.0,
            10.0,
            7.0,
            4.0,
            1.0
        ]
    },
    "380": {
        "CountClassCoupled": [
            2,
            1
        ]
    },
    "381": {
        "CountClassCoupled": [
            0
        ]
    },
    "533": {
        "RatioCommentToCode": [
            1.835,
            2.115,
            2.3499999999999996,
            2.635,
            2.9050000000000002,
            3.535,
            4.28,
            5.2,
            5.83,
            8.17
        ]
    },
    "534": {
        "CountClassCoupled": [
            3,
            2,
            1
        ]
    },
    "537": {
        "OWN_COMMIT": [
            0.0
        ]
    },
    "538": {
        "CountClassCoupled": [
            3,
            2,
            1
        ]
    },
    "556": {
        "CountClassCoupled": [
            0
        ]
    },
    "580": {
        "CountClassCoupled": [
            2,
            1
        ]
    },
    "673": {
        "CountClassCoupled": [
            5,
            4,
            3
        ]
    },
    "675": {
        "CountClassCoupled": [
            0
        ]
    },
    "731": {
        "CountClassCoupled": [
            3,
            2,
            1
        ]
    },
    "737": {
        "CountClassCoupled": [
            0
        ]
    },
    "757": {
        "CountOutput_Mean": [
            1.60769230769231,
            1.525,
            1.408333333333335,
            1.30952380952381,
            1.15,
            1.095454545454545,
            0.8875,
            0.75,
            0.6,
            0.25
        ]
    },
    "759": {
        "CountDeclMethodPublic": [
            3,
            2
        ]
    },