feature,value,importance,min,max,rule,importance_ratio
Added_lines,61.0,0.07827692842755055,0.0,1401.0,53.861024501088394 < Added_lines <= 134.0061958090498,0.11792634335170708
MaxNesting_Mean,1.73333333333333,-0.07601207203429527,0.0,6.0,1.447954764734174 < MaxNesting_Mean <= 2.39067631093744,0.11451427496784691
OWN_COMMIT,0.6,0.06340058636955057,0.0,1.0,0.10191642891537722 < OWN_COMMIT <= 0.6839985370312259,0.09551472531060247
CountClassCoupled,2.0,-0.06326450201582462,0.0,71.0,1.5363269248292477 < CountClassCoupled <= 3.5277271998526603,0.09530971049276717
CountDeclInstanceVariable,6.0,0.032444442181578076,0.0,60.0,5.515405866258188 < CountDeclInstanceVariable <= 7.516396436789253,0.04887844356463988
