feature,value,importance,min,max,rule,importance_ratio
Added_lines,378.0,0.12861796186825278,0.0,1401.0,134.0061958090498 < Added_lines <= 623.7822426910362,0.14802090698429238
CountClassCoupled,12.0,0.09810493967087527,0.0,71.0,9.501928024922897 < CountClassCoupled <= 21.526921993333502,0.1129047758088185
CountDeclClassVariable,22.0,0.09012392045719078,0.0,60.0,17.50873267622537 < CountDeclClassVariable <= 25.503666836794423,0.10371976241326537
MaxInheritanceTree,4.0,0.08044873388877295,0.0,6.0,3.5043507807030476 < MaxInheritanceTree <= 4.500181337601978,0.09258500432584968
OWN_COMMIT,0.428571428571429,0.0646817221729663,0.0,1.0,0.10191642891537722 < OWN_COMMIT <= 0.6839985370312259,0.07443942542920774
