feature,value,importance,min,max,rule,importance_ratio
Added_lines,222.0,0.1316617563335107,0.0,1401.0,134.0061958090498 < Added_lines <= 623.7822426910362,0.16742485529055987
MaxInheritanceTree,4.0,0.08026415643001554,0.0,6.0,3.5043507807030476 < MaxInheritanceTree <= 4.500181337601978,0.1020661971216155
MaxNesting_Mean,0.0,0.06701170925176891,0.0,6.0,MaxNesting_Mean <= 0.029843720872850588,0.08521400622843507
OWN_COMMIT,0.375,0.0662489359176382,0.0,1.0,0.10191642891537722 < OWN_COMMIT <= 0.6839985370312259,0.0842440418390581
CountClassCoupled,3.0,-0.06358612081993371,0.0,71.0,1.5363269248292477 < CountClassCoupled <= 3.5277271998526603,0.0808579299960003
