feature,value,importance,min,max,rule,importance_ratio
CountClassCoupled,33.0,0.17180557325597137,0.0,71.0,21.526921993333502 < CountClassCoupled <= 36.46242405600909,0.2350987033694563
Added_lines,114.0,0.07864082438330405,0.0,1401.0,53.861024501088394 < Added_lines <= 134.0061958090498,0.1076120843697794
OWN_COMMIT,0.5,0.06632471419941383,0.0,1.0,0.10191642891537722 < OWN_COMMIT <= 0.6839985370312259,0.09075872228196184
MINOR_LINE,4.0,0.04527070244064126,1.0,8.0,3.5043945735014814 < MINOR_LINE <= 6.500273313638594,0.061948417869787144
CountDeclClass,3.0,0.03286217378532912,1.0,34.0,2.4940562461622644 < CountDeclClass <= 4.501963274839924,0.044968590368846435
