feature,value,importance,min,max,rule,importance_ratio
CountClassCoupled,25.0,0.17435503747624798,0.0,71.0,21.526921993333502 < CountClassCoupled <= 36.46242405600909,0.2205820275710961
MINOR_LINE,7.0,0.11997994373268368,1.0,8.0,6.500273313638594 < MINOR_LINE <= 7.498899560350965,0.15179039068502234
Added_lines,47.0,-0.0852654129902546,0.0,1401.0,0.4309102957807909 < Added_lines <= 53.861024501088394,0.10787194881959984
OWN_COMMIT,0.571428571428571,0.06423216655353514,0.0,1.0,0.10191642891537722 < OWN_COMMIT <= 0.6839985370312259,0.0812621289223907
CountDeclMethodPrivate,3.0,0.028098561205901096,0.0,53.0,1.482174259733791 < CountDeclMethodPrivate <= 49.50704831503643,0.03554837125639431
