feature,value,importance,min,max,rule,importance_ratio
CountClassCoupled,31.0,0.16569559078403626,0.0,71.0,21.526921993333502 < CountClassCoupled <= 36.46242405600909,0.18091476816622884
CountDeclMethodPublic,52.0,0.1256709220368263,0.0,148.0,CountDeclMethodPublic > 47.97160621632762,0.1372138245679806
Added_lines,83.0,0.07912640393755359,0.0,1401.0,53.861024501088394 < Added_lines <= 134.0061958090498,0.08639418198428644
MaxInheritanceTree,4.0,0.07567275371437097,0.0,6.0,3.5043507807030476 < MaxInheritanceTree <= 4.500181337601978,0.08262331320921627
OWN_COMMIT,0.5,0.07058380797479856,0.0,1.0,0.10191642891537722 < OWN_COMMIT <= 0.6839985370312259,0.07706694665577409
