feature,value,importance,min,max,rule,importance_ratio
CountClassCoupled,18.0,0.09389388268320388,0.0,71.0,9.501928024922897 < CountClassCoupled <= 21.526921993333502,0.1298774840082537
Added_lines,6.0,-0.08045183520562088,0.0,1401.0,0.4309102957807909 < Added_lines <= 53.861024501088394,0.11128394781166959
CountOutput_Mean,17.0,0.07069862914531266,0.0,22.0,CountOutput_Mean > 7.862476607160486,0.09779295321300358
OWN_COMMIT,0.333333333333333,0.06489659614430594,0.0,1.0,0.10191642891537722 < OWN_COMMIT <= 0.6839985370312259,0.08976736702177017
CountOutput_Min,17.0,0.057638297830286234,0.0,22.0,11.489165163436986 < CountOutput_Min <= 19.488997684175256,0.07972742090103252
