feature,value,importance,min,max,rule,importance_ratio
Added_lines,326.0,0.12840186642784013,0.0,1401.0,134.0061958090498 < Added_lines <= 623.7822426910362,0.18565064628827493
CountClassCoupled,11.0,0.09751711133394443,0.0,71.0,9.501928024922897 < CountClassCoupled <= 21.526921993333502,0.1409957288548191
OWN_COMMIT,0.333333333333333,0.06343081561486079,0.0,1.0,0.10191642891537722 < OWN_COMMIT <= 0.6839985370312259,0.09171184376910302
MINOR_LINE,4.0,0.041665448614941494,1.0,8.0,3.5043945735014814 < MINOR_LINE <= 6.500273313638594,0.06024225097695033
CountDeclClass,3.0,0.03969038538426066,1.0,34.0,2.4940562461622644 < CountDeclClass <= 4.501963274839924,0.05738659338070995
