feature,value,importance,min,max,rule,importance_ratio
Added_lines,145.0,0.12567611920354574,0.0,1401.0,134.0061958090498 < Added_lines <= 623.7822426910362,0.12845418650999665
CountDeclMethodPublic,78.0,0.12224515419325038,0.0,148.0,CountDeclMethodPublic > 47.97160621632762,0.12494738010847213
CountDeclInstanceVariable,27.0,0.0981749912153875,0.0,60.0,16.490535965231608 < CountDeclInstanceVariable <= 39.47160948739142,0.10034514681165355
CountClassCoupled,16.0,0.09629372906923053,0.0,71.0,9.501928024922897 < CountClassCoupled <= 21.526921993333502,0.09842229941528179
CountDeclClassVariable,18.0,0.07274574795439644,0.0,60.0,17.50873267622537 < CountDeclClassVariable <= 25.503666836794423,0.07435379079782731
