feature,value,importance,min,max,rule,importance_ratio
Added_lines,361.0,0.12803532402581017,0.0,1401.0,134.0061958090498 < Added_lines <= 623.7822426910362,0.1844421741882565
CountClassCoupled,12.0,0.09718444154117979,0.0,71.0,9.501928024922897 < CountClassCoupled <= 21.526921993333502,0.1399997214168279
OWN_COMMIT,0.333333333333333,0.06316375198444903,0.0,1.0,0.10191642891537722 < OWN_COMMIT <= 0.6839985370312259,0.09099098107918319
MINOR_LINE,5.0,0.04165393373774645,1.0,8.0,3.5043945735014814 < MINOR_LINE <= 6.500273313638594,0.06000486319333866
CountDeclClass,3.0,0.03896124032098638,1.0,34.0,2.4940562461622644 < CountDeclClass <= 4.501963274839924,0.056125885012992774
