feature,value,importance,min,max,rule,importance_ratio
Added_lines,387.0,0.12841521866407843,0.0,1401.0,134.0061958090498 < Added_lines <= 623.7822426910362,0.18070954014886279
MaxInheritanceTree,4.0,0.0763378191426322,0.0,6.0,3.5043507807030476 < MaxInheritanceTree <= 4.500181337601978,0.10742474557722327
CountOutput_Mean,7.85714285714286,0.07351169505083605,0.0,22.0,7.714103116885628 < CountOutput_Mean <= 7.862476607160486,0.1034477435493868
CountClassCoupled,7.0,0.07169235904514598,0.0,71.0,5.519127474876073 < CountClassCoupled <= 9.501928024922897,0.10088752228912827
OWN_COMMIT,0.666666666666667,0.06542658103611895,0.0,1.0,0.10191642891537722 < OWN_COMMIT <= 0.6839985370312259,0.09207014165102742
