feature,value,importance,min,max,rule,importance_ratio
CountClassCoupled,16.0,0.09472585588197258,0.0,71.0,9.501928024922897 < CountClassCoupled <= 21.526921993333502,0.14969530869273864
Added_lines,31.0,-0.08115067395002241,0.0,1401.0,0.4309102957807909 < Added_lines <= 53.861024501088394,0.12824244314781927
OWN_COMMIT,0.333333333333333,0.06339312623752454,0.0,1.0,0.10191642891537722 < OWN_COMMIT <= 0.6839985370312259,0.1001801832537464
CountDeclClass,3.0,0.04260773809824326,1.0,34.0,2.4940562461622644 < CountDeclClass <= 4.501963274839924,0.06733302589805078
MAJOR_LINE,8.0,0.0406616774003277,0.0,13.0,MAJOR_LINE > 6.501702411360784,0.06425766538325899
