feature,value,importance,min,max,rule,importance_ratio
Added_lines,267.0,0.13079389334975725,0.0,1401.0,134.0061958090498 < Added_lines <= 623.7822426910362,0.16442963890832155
MaxInheritanceTree,4.0,0.07805592700886896,0.0,6.0,3.5043507807030476 < MaxInheritanceTree <= 4.500181337601978,0.09812925943263427
OWN_COMMIT,0.5,0.06666671687822057,0.0,1.0,0.10191642891537722 < OWN_COMMIT <= 0.6839985370312259,0.08381113141250077
MaxNesting_Mean,0.0,0.06483317994512668,0.0,6.0,MaxNesting_Mean <= 0.029843720872850588,0.0815060710758726
CountClassCoupled,3.0,-0.06452570213230982,0.0,71.0,1.5363269248292477 < CountClassCoupled <= 3.5277271998526603,0.08111952041636591
