Antecedent,Antecedent Coverage %,Confidence,Lift
CountDeclMethodPublic <= 0.85,0.19784,1.0,1.05399
PercentLackOfCohesion <= 2,0.24624,0.99618,1.04996
2.18 < CountClassCoupled <= 4.62,0.21992,0.99573,1.04948
2 < PercentLackOfCohesion <= 28.5,0.15695,0.99401,1.04768
CountClassCoupled <= 0.68,0.21053,0.9933,1.04693
RatioCommentToCode > 2.045,0.19737,0.99286,1.04646
-0.088 < MAJOR_LINE <= 0.074,0.37547,0.99124,1.04475
-0.06 < OWN_COMMIT <= 0.0005,0.6734,0.9693,1.02162
0.984 < CountDeclClass <= 1.088,0.74483,0.96845,1.02074
