feature,value,importance,left,right,rec,rule,min,max
CountClassCoupled,10.0,0.029187968096916882,0.0,8.493109105017123,-1,8.493109105017123 < CountClassCoupled <= 13.519892531020918,0.0,108.0
CountDeclMethodPublic,3.0,-0.009917449578906848,4.529144908513342,217.0,1,0.5403670201050792 < CountDeclMethodPublic <= 4.529144908513342,0.0,217.0
OWN_COMMIT,1.0,0.0076794947695237635,0.0,0.9369845751723456,-1,OWN_COMMIT > 0.9369845751723456,0.0,1.0
MINOR_LINE,3.0,0.0019415384944481597,1.0,2.499954939123809,-1,2.499954939123809 < MINOR_LINE <= 3.4971871352848427,1.0,7.0
