feature,value,importance,left,right,rec,rule,min,max
MAJOR_LINE,5.0,0.08614770254990377,0.0,4.495439044857874,-1,4.495439044857874 < MAJOR_LINE <= 6.495923940139127,0.0,11.0
CountClassCoupled,18.0,0.05940246854142312,0.0,13.519892531020918,-1,13.519892531020918 < CountClassCoupled <= 18.505132292347,0.0,108.0
CountDeclMethodPublic,13.0,0.02752896521753353,0.0,11.48631564410915,-1,11.48631564410915 < CountDeclMethodPublic <= 43.48930102784986,0.0,217.0
OWN_COMMIT,1.0,0.007126131159336907,0.0,0.9369845751723456,-1,OWN_COMMIT > 0.9369845751723456,0.0,1.0
