feature,value,importance,left,right,rec,rule,min,max
CountDeclMethodPublic,151.0,0.09761581246532018,0.0,71.96731990555539,-1,CountDeclMethodPublic > 71.96731990555539,0.0,217.0
CountClassCoupled,14.0,0.048146791550596243,0.0,13.519892531020918,-1,13.519892531020918 < CountClassCoupled <= 18.505132292347,0.0,108.0
OWN_COMMIT,1.0,0.00839894387317252,0.0,0.9369845751723456,-1,OWN_COMMIT > 0.9369845751723456,0.0,1.0
MINOR_LINE,1.0,-0.0033263928867499006,1.5027227429627759,7.0,1,MINOR_LINE <= 1.5027227429627759,1.0,7.0
MAJOR_LINE,1.0,-0.0021419716870765453,1.4998411503854348,11.0,1,0.5047281511942475 < MAJOR_LINE <= 1.4998411503854348,0.0,11.0
