feature,value,importance,left,right,rec,rule,min,max
CountClassCoupled,9.0,0.025687513203280048,0.0,8.493109105017123,-1,8.493109105017123 < CountClassCoupled <= 13.519892531020918,0.0,108.0
CountDeclMethodPublic,17.0,0.024808266083636427,0.0,11.48631564410915,-1,11.48631564410915 < CountDeclMethodPublic <= 43.48930102784986,0.0,217.0
MAJOR_LINE,3.0,0.02350511580566894,0.0,2.494954149576622,-1,2.494954149576622 < MAJOR_LINE <= 4.495439044857874,0.0,11.0
OWN_COMMIT,1.0,0.008745869681542607,0.0,0.9369845751723456,-1,OWN_COMMIT > 0.9369845751723456,0.0,1.0
MINOR_LINE,2.0,-0.00037029006047281426,2.499954939123809,7.0,1,1.5027227429627759 < MINOR_LINE <= 2.499954939123809,1.0,7.0
