feature,value,importance,min,max,rule,importance_ratio
RatioCommentToCode,0.07,0.21296946357010946,0.0,43.0,RatioCommentToCode <= 0.11008147307571425,0.26863770774807055
CountClassCoupled,74.0,0.1171839388348595,0.0,207.0,CountClassCoupled > 59.045190785127026,0.14781473449654228
MAJOR_LINE,9.0,0.06447609561268369,0.0,13.0,MAJOR_LINE > 8.50344203197641,0.08132954950245627
CountDeclMethodPrivate,79.0,0.06421921429708535,0.0,257.0,CountDeclMethodPrivate > 29.498482588710576,0.08100552179149324
CountLineComment,296.0,0.05268951159631185,0.0,3673.0,CountLineComment > 115.54619362143157,0.06646206165110134
