feature,value,importance,min,max,rule,importance_ratio
MAJOR_LINE,6.0,0.059195800058073116,0.0,13.0,2.4998111840441277 < MAJOR_LINE <= 6.502231749332315,0.10815311989357904
CountDeclMethodPrivate,6.0,0.05854471999807027,0.0,257.0,2.457998312089133 < CountDeclMethodPrivate <= 29.498482588710576,0.10696357030187277
MINOR_LINE,6.0,0.058469750497705544,1.0,7.0,5.505201931004661 < MINOR_LINE <= 6.50351120482496,0.10682659799381455
CountLineComment,159.0,0.04848710747135576,0.0,3673.0,CountLineComment > 115.54619362143157,0.08858790560306333
OWN_COMMIT,0.333333333333333,0.04254918760669185,0.0,1.0,0.1422783512174683 < OWN_COMMIT <= 0.47314245730383975,0.0777390859501245
