feature,value,importance,min,max,rule,importance_ratio
CountClassCoupled,82.0,0.12680385627259724,0.0,207.0,CountClassCoupled > 59.045190785127026,0.1915859170954097
RatioCommentToCode,0.19,0.0783048627699199,0.0,43.0,0.1741563206766571 < RatioCommentToCode <= 0.23823116827760005,0.11830956398166981
MAJOR_LINE,9.0,0.07634713184487511,0.0,13.0,MAJOR_LINE > 8.50344203197641,0.11535165965820482
CountDeclMethodPrivate,8.0,0.05805569313091889,0.0,257.0,2.457998312089133 < CountDeclMethodPrivate <= 29.498482588710576,0.08771541763829163
CountLineComment,211.0,0.045814111099111696,0.0,3673.0,CountLineComment > 115.54619362143157,0.06921980725858348
