feature,value,importance,min,max,rule,importance_ratio
MINOR_COMMIT,2.0,0.1315235187983063,0.0,3.0,1.5001004723551226 < MINOR_COMMIT <= 2.5001316849382795,0.19244610999780082
CountClassCoupled,33.0,0.11446879094907554,0.0,72.0,21.490339312577355 < CountClassCoupled <= 48.976887783962525,0.16749151585643815
MAJOR_COMMIT,4.0,0.08543770889146339,0.0,7.0,3.50655960323993 < MAJOR_COMMIT <= 5.502489233663736,0.1250130385311618
CountDeclMethodDefault,49.0,0.049563767427479546,0.0,78.0,CountDeclMethodDefault > 17.50860950994297,0.07252204263848344
CountDeclClass,9.0,0.03521822929119611,1.0,34.0,2.504794212746309 < CountDeclClass <= 11.500359901288164,0.051531553367994115
