"Rule ID","Antecedent","Consequent","Antecedent Coverage %","Antecedent Coverage","Support %","Support","Confidence","Leverage","Lift","p-value","Consequent Coverage %","Consequent Coverage"
"000000","-0.008 < OWN_COMMIT <= 0.0235","target = 0",0.7814,1630,0.75983,1585,0.97239,0.01214,1.01624,1.61936e-09,0.95686,1996
"000001","-0.052 < MAJOR_LINE <= 0.033","target = 0",0.51774,1080,0.50623,1056,0.97778,0.01083,1.02187,6.72505e-07,0.95686,1996
"000002","0.32 < CountClassCoupled <= 1.56","target = 0",0.20709,432,0.20614,430,0.99537,0.00798,1.04025,1.67293e-07,0.95686,1996
"000003","CountDeclMethodPublic <= 0.7","target = 0",0.20038,418,0.1999,417,0.99761,0.00817,1.04259,2.74356e-08,0.95686,1996
"000004","RatioCommentToCode > 2.055","target = 0",0.19942,416,0.19895,415,0.9976,0.00812,1.04258,3.04735e-08,0.95686,1996
"000005","1.125 < RatioCommentToCode <= 2.055","target = 0",0.19703,411,0.19607,409,0.99513,0.00754,1.04,4.7609e-07,0.95686,1996
