"Rule ID","Antecedent","Consequent","Antecedent Coverage %","Antecedent Coverage","Support %","Support","Confidence","Leverage","Lift","p-value","Consequent Coverage %","Consequent Coverage"
"000000","-0.001 < OWN_COMMIT <= 0.0205","target = 0",0.71333,1498,0.69714,1464,0.9773,0.01744,1.02566,5.16426e-15,0.95286,2001
"000001","-0.077 < MAJOR_LINE <= 0.019","target = 0",0.53333,1120,0.52667,1106,0.9875,0.01848,1.03636,1.09162e-16,0.95286,2001
"000002","0.12 < CountClassCoupled <= 1.58","target = 0",0.24333,511,0.24095,506,0.99022,0.00909,1.03921,1.84023e-07,0.95286,2001
"000003","0.65 < CountDeclMethodPublic <= 3.05","target = 0",0.24095,506,0.23952,503,0.99407,0.00993,1.04325,4.32803e-09,0.95286,2001
"000004","OWN_LINE > 0.972","target = 0",0.20095,422,0.20048,421,0.99763,0.009,1.04699,3.4006e-09,0.95286,2001
"000005","3.05 < CountDeclMethodPublic <= 5.65","target = 0",0.19048,400,0.19048,400,1,0.00898,1.04948,4.67834e-10,0.95286,2001
"000006","4.5 < PercentLackOfCohesion <= 33","target = 0",0.18286,384,0.18238,383,0.9974,0.00814,1.04674,2.9783e-08,0.95286,2001
"000007","CountClassCoupled <= 0.12","target = 0",0.17143,360,0.17048,358,0.99444,0.00713,1.04364,1.27747e-06,0.95286,2001
"000008","3.12 < CountClassCoupled <= 5.78","target = 0",0.16905,355,0.16857,354,0.99718,0.00749,1.04652,1.49861e-07,0.95286,2001
