feature,value,importance,left,right,rec,rule,min,max
CountClassCoupled,25.0,0.21871377802178,0.0,19.49362632354891,-1,19.49362632354891 < CountClassCoupled <= 149.5610677723453,0.0,157.0
CountLineComment,158.0,0.04001555500856717,0.0,139.18550424206813,-1,139.18550424206813 < CountLineComment <= 1032.9057587741202,0.0,1197.0
OWN_COMMIT,0.714285714285714,0.02917616895808509,0.0,0.12329842411646136,-1,0.12329842411646136 < OWN_COMMIT <= 0.7789110271276085,0.0,1.0
PercentLackOfCohesion,92.0,0.028943016846413525,0.0,90.5689169766835,-1,90.5689169766835 < PercentLackOfCohesion <= 99.48799633417491,0.0,100.0
