feature,value,importance,left,right,rec,rule,min,max
PercentLackOfCohesion,33.0,-0.021583594467159264,36.66665477271357,100.0,1,PercentLackOfCohesion <= 36.66665477271357,0.0,100.0
CountLineComment,79.0,0.014512905950547822,0.0,69.43964045826009,-1,69.43964045826009 < CountLineComment <= 139.18550424206813,0.0,1197.0
MaxNesting_Mean,0.325581395348837,-0.007652647622773539,0.5084855571093213,3.0,1,0.09011124095199963 < MaxNesting_Mean <= 0.5084855571093213,0.0,3.0
OWN_COMMIT,0.0,0.000570258034920126,0.0,0.0,-1,OWN_COMMIT <= 0.12329842411646136,0.0,1.0
