feature,value,importance,left,right,rec,rule,min,max
PercentLackOfCohesion,100.0,0.04285171197692842,0.0,99.48799633417491,-1,PercentLackOfCohesion > 99.48799633417491,0.0,100.0
MaxNesting_Mean,1.0530303030303,-0.025414487232932992,2.231527148651975,3.0,1,0.5084855571093213 < MaxNesting_Mean <= 2.231527148651975,0.0,3.0
OWN_COMMIT,1.0,-0.00886861099937964,1.0,1.0,1,OWN_COMMIT > 0.9741998875990139,0.0,1.0
