feature,value,importance,left,right,rec,rule,min,max
CountClassCoupled,24.0,0.2519923351917242,0.0,19.49362632354891,-1,19.49362632354891 < CountClassCoupled <= 149.5610677723453,0.0,157.0
CountLineComment,84.0,0.02710358346136866,0.0,69.43964045826009,-1,69.43964045826009 < CountLineComment <= 139.18550424206813,0.0,1197.0
PercentLackOfCohesion,94.0,0.02710088183694451,0.0,90.5689169766835,-1,90.5689169766835 < PercentLackOfCohesion <= 99.48799633417491,0.0,100.0
OWN_COMMIT,0.8,0.008119732314404899,0.0,0.7789110271276085,-1,0.7789110271276085 < OWN_COMMIT <= 0.895154396455826,0.0,1.0
