feature,value,importance,left,right,rec,rule,min,max
OWN_COMMIT,1.0,-0.016354275017047736,1.0,1.0,1,OWN_COMMIT > 0.9741998875990139,0.0,1.0
MaxNesting_Mean,0.416666666666667,-0.01237494977669873,0.5084855571093213,3.0,1,0.09011124095199963 < MaxNesting_Mean <= 0.5084855571093213,0.0,3.0
PercentLackOfCohesion,60.0,0.005975748934896486,0.0,53.34145531063232,-1,53.34145531063232 < PercentLackOfCohesion <= 67.68953949442287,0.0,100.0
CountLineComment,43.0,-0.0006695784341091961,69.43964045826009,1197.0,1,36.18870539853764 < CountLineComment <= 69.43964045826009,0.0,1197.0
