feature,value,importance,left,right,rec,rule,min,max
CountClassCoupled,4.0,-0.055769538879411426,6.5535834306942915,157.0,1,1.4842882767924825 < CountClassCoupled <= 6.5535834306942915,0.0,157.0
CountLineComment,145.0,0.04007932301773577,0.0,139.18550424206813,-1,139.18550424206813 < CountLineComment <= 1032.9057587741202,0.0,1197.0
MaxNesting_Mean,0.52,-0.0225638326237421,2.231527148651975,3.0,1,0.5084855571093213 < MaxNesting_Mean <= 2.231527148651975,0.0,3.0
OWN_COMMIT,0.6875,0.011881519681443607,0.0,0.12329842411646136,-1,0.12329842411646136 < OWN_COMMIT <= 0.7789110271276085,0.0,1.0
