feature,value,importance,left,right,rec,rule,min,max
PercentLackOfCohesion,96.0,0.03367541569036482,0.0,90.5689169766835,-1,90.5689169766835 < PercentLackOfCohesion <= 99.48799633417491,0.0,100.0
OWN_COMMIT,1.0,-0.012569434727262789,1.0,1.0,1,OWN_COMMIT > 0.9741998875990139,0.0,1.0
CountLineComment,70.0,-0.010673458060192039,139.18550424206813,1197.0,1,69.43964045826009 < CountLineComment <= 139.18550424206813,0.0,1197.0
MaxNesting_Mean,0.333333333333333,0.0009461034917465762,0.0,0.09011124095199963,-1,0.09011124095199963 < MaxNesting_Mean <= 0.5084855571093213,0.0,3.0
