feature,value,importance,left,right,rec,rule,min,max
CountClassCoupled,31.0,0.2181433793048737,0.0,19.49362632354891,-1,19.49362632354891 < CountClassCoupled <= 149.5610677723453,0.0,157.0
CountLineComment,192.0,0.053454807686779,0.0,139.18550424206813,-1,139.18550424206813 < CountLineComment <= 1032.9057587741202,0.0,1197.0
PercentLackOfCohesion,96.0,0.031688426508281776,0.0,90.5689169766835,-1,90.5689169766835 < PercentLackOfCohesion <= 99.48799633417491,0.0,100.0
OWN_COMMIT,0.8125,0.015791648845373034,0.0,0.7789110271276085,-1,0.7789110271276085 < OWN_COMMIT <= 0.895154396455826,0.0,1.0
