feature,value,importance,min,max,rule,importance_ratio
Del_lines,66.0,0.10668221066671331,0.0,20224.0,6.117765502847519 < Del_lines <= 541.5758170227919,0.1787855602462004
CountClassCoupled,19.0,0.08979296364896285,0.0,132.0,14.528794990404752 < CountClassCoupled <= 19.508692962965362,0.150481370903533
MINOR_COMMIT,0.0,-0.08726176263406368,0.0,5.0,MINOR_COMMIT <= 0.5016356687429404,0.14623940601813812
OWN_COMMIT,0.625,0.06653804054746927,0.0,1.0,0.48523577667359796 < OWN_COMMIT <= 0.9163585933794693,0.11150913336552618
CountDeclMethodDefault,7.0,0.05544253681892865,0.0,82.0,1.5073097577855388 < CountDeclMethodDefault <= 39.50392024684733,0.09291450697070687
