feature,value,importance,min,max,rule,importance_ratio
CountClassCoupled,21.0,0.15453934941757064,0.0,132.0,19.508692962965362 < CountClassCoupled <= 35.464692589333026,0.2258580848672796
Del_lines,7.0,0.10425577756362471,0.0,20224.0,6.117765502847519 < Del_lines <= 541.5758170227919,0.1523690266952305
MINOR_COMMIT,0.0,-0.09086195039748292,0.0,5.0,MINOR_COMMIT <= 0.5016356687429404,0.13279405006831205
CountDeclClassMethod,6.0,0.06588952321183021,0.0,247.0,1.5382515305679796 < CountDeclClassMethod <= 36.01015640726675,0.09629703749581164
OWN_COMMIT,0.333333333333333,0.053045323816492955,0.0,1.0,0.12394271196938178 < OWN_COMMIT <= 0.48523577667359796,0.07752533767943781
