feature,value,importance,min,max,rule,importance_ratio
CountClassCoupled,34.0,0.1545832141523796,0.0,132.0,19.508692962965362 < CountClassCoupled <= 35.464692589333026,0.19855771075412257
Del_lines,330.0,0.10467896052662554,0.0,20224.0,6.117765502847519 < Del_lines <= 541.5758170227919,0.13445712641088833
MINOR_COMMIT,0.0,-0.09468619672489334,0.0,5.0,MINOR_COMMIT <= 0.5016356687429404,0.12162170753660648
MAJOR_LINE,6.0,0.09171561880031133,0.0,11.0,3.500975425350002 < MAJOR_LINE <= 8.507443078039072,0.11780608528062005
CountDeclClassMethod,8.0,0.06500064249510383,0.0,247.0,1.5382515305679796 < CountDeclClassMethod <= 36.01015640726675,0.08349146343051554
