feature,value,importance,min,max,rule,importance_ratio
CountClassCoupled,31.0,0.1542500499406609,0.0,132.0,19.508692962965362 < CountClassCoupled <= 35.464692589333026,0.19426779485747886
Del_lines,17.0,0.10493494470618961,0.0,20224.0,6.117765502847519 < Del_lines <= 541.5758170227919,0.13215866263515055
MINOR_COMMIT,0.0,-0.09485979714358989,0.0,5.0,MINOR_COMMIT <= 0.5016356687429404,0.11946967679298776
MAJOR_LINE,8.0,0.09135472703597523,0.0,11.0,3.500975425350002 < MAJOR_LINE <= 8.507443078039072,0.11505527147584775
CountDeclClassMethod,5.0,0.06490811552634168,0.0,247.0,1.5382515305679796 < CountDeclClassMethod <= 36.01015640726675,0.08174750333311209
