feature,value,importance,min,max,rule,importance_ratio
CountClassCoupled,26.0,0.1550315526850885,0.0,132.0,19.508692962965362 < CountClassCoupled <= 35.464692589333026,0.20393268775854087
MAJOR_LINE,9.0,0.11980526844963438,0.0,11.0,MAJOR_LINE > 8.507443078039072,0.15759508293254315
Del_lines,51.0,0.10633683040782267,0.0,20224.0,6.117765502847519 < Del_lines <= 541.5758170227919,0.13987833610130135
MINOR_COMMIT,0.0,-0.09386834734222134,0.0,5.0,MINOR_COMMIT <= 0.5016356687429404,0.123476957028456
CountDeclClassMethod,12.0,0.06599979833049884,0.0,247.0,1.5382515305679796 < CountDeclClassMethod <= 36.01015640726675,0.08681791565617772
