feature,value,importance,min,max,rule,importance_ratio
Del_lines,9.0,0.10638194772284888,0.0,20224.0,6.117765502847519 < Del_lines <= 541.5758170227919,0.1599914309221645
MAJOR_LINE,11.0,0.09723953355288381,0.0,11.0,MAJOR_LINE > 8.507443078039072,0.14624184317306163
CountClassCoupled,18.0,0.08828926218379679,0.0,132.0,14.528794990404752 < CountClassCoupled <= 19.508692962965362,0.13278122552003147
MINOR_COMMIT,0.0,-0.08365066246841865,0.0,5.0,MINOR_COMMIT <= 0.5016356687429404,0.12580507757553303
CountDeclClassMethod,66.0,0.06776043372168204,0.0,247.0,CountDeclClassMethod > 47.46896135242978,0.10190722188394312
