feature,value,importance,min,max,rule,importance_ratio
CountClassCoupled,37.0,0.1765975432394486,0.0,132.0,CountClassCoupled > 35.464692589333026,0.2155741703257923
Del_lines,69.0,0.10544860982483042,0.0,20224.0,6.117765502847519 < Del_lines <= 541.5758170227919,0.12872204311570573
MINOR_COMMIT,0.0,-0.09818868428940533,0.0,5.0,MINOR_COMMIT <= 0.5016356687429404,0.11985978832315607
MAJOR_LINE,4.0,0.09408308890551964,0.0,11.0,3.500975425350002 < MAJOR_LINE <= 8.507443078039072,0.11484805201958526
CountDeclClassMethod,4.0,0.06500627934939107,0.0,247.0,1.5382515305679796 < CountDeclClassMethod <= 36.01015640726675,0.07935373550305014
