feature,value,importance,min,max,rule,importance_ratio
Del_lines,5.0,0.10371658853934926,0.0,20224.0,6.117765502847519 < Del_lines <= 541.5758170227919,0.15912355350594226
MAJOR_LINE,4.0,0.09328532902266376,0.0,11.0,3.500975425350002 < MAJOR_LINE <= 8.507443078039072,0.1431197579201673
MINOR_COMMIT,0.0,-0.08962227083663872,0.0,5.0,MINOR_COMMIT <= 0.5016356687429404,0.13749983883617048
OWN_COMMIT,0.75,0.06675320627425292,0.0,1.0,0.48523577667359796 < OWN_COMMIT <= 0.9163585933794693,0.1024137752684025
CountDeclClassMethod,2.0,0.063765157949423,0.0,247.0,1.5382515305679796 < CountDeclClassMethod <= 36.01015640726675,0.09782946648819203
