feature,value,importance,min,max,rule,importance_ratio
CountClassCoupled,38.0,0.1769112015646192,0.0,132.0,CountClassCoupled > 35.464692589333026,0.20697523576275179
Del_lines,34.0,0.1063349914996451,0.0,20224.0,6.117765502847519 < Del_lines <= 541.5758170227919,0.12440540644584494
MINOR_COMMIT,0.0,-0.09574761825918937,0.0,5.0,MINOR_COMMIT <= 0.5016356687429404,0.11201883028124202
MAJOR_LINE,6.0,0.09331667839782806,0.0,11.0,3.500975425350002 < MAJOR_LINE <= 8.507443078039072,0.10917478000923848
CountDeclMethodDefault,47.0,0.07228130271386608,0.0,82.0,CountDeclMethodDefault > 39.50392024684733,0.08456468294901473
