feature,value,importance,min,max,rule,importance_ratio
CountClassCoupled,82.0,0.16659593355452554,0.0,132.0,CountClassCoupled > 35.464692589333026,0.2067663229295107
MAJOR_LINE,14.0,0.11171059717080034,0.0,11.0,MAJOR_LINE > 8.507443078039072,0.1386467779641596
MINOR_COMMIT,0.0,-0.09369947169638218,0.0,5.0,MINOR_COMMIT <= 0.5016356687429404,0.11629272581709074
Del_lines,664.0,0.08303230399971137,0.0,20224.0,541.5758170227919 < Del_lines <= 748.0174754401199,0.10305344083783761
CountDeclClassMethod,3.0,0.06786250706431143,0.0,247.0,1.5382515305679796 < CountDeclClassMethod <= 36.01015640726675,0.08422583163395858
