feature,value,importance,left,right,rec,rule,min,max
OWN_COMMIT,0.75,0.3380498017939909,0.0,0.36450244784925023,-1,0.36450244784925023 < OWN_COMMIT <= 0.9806106315167405,0.0,1.0
MAJOR_LINE,1.0,0.037145902919341556,0.0,0.49910133276318186,-1,0.49910133276318186 < MAJOR_LINE <= 2.4941625536953684,0.0,11.0
CountDeclMethodPublic,27.0,-0.02394181446410318,52.98285999938886,82.0,1,26.502145012810463 < CountDeclMethodPublic <= 52.98285999938886,0.0,82.0
CountClassCoupled,6.0,-0.018569822345660545,8.508859599645833,42.0,1,0.4889161313989083 < CountClassCoupled <= 8.508859599645833,0.0,42.0
