feature,value,importance,left,right,rec,rule,min,max
OWN_COMMIT,0.5,0.3163986704875033,0.0,0.36450244784925023,-1,0.36450244784925023 < OWN_COMMIT <= 0.9806106315167405,0.0,1.0
MaxInheritanceTree,2.220446049250313e-16,-0.04247565053564677,0.49601854060058526,5.0,1,MaxInheritanceTree <= 0.49601854060058526,0.0,5.0
CountDeclMethodPublic,0.0,0.034125822461568305,0.0,0.0,-1,CountDeclMethodPublic <= 0.5356186667481531,0.0,82.0
MAJOR_LINE,1.0,0.008776600659197515,0.0,0.49910133276318186,-1,0.49910133276318186 < MAJOR_LINE <= 2.4941625536953684,0.0,11.0
