feature,value,importance,left,right,rec,rule,min,max
OWN_COMMIT,0.8,0.31848318429046585,0.0,0.36450244784925023,-1,0.36450244784925023 < OWN_COMMIT <= 0.9806106315167405,0.0,1.0
MaxInheritanceTree,2.0,-0.08146150714007351,2.4990705242078834,5.0,1,1.4975445324042342 < MaxInheritanceTree <= 2.4990705242078834,0.0,5.0
CountClassCoupled,17.0,0.04079859790002971,0.0,12.518831333769295,-1,12.518831333769295 < CountClassCoupled <= 20.47194193978083,0.0,42.0
MAJOR_LINE,6.0,0.04047745149149373,0.0,4.502888577510651,-1,4.502888577510651 < MAJOR_LINE <= 7.495480408908931,0.0,11.0
CountDeclMethodPublic,26.0,0.011320911820455283,0.0,25.473767731778292,-1,25.473767731778292 < CountDeclMethodPublic <= 26.502145012810463,0.0,82.0
