feature,value,importance,left,right,rec,rule,min,max
OWN_COMMIT,0.5,0.32014399978381025,0.0,0.36450244784925023,-1,0.36450244784925023 < OWN_COMMIT <= 0.9806106315167405,0.0,1.0
CountClassCoupled,16.0,0.06780979194268066,0.0,12.518831333769295,-1,12.518831333769295 < CountClassCoupled <= 20.47194193978083,0.0,42.0
CountDeclMethodPublic,9.0,-0.0025798282352364693,9.533919875779645,82.0,1,0.5356186667481531 < CountDeclMethodPublic <= 9.533919875779645,0.0,82.0
MAJOR_LINE,7.0,-0.002239830788002205,7.495480408908931,11.0,1,4.502888577510651 < MAJOR_LINE <= 7.495480408908931,0.0,11.0
