feature,value,importance,left,right,rec,rule,min,max
OWN_COMMIT,0.444444444444444,0.33717250779143493,0.0,0.36450244784925023,-1,0.36450244784925023 < OWN_COMMIT <= 0.9806106315167405,0.0,1.0
MaxInheritanceTree,1.0,-0.11456435539205036,1.4975445324042342,5.0,1,0.49601854060058526 < MaxInheritanceTree <= 1.4975445324042342,0.0,5.0
CountClassCoupled,7.0,-0.016495620284691495,8.508859599645833,42.0,1,0.4889161313989083 < CountClassCoupled <= 8.508859599645833,0.0,42.0
CountDeclMethodPublic,14.0,-0.005650344312114337,25.473767731778292,82.0,1,9.533919875779645 < CountDeclMethodPublic <= 25.473767731778292,0.0,82.0
