feature,value,importance,left,right,rec,rule,min,max
OWN_COMMIT,0.5,0.33269631341052136,0.0,0.36450244784925023,-1,0.36450244784925023 < OWN_COMMIT <= 0.9806106315167405,0.0,1.0
CountClassCoupled,16.0,0.040497042957579096,0.0,12.518831333769295,-1,12.518831333769295 < CountClassCoupled <= 20.47194193978083,0.0,42.0
MAJOR_LINE,2.0,0.025033305497407964,0.0,0.49910133276318186,-1,0.49910133276318186 < MAJOR_LINE <= 2.4941625536953684,0.0,11.0
CountDeclMethodPublic,2.0,0.0027051971822841785,0.0,0.5356186667481531,-1,0.5356186667481531 < CountDeclMethodPublic <= 9.533919875779645,0.0,82.0
