feature,value,importance,left,right,rec,rule,min,max
OWN_COMMIT,0.722222222222222,0.3463081144527605,0.0,0.36450244784925023,-1,0.36450244784925023 < OWN_COMMIT <= 0.9806106315167405,0.0,1.0
MaxInheritanceTree,1.0,-0.09966157229431957,1.4975445324042342,5.0,1,0.49601854060058526 < MaxInheritanceTree <= 1.4975445324042342,0.0,5.0
CountClassCoupled,26.0,0.055116404372374236,0.0,22.47692780684256,-1,CountClassCoupled > 22.47692780684256,0.0,42.0
MAJOR_LINE,10.0,0.006740213632190242,0.0,7.495480408908931,-1,MAJOR_LINE > 7.495480408908931,0.0,11.0
