feature,value,importance,min,max,rule,importance_ratio
Added_lines,0.0,-0.2127637952388597,0.0,10080.0,Added_lines <= 2.0010783245919797,0.1181994971031558
MaxInheritanceTree,4.0,0.20974357557347512,0.0,7.0,3.505949893117027 < MaxInheritanceTree <= 4.504670081117364,0.1165216343578107
OWN_LINE,0.76056338028169,0.18862841419339405,0.252747252747253,1.0,0.6816950662214489 < OWN_LINE <= 0.767298239402207,0.10479124830422652
CountDeclMethodProtected,0.0,0.12487240621357572,0.0,93.0,CountDeclMethodProtected <= 0.5063924045321226,0.06937202638228679
CountDeclClass,1.0,-0.11347236675944782,1.0,13.0,CountDeclClass <= 1.4991288331952126,0.06303881104872262
