feature,value,importance,min,max,rule,importance_ratio
CountLineComment,600.0,0.26074351917815686,15.0,3419.0,CountLineComment > 430.39806709852445,0.17327097959524435
CountClassDerived,11.0,0.17690624401913332,0.0,146.0,7.510151647074075 < CountClassDerived <= 45.48828422583489,0.11755888811474789
MaxInheritanceTree,1.0,-0.15697631676999213,0.0,7.0,0.4959182153937882 < MaxInheritanceTree <= 1.4946384033941256,0.10431492320775765
RatioCommentToCode,0.74,0.11563645942043749,0.05,29.08,0.3158916615634513 < RatioCommentToCode <= 0.8902967105398505,0.07684349227109544
MINOR_COMMIT,0.0,-0.10314993700618427,0.0,6.0,MINOR_COMMIT <= 0.49897740704811133,0.06854586716702775
