feature,value,importance,min,max,rule,importance_ratio
Added_lines,40.0,0.23595215248342896,0.0,10080.0,14.469711558006416 < Added_lines <= 1320.5590427581683,0.14610967788324017
MAJOR_LINE,8.0,0.18122909488786557,0.0,12.0,MAJOR_LINE > 7.503675252679776,0.1122232808577445
CountLineComment,721.0,0.1525766563944402,15.0,3419.0,CountLineComment > 430.39806709852445,0.09448070671810938
MaxInheritanceTree,3.0,0.135920023611199,0.0,7.0,2.493358591394463 < MaxInheritanceTree <= 3.505949893117027,0.0841663475356912
RatioCommentToCode,0.8,0.110172783256056,0.05,29.08,0.3158916615634513 < RatioCommentToCode <= 0.8902967105398505,0.06822277187817942
