feature,value,importance,min,max,rule,importance_ratio
OWN_LINE,0.464253393665158,0.2977465605308463,0.252747252747253,1.0,OWN_LINE <= 0.6736697687357529,0.14761806318716011
CountLineComment,649.0,0.26918141752952945,15.0,3419.0,CountLineComment > 430.39806709852445,0.133455914422114
MAJOR_LINE,6.0,0.24474915657283658,0.0,12.0,4.497171535648503 < MAJOR_LINE <= 7.503675252679776,0.12134278359272653
Added_lines,0.0,-0.21231876331708596,0.0,10080.0,Added_lines <= 2.0010783245919797,0.1052643045255741
MaxInheritanceTree,5.0,0.16103120518312902,0.0,7.0,MaxInheritanceTree > 4.504670081117364,0.07983673960648495
