feature,value,importance,min,max,rule,importance_ratio
Added_lines,108.0,0.18710587458313957,0.0,10080.0,14.469711558006416 < Added_lines <= 1320.5590427581683,0.1345569019997005
OWN_LINE,0.702637889688249,0.155033704087457,0.252747252747253,1.0,0.6816950662214489 < OWN_LINE <= 0.767298239402207,0.11149224990408893
RatioCommentToCode,0.83,0.14134530192747907,0.05,29.08,0.3158916615634513 < RatioCommentToCode <= 0.8902967105398505,0.10164825653896231
CountDeclMethodPublic,12.0,0.12245392304744877,0.0,205.0,10.42834381908749 < CountDeclMethodPublic <= 13.480842167629682,0.08806255046606219
MaxInheritanceTree,3.0,0.08241142465496776,0.0,7.0,2.493358591394463 < MaxInheritanceTree <= 3.505949893117027,0.05926604931918823
