feature,value,importance,min,max,rule,importance_ratio
OWN_LINE,0.477035490605428,0.18899281659537073,0.252747252747253,1.0,OWN_LINE <= 0.6736697687357529,0.13207247279658157
Added_lines,0.0,-0.17643364275516796,0.0,10080.0,Added_lines <= 2.0010783245919797,0.12329583686279894
MaxInheritanceTree,1.0,-0.16877120932475329,0.0,7.0,0.4959182153937882 < MaxInheritanceTree <= 1.4946384033941256,0.11794115434615747
CountDeclInstanceVariable,19.0,0.15134745126930182,0.0,1114.0,17.474832958593538 < CountDeclInstanceVariable <= 21.485480801487,0.10576503647433567
CountLineComment,340.0,0.13258955254666305,15.0,3419.0,254.46825531408285 < CountLineComment <= 430.39806709852445,0.09265659080218719
