feature,value,importance,min,max,rule,importance_ratio
MAJOR_LINE,5.0,0.3676964222588339,0.0,12.0,4.497171535648503 < MAJOR_LINE <= 7.503675252679776,0.1995105925742085
Added_lines,60.0,0.23109140641051848,0.0,10080.0,14.469711558006416 < Added_lines <= 1320.5590427581683,0.1253892631006205
OWN_LINE,0.605780346820809,0.18766863803661288,0.252747252747253,1.0,OWN_LINE <= 0.6736697687357529,0.1018282444856716
CountLineComment,368.0,0.16074645667204074,15.0,3419.0,254.46825531408285 < CountLineComment <= 430.39806709852445,0.08722037769045135
MaxInheritanceTree,1.0,-0.11708158232863743,0.0,7.0,0.4959182153937882 < MaxInheritanceTree <= 1.4946384033941256,0.063527993354989
