feature,value,importance,min,max,rule,importance_ratio
Added_lines,0.0,-0.18529917987982766,0.0,10080.0,Added_lines <= 2.0010783245919797,0.15427603970900164
MaxInheritanceTree,3.0,0.11951870325289841,0.0,7.0,2.493358591394463 < MaxInheritanceTree <= 3.505949893117027,0.09950865525131156
CountLineComment,426.0,0.10663470906449189,15.0,3419.0,254.46825531408285 < CountLineComment <= 430.39806709852445,0.08878172380827856
RatioCommentToCode,0.45,0.09714601156893318,0.05,29.08,0.3158916615634513 < RatioCommentToCode <= 0.8902967105398505,0.08088164204558057
CountDeclMethodPublic,5.0,-0.08322543099603699,0.0,205.0,2.4918481128777863 < CountDeclMethodPublic <= 6.460095965982637,0.06929167147674545
