feature,value,importance,min,max,rule,importance_ratio
OWN_LINE,0.774305555555556,0.21838222870593302,0.252747252747253,1.0,0.767298239402207 < OWN_LINE <= 0.818125123478282,0.15565917854314104
Added_lines,0.0,-0.1906545608399759,0.0,10080.0,Added_lines <= 2.0010783245919797,0.13589536338058117
RatioCommentToCode,0.57,0.10145113496250079,0.05,29.08,0.3158916615634513 < RatioCommentToCode <= 0.8902967105398505,0.07231266218002094
CountDeclMethodPrivate,3.0,0.08996025905144373,0.0,153.0,1.5241206799197182 < CountDeclMethodPrivate <= 15.50985379049164,0.06412215915394887
CountDeclClassVariable,3.0,0.08948546037001706,0.0,321.0,2.4821322561496055 < CountDeclClassVariable <= 3.504109882215201,0.06378373064187538
