feature,value,importance,min,max,rule,importance_ratio
MaxInheritanceTree,4.0,0.2106594945125272,0.0,7.0,3.505949893117027 < MaxInheritanceTree <= 4.504670081117364,0.17033227644572344
Added_lines,0.0,-0.1730550776508879,0.0,10080.0,Added_lines <= 2.0010783245919797,0.13992659288857395
CountDeclMethodPublic,31.0,0.07823079240573315,0.0,205.0,23.55408671781892 < CountDeclMethodPublic <= 46.44782433188537,0.06325482262005966
CountDeclClassVariable,2.0,0.07508249002795259,0.0,321.0,1.4601546300840103 < CountDeclClassVariable <= 2.4821322561496055,0.06070920979502292
OWN_LINE,0.939739413680782,-0.07189702902216696,0.252747252747253,1.0,0.818125123478282 < OWN_LINE <= 0.9786310731922031,0.05813355173650478
