feature,value,importance,min,max,rule,importance_ratio
MAJOR_LINE,9.0,0.27882436579311304,0.0,12.0,MAJOR_LINE > 7.503675252679776,0.19124594991725175
CountLineComment,557.0,0.21465372254438483,15.0,3419.0,CountLineComment > 430.39806709852445,0.14723123265968546
OWN_LINE,0.329656476520643,0.2045031280362161,0.252747252747253,1.0,OWN_LINE <= 0.6736697687357529,0.14026892833087376
Added_lines,0.0,-0.1819564706290548,0.0,10080.0,Added_lines <= 2.0010783245919797,0.12480415034769397
RatioCommentToCode,0.25,-0.11394165436531074,0.05,29.08,RatioCommentToCode <= 0.3158916615634513,0.07815271044283771
