feature,value,importance,min,max,rule,importance_ratio
CountLineComment,337.0,0.1972479966919868,15.0,3419.0,254.46825531408285 < CountLineComment <= 430.39806709852445,0.15697910171017465
Added_lines,0.0,-0.18202876665452897,0.0,10080.0,Added_lines <= 2.0010783245919797,0.14486693276515186
RatioCommentToCode,0.78,0.10975691300192847,0.05,29.08,0.3158916615634513 < RatioCommentToCode <= 0.8902967105398505,0.08734964054630863
CountDeclClassVariable,2.0,0.1061930312161058,0.0,321.0,1.4601546300840103 < CountDeclClassVariable <= 2.4821322561496055,0.0845133381720274
MaxInheritanceTree,3.0,0.10554226997280074,0.0,7.0,2.493358591394463 < MaxInheritanceTree <= 3.505949893117027,0.08399543220028086
