feature,value,importance,min,max,rule,importance_ratio
Added_lines,141.0,0.13521114000961004,0.0,10080.0,14.469711558006416 < Added_lines <= 1320.5590427581683,0.13884910628354816
CountInput_Min,2.0,0.0848448424236509,0.0,337.0,1.5113075351532448 < CountInput_Min <= 16.505424455634927,0.08712766228030544
MAJOR_LINE,2.0,0.08015628099547943,0.0,12.0,1.505625548552707 < MAJOR_LINE <= 2.492835724294319,0.08231295127342497
AvgEssential,1.0,-0.0759213960799411,0.0,11.0,0.501399979470756 < AvgEssential <= 1.501386100450727,0.07796412331668721
CountDeclClassVariable,0.0,-0.07547743956961818,0.0,321.0,CountDeclClassVariable <= 0.438177004018415,0.0775082217934642
