feature,value,importance,min,max,rule,importance_ratio
MAJOR_LINE,8.0,0.28509798302281647,0.0,12.0,MAJOR_LINE > 7.503675252679776,0.1486905860498179
CountLineComment,596.0,0.2592380792116269,15.0,3419.0,CountLineComment > 430.39806709852445,0.13520355884566554
OWN_LINE,0.530458590006845,0.19050508027936855,0.252747252747253,1.0,OWN_LINE <= 0.6736697687357529,0.09935640979241847
Added_lines,0.0,-0.18230599311873913,0.0,10080.0,Added_lines <= 2.0010783245919797,0.0950802410799588
MaxInheritanceTree,1.0,-0.16026898960042554,0.0,7.0,0.4959182153937882 < MaxInheritanceTree <= 1.4946384033941256,0.08358701712523967
