feature,value,importance,min,max,rule,importance_ratio
MaxInheritanceTree,4.0,0.23141103735318583,0.0,7.0,3.505949893117027 < MaxInheritanceTree <= 4.504670081117364,0.16431257649436695
CountLineComment,311.0,0.19098945671482243,15.0,3419.0,254.46825531408285 < CountLineComment <= 430.39806709852445,0.13561137824284425
Added_lines,43.0,0.161350176237188,0.0,10080.0,14.469711558006416 < Added_lines <= 1320.5590427581683,0.11456611352071946
RatioCommentToCode,0.78,0.11523889288908198,0.05,29.08,0.3158916615634513 < RatioCommentToCode <= 0.8902967105398505,0.08182496228157012
OWN_LINE,0.858866103739445,-0.07363256395986113,0.252747252747253,1.0,0.818125123478282 < OWN_LINE <= 0.9786310731922031,0.05228253775841123
