feature,value,importance,min,max,rule,importance_ratio
MAJOR_COMMIT,3.0,0.3134512237949673,0.0,6.0,2.5049342359599582 < MAJOR_COMMIT <= 3.499655327458867,0.27875307031446755
CountDeclMethodProtected,8.0,0.14434720848072394,0.0,26.0,7.490195375254914 < CountDeclMethodProtected <= 8.508599080849722,0.1283683855758179
CountClassCoupled,17.0,0.0929977960671868,0.0,64.0,10.492249034455536 < CountClassCoupled <= 17.999561761991284,0.08270320617144535
CountLineComment,71.0,0.08005489077508166,16.0,692.0,44.36451351633542 < CountLineComment <= 166.4525477710837,0.07119304345686733
CountDeclClassVariable,1.0,0.058166917107247154,0.0,19.0,0.5039837002958555 < CountDeclClassVariable <= 6.5024335433933,0.05172800583792968
