feature,value,importance,min,max,rule,importance_ratio
MAJOR_COMMIT,3.0,0.31363566635729356,0.0,6.0,2.5049342359599582 < MAJOR_COMMIT <= 3.499655327458867,0.336244382872386
CountClassCoupled,14.0,0.08942833034353566,0.0,64.0,10.492249034455536 < CountClassCoupled <= 17.999561761991284,0.09587485408440298
CountDeclClassVariable,0.0,-0.057533872444914855,0.0,19.0,CountDeclClassVariable <= 0.5039837002958555,0.0616812547475409
CountDeclMethodPrivate,0.0,0.05267394018093641,0.0,15.0,CountDeclMethodPrivate <= 0.49821395562185433,0.05647098978028608
MINOR_LINE,2.0,-0.04463943292437524,1.0,6.0,1.5022072299378086 < MINOR_LINE <= 2.5009948439402536,0.04785730765177298
