feature,value,importance,min,max,rule,importance_ratio
MAJOR_COMMIT,4.0,0.4436294699222415,0.0,6.0,3.499655327458867 < MAJOR_COMMIT <= 5.500531086221038,0.4039091672965754
CountClassCoupled,12.0,0.10604402215940786,0.0,64.0,10.492249034455536 < CountClassCoupled <= 17.999561761991284,0.09654938544703433
CountLineComment,172.0,0.09659100381529748,16.0,692.0,166.4525477710837 < CountLineComment <= 233.07074018180373,0.08794274178001618
CountDeclClassVariable,1.0,0.05835530712319786,0.0,19.0,0.5039837002958555 < CountDeclClassVariable <= 6.5024335433933,0.05313047285068349
CountDeclMethodPrivate,0.0,0.0565535835077584,0.0,15.0,CountDeclMethodPrivate <= 0.49821395562185433,0.05149006630749717
