feature,value,importance,min,max,rule,importance_ratio
MAJOR_COMMIT,4.0,0.44270287222656485,0.0,6.0,3.499655327458867 < MAJOR_COMMIT <= 5.500531086221038,0.3701990892191523
CountLineComment,115.0,0.08240725465237138,16.0,692.0,44.36451351633542 < CountLineComment <= 166.4525477710837,0.0689109841639921
CountDeclMethodProtected,7.0,0.07365501646927769,0.0,26.0,3.501447528341921 < CountDeclMethodProtected <= 7.490195375254914,0.061592146163880424
CountDeclInstanceVariable,38.0,0.07236583185053404,0.0,53.0,CountDeclInstanceVariable > 17.496765207137997,0.06051409810583667
CountDeclClassVariable,2.0,0.056402957309520906,0.0,19.0,0.5039837002958555 < CountDeclClassVariable <= 6.5024335433933,0.04716554767362185
