feature,value,importance,min,max,rule,importance_ratio
MAJOR_COMMIT,4.0,0.45135409518744174,0.0,6.0,3.499655327458867 < MAJOR_COMMIT <= 5.500531086221038,0.4028130432180357
CountClassCoupled,12.0,0.11005429057827616,0.0,64.0,10.492249034455536 < CountClassCoupled <= 17.999561761991284,0.09821845903187645
CountLineComment,48.0,0.08064378349578849,16.0,692.0,44.36451351633542 < CountLineComment <= 166.4525477710837,0.07197091638897085
CountDeclMethodProtected,6.0,0.07428188696421184,0.0,26.0,3.501447528341921 < CountDeclMethodProtected <= 7.490195375254914,0.06629321249784206
CountDeclClassVariable,1.0,0.055928218195576494,0.0,19.0,0.5039837002958555 < CountDeclClassVariable <= 6.5024335433933,0.04991339618568572
