feature,value,importance,min,max,rule,importance_ratio
MAJOR_COMMIT,4.0,0.44676063427865687,0.0,6.0,3.499655327458867 < MAJOR_COMMIT <= 5.500531086221038,0.3971620990670748
AvgCyclomaticModified,5.0,0.11120794410328028,0.0,12.0,4.502650328339778 < AvgCyclomaticModified <= 8.49913168083954,0.09886184485413767
CountLineComment,95.0,0.08223347518055554,16.0,692.0,44.36451351633542 < CountLineComment <= 166.4525477710837,0.07310406761558738
CountDeclMethodProtected,7.0,0.07447554577225451,0.0,26.0,3.501447528341921 < CountDeclMethodProtected <= 7.490195375254914,0.06620740911032341
CountDeclClassVariable,1.0,0.05738032946706704,0.0,19.0,0.5039837002958555 < CountDeclClassVariable <= 6.5024335433933,0.05101007194399845
