feature,value,importance,min,max,rule,importance_ratio
MAJOR_COMMIT,2.0,0.13397132760241548,0.0,6.0,1.4987795686966945 < MAJOR_COMMIT <= 2.5049342359599582,0.1526797511845706
CountClassCoupled,14.0,0.10605261728961574,0.0,64.0,10.492249034455536 < CountClassCoupled <= 17.999561761991284,0.12086233308297141
CountDeclMethodProtected,4.0,0.07531038360016355,0.0,26.0,3.501447528341921 < CountDeclMethodProtected <= 7.490195375254914,0.0858271007346517
MINOR_COMMIT,0.0,-0.06712317341655669,0.0,2.0,MINOR_COMMIT <= 0.500035945883076,0.07649658773534378
CountDeclClassVariable,0.0,-0.055371338495554916,0.0,19.0,CountDeclClassVariable <= 0.5039837002958555,0.06310366804266508
