feature,value,importance,min,max,rule,importance_ratio
MAJOR_COMMIT,1.0,-0.12198779901430296,0.0,6.0,0.5040584771977863 < MAJOR_COMMIT <= 1.4987795686966945,0.11903525825828058
OWN_COMMIT,1.0,0.08967086373237211,0.0,1.0,OWN_COMMIT > 0.9553309311856306,0.08750050832029918
CountDeclMethodDefault,10.0,0.08463882718969898,0.0,29.0,9.502326146157747 < CountDeclMethodDefault <= 20.496704139555472,0.08259026504792101
CountDeclMethodPublic,0.0,-0.0743027140368997,0.0,130.0,CountDeclMethodPublic <= 0.48577360622187893,0.07250432277769435
MINOR_COMMIT,0.0,-0.0730963502699675,0.0,2.0,MINOR_COMMIT <= 0.500035945883076,0.0713271573258169
