feature,value,importance,min,max,rule,importance_ratio
CountDeclMethodPublic,30.0,0.11810757278517346,0.0,130.0,19.46203008474309 < CountDeclMethodPublic <= 97.97323714609264,0.1815240246282084
CountLineComment,66.0,0.09014072386683335,16.0,692.0,44.36451351633542 < CountLineComment <= 166.4525477710837,0.13854070990832917
MAJOR_COMMIT,2.0,0.05562320607692156,0.0,6.0,1.4987795686966945 < MAJOR_COMMIT <= 2.5049342359599582,0.08548942283465953
CountDeclClassVariable,1.0,0.053434734609315665,0.0,19.0,0.5039837002958555 < CountDeclClassVariable <= 6.5024335433933,0.08212587772729879
CountDeclInstanceVariable,10.0,0.04580608773829134,0.0,53.0,6.487868333754431 < CountDeclInstanceVariable <= 17.496765207137997,0.07040111995063603
