feature,value,importance,min,max,rule,importance_ratio
MAJOR_COMMIT,3.0,0.17629509659492426,0.0,6.0,2.5049342359599582 < MAJOR_COMMIT <= 3.499655327458867,0.1958312311804078
CountClassCoupled,20.0,0.1173694372178506,0.0,64.0,CountClassCoupled > 17.999561761991284,0.1303757270466535
CountLineComment,180.0,0.09973647257794035,16.0,692.0,166.4525477710837 < CountLineComment <= 233.07074018180373,0.11078876608466816
CountDeclMethodProtected,11.0,0.08196354512486208,0.0,26.0,8.508599080849722 < CountDeclMethodProtected <= 11.500159966034467,0.09104633233556865
CountDeclClassVariable,0.0,-0.05334665320306831,0.0,19.0,CountDeclClassVariable <= 0.5039837002958555,0.059258260597656875
