feature,value,importance,min,max,rule,importance_ratio
MAJOR_COMMIT,3.0,0.18020734011717637,0.0,6.0,2.5049342359599582 < MAJOR_COMMIT <= 3.499655327458867,0.23012209404779088
CountClassCoupled,15.0,0.1246341765266209,0.0,64.0,10.492249034455536 < CountClassCoupled <= 17.999561761991284,0.15915599039183811
CountDeclMethodPublic,25.0,0.12211485681517757,0.0,130.0,19.46203008474309 < CountDeclMethodPublic <= 97.97323714609264,0.15593885657699882
CountDeclClassVariable,1.0,0.05227615642147149,0.0,19.0,0.5039837002958555 < CountDeclClassVariable <= 6.5024335433933,0.06675587452018701
CountDeclClass,1.0,-0.04154943367772106,0.0,26.0,0.495988191844156 < CountDeclClass <= 1.5031601220480126,0.05305800905889754
