feature,value,importance,min,max,rule,importance_ratio
MAJOR_COMMIT,3.0,0.18055573402232009,0.0,6.0,2.5049342359599582 < MAJOR_COMMIT <= 3.499655327458867,0.23580262976662683
CountDeclMethodPublic,42.0,0.12180627829927854,0.0,130.0,19.46203008474309 < CountDeclMethodPublic <= 97.97323714609264,0.15907686842836505
CountLineComment,87.0,0.09638953523147278,16.0,692.0,44.36451351633542 < CountLineComment <= 166.4525477710837,0.12588304665391845
CountDeclClassVariable,0.0,-0.0533431984471746,0.0,19.0,CountDeclClassVariable <= 0.5039837002958555,0.06966528391976673
CountDeclInstanceVariable,11.0,0.04636866082822435,0.0,53.0,6.487868333754431 < CountDeclInstanceVariable <= 17.496765207137997,0.06055665981065131
