feature,value,importance,min,max,rule,importance_ratio
MAJOR_COMMIT,3.0,0.18019293775105055,0.0,6.0,2.5049342359599582 < MAJOR_COMMIT <= 3.499655327458867,0.15861948723753735
MAJOR_LINE,5.0,-0.15922040847997138,0.0,5.0,MAJOR_LINE > 4.503660837248878,0.1401578766962362
CountLineComment,308.0,0.1408882972582528,16.0,692.0,CountLineComment > 233.07074018180373,0.12402056233607031
CountClassCoupled,22.0,0.12931805192389426,0.0,64.0,CountClassCoupled > 17.999561761991284,0.11383555505968074
CountDeclMethodPublic,90.0,0.12113857061545566,0.0,130.0,19.46203008474309 < CountDeclMethodPublic <= 97.97323714609264,0.10663535538922508
