feature,value,importance,min,max,rule,importance_ratio
CountClassCoupled,11.0,0.12795883690711257,0.0,64.0,10.492249034455536 < CountClassCoupled <= 17.999561761991284,0.15823313211053686
CountLineComment,103.0,0.08867189138578341,16.0,692.0,44.36451351633542 < CountLineComment <= 166.4525477710837,0.10965113034219788
MAJOR_COMMIT,2.0,0.056400301420724296,0.0,6.0,1.4987795686966945 < MAJOR_COMMIT <= 2.5049342359599582,0.06974427528016634
CountDeclClassVariable,1.0,0.05481829262008639,0.0,19.0,0.5039837002958555 < CountDeclClassVariable <= 6.5024335433933,0.06778797266284038
AvgCyclomaticModified,6.0,0.04874915133584401,0.0,12.0,4.502650328339778 < AvgCyclomaticModified <= 8.49913168083954,0.060282908863892565
