feature,value,importance,min,max,rule,importance_ratio
MAJOR_COMMIT,3.0,0.1783751936183304,0.0,6.0,2.5049342359599582 < MAJOR_COMMIT <= 3.499655327458867,0.15247796654807755
MAJOR_LINE,8.0,-0.16076814805048079,0.0,5.0,MAJOR_LINE > 4.503660837248878,0.13742718257612305
CountLineComment,264.0,0.1288361358335819,16.0,692.0,CountLineComment > 233.07074018180373,0.11013118815080421
CountDeclMethodPublic,27.0,0.12238803212162921,0.0,130.0,19.46203008474309 < CountDeclMethodPublic <= 97.97323714609264,0.10461924603516791
CountClassCoupled,31.0,0.1188381978857304,0.0,64.0,CountClassCoupled > 17.999561761991284,0.10158479099188
