feature,value,importance,min,max,rule,importance_ratio
CountClassCoupled,13.0,0.13070444996468553,0.0,64.0,10.492249034455536 < CountClassCoupled <= 17.999561761991284,0.2049518207778959
MAJOR_COMMIT,2.0,0.056289252614597406,0.0,6.0,1.4987795686966945 < MAJOR_COMMIT <= 2.5049342359599582,0.08826466747463989
CountDeclClassVariable,0.0,-0.053016928110688304,0.0,19.0,CountDeclClassVariable <= 0.5039837002958555,0.0831334813104848
AvgEssential,2.0,0.05019764431417612,0.0,8.0,1.4993301057392507 < AvgEssential <= 5.001687658712416,0.07871268808163216
CountDeclClass,1.0,-0.04090758185583881,0.0,26.0,0.495988191844156 < CountDeclClass <= 1.5031601220480126,0.06414535532065083
