feature,value,importance,min,max,rule,importance_ratio
CountClassCoupled,22.0,0.1331965088103387,0.0,64.0,CountClassCoupled > 17.999561761991284,0.14957786846653362
CountDeclMethodProtected,9.0,0.1058967567679239,0.0,26.0,8.508599080849722 < CountDeclMethodProtected <= 11.500159966034467,0.11892061808781837
CountLineComment,136.0,0.09249655142725466,16.0,692.0,44.36451351633542 < CountLineComment <= 166.4525477710837,0.10387236967820551
MAJOR_LINE,7.0,-0.05851058509113627,0.0,5.0,MAJOR_LINE > 4.503660837248878,0.0657065915528154
CountDeclClassVariable,1.0,0.055472158996316225,0.0,19.0,0.5039837002958555 < CountDeclClassVariable <= 6.5024335433933,0.062294480358494074
