feature,value,importance,min,max,rule,importance_ratio
CountDeclMethodPrivate,17.0,0.1620787241786209,0.0,20.0,CountDeclMethodPrivate > 13.996467635704034,0.20391632408172763
CountDeclClass,26.0,0.15701214574767203,0.0,72.0,24.493896851801576 < CountDeclClass <= 48.99192343790515,0.197541902919748
CountLineComment,418.0,0.1320069865480469,16.0,1595.0,CountLineComment > 405.65000731703594,0.16608212821516322
CountDeclMethodPublic,151.0,0.12088877161520364,0.0,217.0,CountDeclMethodPublic > 71.96731990555539,0.15209395345042737
CountClassDerived,19.0,0.07777522141809305,0.0,3136.0,CountClassDerived > 16.343921365083926,0.0978514443310997
