feature,value,importance,min,max,rule,importance_ratio
MINOR_COMMIT,0.0,-0.4378383765154672,0.0,3.0,MINOR_COMMIT <= 0.4992984298946273,0.52432902139135
CountDeclClassMethod,38.0,0.0765771000961038,0.0,105.0,9.466865411321908 < CountDeclClassMethod <= 40.52628629525767,0.0917041495401195
MAJOR_LINE,5.0,0.04427804159752865,0.0,8.0,4.497183416140949 < MAJOR_LINE <= 5.493757155228619,0.05302473119127678
Added_lines,530.0,0.0432466743896963,0.0,5928.0,493.71287220149475 < Added_lines <= 556.1562005161363,0.05178962758276803
MaxNesting_Min,0.0,-0.03859084010636093,0.0,3.0,MaxNesting_Min <= 0.49954299085593656,0.04621407924237422
