feature,value,importance,min,max,rule,importance_ratio
MINOR_COMMIT,0.0,-0.44088203829022155,0.0,3.0,MINOR_COMMIT <= 0.4992984298946273,0.301462856241338
CountDeclClass,20.0,0.3454367664745034,0.0,136.0,CountDeclClass > 12.470673854194736,0.23620003816899776
CountDeclMethodPrivate,33.0,0.2049497458076963,0.0,92.0,CountDeclMethodPrivate > 19.469683174640085,0.14013892694910146
CountLineComment,721.0,0.155551125654238,0.0,745.0,CountLineComment > 129.9397162581838,0.10636152657326776
CountDeclClassMethod,38.0,0.06790069007663976,0.0,105.0,9.466865411321908 < CountDeclClassMethod <= 40.52628629525767,0.046428600381735484
