feature,value,importance,min,max,rule,importance_ratio
MAJOR_LINE,21.0,0.11865458963319944,0.0,14.0,MAJOR_LINE > 12.505866390406352,0.25610053385165005
CountDeclMethodDefault,53.0,0.057863353321618995,0.0,55.0,CountDeclMethodDefault > 35.48677509570336,0.12489053918540524
CountDeclClassMethod,14.0,0.037190285587556694,0.0,387.0,4.501907984742028 < CountDeclClassMethod <= 25.50551827533331,0.0802704052368461
CountDeclInstanceVariable,206.0,0.03562537947585465,0.0,187.0,CountDeclInstanceVariable > 48.49999243183292,0.07689275847346741
CountLineComment,747.0,0.02850787098728038,0.0,1095.0,CountLineComment > 164.39128230701323,0.06153054004388628
