feature,value,importance,min,max,rule,importance_ratio
CountDeclClassMethod,20.0,0.03872539762920964,0.0,387.0,4.501907984742028 < CountDeclClassMethod <= 25.50551827533331,0.17992789775127985
MAJOR_LINE,8.0,0.025538242443684404,0.0,14.0,5.504393127137301 < MAJOR_LINE <= 12.505866390406352,0.11865707149482468
OWN_COMMIT,1.0,0.019835800669767478,0.0,1.0,OWN_COMMIT > 0.9693915588044304,0.09216209860251169
MINOR_LINE,4.0,0.0143875908537472,1.0,7.0,3.5032773484200748 < MINOR_LINE <= 4.50194506564297,0.0668483510694196
CountClassBase,2.0,0.009929573318250333,0.0,8.0,1.5033036745003447 < CountClassBase <= 2.5000211681828337,0.04613528490595504
