feature,value,importance,min,max,rule,importance_ratio
MINOR_LINE,7.0,0.0736267760747279,1.0,7.0,MINOR_LINE > 6.499280500088762,0.2704871224826165
CountDeclClassMethod,19.0,0.03830172013908372,0.0,387.0,4.501907984742028 < CountDeclClassMethod <= 25.50551827533331,0.14071133653930706
MAJOR_LINE,10.0,0.025006294881445602,0.0,14.0,5.504393127137301 < MAJOR_LINE <= 12.505866390406352,0.09186713186475753
OWN_COMMIT,0.66403162055336,0.01778379983847148,0.0,1.0,0.1235272457668039 < OWN_COMMIT <= 0.9231694651958171,0.06533341674817789
CountLineComment,103.0,0.010124572647857091,0.0,1095.0,92.61714593460027 < CountLineComment <= 153.2833802493779,0.037195252432424136
