feature,value,importance,min,max,rule,importance_ratio
CountClassCoupled,45.0,0.12488794271577787,0.0,57.0,CountClassCoupled > 27.481650794907907,0.14257305584021698
CountDeclMethodProtected,30.0,0.11450562190294064,0.0,41.0,5.5082303623629985 < CountDeclMethodProtected <= 35.992793397579746,0.13072051689361552
CountDeclMethodPrivate,11.0,0.10522167900416272,0.0,35.0,9.50662890126653 < CountDeclMethodPrivate <= 27.50246072787311,0.12012189479654717
Del_lines,126.0,0.09780710255465036,0.0,1022.0,37.528194029304075 < Del_lines <= 438.7388325804579,0.11165735611346796
CountLineComment,752.0,0.06585018668099914,16.0,1660.0,CountLineComment > 316.7171922402032,0.07517509007354879
