feature,value,importance,min,max,rule,importance_ratio
CountDeclMethodPrivate,7.0,0.13510849208251127,0.0,35.0,5.504332701312125 < CountDeclMethodPrivate <= 9.50662890126653,0.18829339138482476
CountClassCoupled,21.0,0.09397736231412446,0.0,57.0,9.520684688706993 < CountClassCoupled <= 27.481650794907907,0.13097116243974005
CountDeclInstanceVariable,9.0,0.06892259074879226,0.0,53.0,6.48602344716628 < CountDeclInstanceVariable <= 20.497957387751576,0.09605368363665055
CountDeclMethodProtected,0.0,-0.0554778261734724,0.0,41.0,CountDeclMethodProtected <= 0.49643945612072815,0.07731644307362587
RatioCommentToCode,0.72,0.053124799801722494,0.17,15.6,0.23092925542923726 < RatioCommentToCode <= 0.8494220958511125,0.07403715759922251
