Antecedent,Antecedent Coverage %,Confidence,Lift
0.968 < CountDeclClass <= 1.128,0.77997,0.90536,1.02924
0.9978 < OWN_COMMIT <= 1.0122,0.61495,0.98853,1.12379
-0.18 < CountDeclClassVariable <= 0.18,0.48096,0.91691,1.04237
0.884 < AvgCyclomaticModified <= 1.076,0.42783,0.92198,1.04813
0.876 < CountClassBase <= 1.052,0.33803,0.94159,1.07042
-0.04 < CountDeclInstanceVariable <= 0.82,0.27504,0.95385,1.08436
PercentLackOfCohesion <= 2,0.2473,0.94677,1.07631
1.39 < ADEV <= 2.16,0.22238,0.9852,1.12
0.7 < CountClassCoupled <= 2.38,0.2111,0.951,1.08112
