feature,value,importance,min,max,rule,importance_ratio
CountDeclClassMethod,1.0,0.08121770391788424,0.0,385.0,0.4456046670091428 < CountDeclClassMethod <= 2.4917485808020516,0.11909658228292297
CountPath_Min,1.0,-0.06516075699176684,0.0,24.0,0.4943844163258917 < CountPath_Min <= 1.4942015719991857,0.09555088462650631
CountClassCoupled,14.0,0.05509740787553329,0.0,207.0,13.476963556534606 < CountClassCoupled <= 17.521480766172985,0.08079412066682763
AvgEssential,2.0,0.05068733668133113,0.0,21.0,1.4947174453334477 < AvgEssential <= 2.5036904402006677,0.07432724975670096
CountDeclMethodPrivate,2.0,0.04357927867754923,0.0,257.0,1.5226356484324164 < CountDeclMethodPrivate <= 2.457998312089133,0.0639040861595731
