feature,value,importance,min,max,rule,importance_ratio
RatioCommentToCode,0.07,0.21897566974942198,0.0,43.0,RatioCommentToCode <= 0.11008147307571425,0.2537066088148886
CountClassCoupled,74.0,0.12782832876840194,0.0,207.0,CountClassCoupled > 59.045190785127026,0.14810271771022418
CountDeclMethodPrivate,79.0,0.07818311683344914,0.0,257.0,CountDeclMethodPrivate > 29.498482588710576,0.09058345824945226
CountDeclInstanceVariable,20.0,0.06979117179892476,0.0,1245.0,18.437444443726704 < CountDeclInstanceVariable <= 24.367084265989167,0.08086049716201052
CountLineComment,296.0,0.06392945317887133,0.0,3673.0,CountLineComment > 115.54619362143157,0.07406907255021403
