feature,value,importance,min,max,rule,importance_ratio
CountClassCoupled,19.0,0.10903281359958533,0.0,207.0,17.521480766172985 < CountClassCoupled <= 59.045190785127026,0.17754919066247257
RatioCommentToCode,0.2,0.07630225610436613,0.0,43.0,0.1741563206766571 < RatioCommentToCode <= 0.23823116827760005,0.12425070370835993
MAJOR_LINE,3.0,0.06599092821239742,0.0,13.0,2.4998111840441277 < MAJOR_LINE <= 6.502231749332315,0.10745972252174414
CountDeclMethodPrivate,7.0,0.061056248405679886,0.0,257.0,2.457998312089133 < CountDeclMethodPrivate <= 29.498482588710576,0.09942408281901453
CountLineComment,93.0,0.04563241204212785,0.0,3673.0,86.3668363350647 < CountLineComment <= 112.89352477721641,0.07430788547574525
