feature,value,importance,min,max,rule,importance_ratio
MINOR_LINE,6.0,0.08348934229596199,1.0,7.0,5.505201931004661 < MINOR_LINE <= 6.50351120482496,0.1574746633867877
CountClassCoupled,16.0,0.07184713418401949,0.0,207.0,13.476963556534606 < CountClassCoupled <= 17.521480766172985,0.1355155395861952
MAJOR_LINE,6.0,0.06199079888459086,0.0,13.0,2.4998111840441277 < MAJOR_LINE <= 6.502231749332315,0.1169248663239397
CountDeclMethodPrivate,3.0,0.055280589781531025,0.0,257.0,2.457998312089133 < CountDeclMethodPrivate <= 29.498482588710576,0.10426830572949347
OWN_COMMIT,0.5,0.03348331435013928,0.0,1.0,0.47314245730383975 < OWN_COMMIT <= 0.8757602249511109,0.0631550508287715
