feature,value,importance,min,max,rule,importance_ratio
RatioCommentToCode,0.16,0.17885780521892455,0.0,43.0,0.11008147307571425 < RatioCommentToCode <= 0.1741563206766571,0.20198552603027634
CountClassCoupled,97.0,0.10873604762902969,0.0,207.0,CountClassCoupled > 59.045190785127026,0.12279647372346753
CountDeclMethodPrivate,76.0,0.1087252160744404,0.0,257.0,CountDeclMethodPrivate > 29.498482588710576,0.12278424156368693
MAJOR_LINE,10.0,0.0822031073568287,0.0,13.0,MAJOR_LINE > 8.50344203197641,0.09283261561031113
CountLineComment,373.0,0.0653142993977901,0.0,3673.0,CountLineComment > 115.54619362143157,0.07375995196303414
