feature,value,importance,min,max,rule,importance_ratio
CountDeclInstanceVariable,25.0,0.10848409578460752,0.0,1245.0,CountDeclInstanceVariable > 24.367084265989167,0.21266108164824407
MaxNesting_Mean,0.210526315789474,0.04496746013441089,0.0,4.0,0.15474202212583088 < MaxNesting_Mean <= 0.2665685035075585,0.08814959134788637
MAJOR_LINE,2.0,0.04054050156783195,0.0,13.0,1.499206042722081 < MAJOR_LINE <= 2.4998111840441277,0.07947143635777751
CountClassDerived,0.0,-0.036507977669689,0.0,104.0,CountClassDerived <= 0.48970284190903096,0.07156649058900659
CountClassCoupled,14.0,0.03519693586173512,0.0,207.0,13.476963556534606 < CountClassCoupled <= 17.521480766172985,0.06899645885348743
