feature,value,importance,min,max,rule,importance_ratio
RatioCommentToCode,0.04,0.20282485316034457,0.0,43.0,RatioCommentToCode <= 0.11008147307571425,0.3604538528850662
CountClassCoupled,1.0,-0.03687941056796016,0.0,207.0,0.5345084856917879 < CountClassCoupled <= 1.4782291679407438,0.065540910910175
MaxNesting_Mean,0.135416666666667,0.03673773004029041,0.0,4.0,0.12492162709070342 < MaxNesting_Mean <= 0.15474202212583088,0.06528912080022739
OWN_COMMIT,1.0,0.03336014044401152,0.0,1.0,OWN_COMMIT > 0.8757602249511109,0.059286576415389265
CountClassDerived,2.0,0.03191431764672695,0.0,104.0,1.4996086330640555 < CountClassDerived <= 2.50951442421908,0.056717106304848684
