feature,value,importance,min,max,rule,importance_ratio
OWN_COMMIT,0.5,0.21636596991499296,0.0,1.0,0.36450244784925023 < OWN_COMMIT <= 0.9806106315167405,0.28890964746058695
CountClassCoupled,34.0,0.06604289277349976,0.0,42.0,CountClassCoupled > 22.47692780684256,0.0881859050014454
MaxInheritanceTree,2.0,-0.05694447807141952,0.0,5.0,1.4975445324042342 < MaxInheritanceTree <= 2.4990705242078834,0.07603695299637284
CountDeclMethodProtected,7.0,0.05572434502897584,0.0,25.0,5.504382143402076 < CountDeclMethodProtected <= 7.000868648679156,0.07440773095518996
CountDeclMethodPublic,36.0,0.04427757639901864,0.0,82.0,26.502145012810463 < CountDeclMethodPublic <= 52.98285999938886,0.05912306354310503
