feature,value,importance,min,max,rule,importance_ratio
OWN_COMMIT,0.75,0.2179740908347323,0.0,1.0,0.36450244784925023 < OWN_COMMIT <= 0.9806106315167405,0.27688767827773336
CountClassCoupled,18.0,0.07487950754431623,0.0,42.0,12.518831333769295 < CountClassCoupled <= 20.47194193978083,0.09511778631638215
CountDeclClass,4.0,0.055234911168231225,1.0,16.0,3.504805409412024 < CountDeclClass <= 15.494149072353103,0.0701636889718429
RatioCommentToCode,0.26,0.0394370210733034,0.0,12.57,RatioCommentToCode <= 0.31833570473338724,0.050095977743778136
AvgLineBlank,1.0,0.0383930221560991,0.0,21.0,0.49558335018002864 < AvgLineBlank <= 1.5072801485159428,0.04876980895370693
