feature,value,importance,min,max,rule,importance_ratio
OWN_COMMIT,0.714285714285714,0.20517868341302442,0.0,1.0,0.36450244784925023 < OWN_COMMIT <= 0.9806106315167405,0.24738912360358836
CountClassCoupled,23.0,0.07861272056068583,0.0,42.0,CountClassCoupled > 22.47692780684256,0.09478534377985649
CountDeclClass,8.0,0.06795249141599079,1.0,16.0,3.504805409412024 < CountDeclClass <= 15.494149072353103,0.0819320361084606
AvgLineBlank,3.0,0.06265696285781082,0.0,21.0,1.5072801485159428 < AvgLineBlank <= 17.999846823274996,0.07554708350405785
MaxInheritanceTree,2.0,-0.06080357800280249,0.0,5.0,1.4975445324042342 < MaxInheritanceTree <= 2.4990705242078834,0.07331241054800959
