feature,value,importance,min,max,rule,importance_ratio
OWN_COMMIT,0.8,0.1991483344998282,0.0,1.0,0.36450244784925023 < OWN_COMMIT <= 0.9806106315167405,0.21101899768285567
CountDeclMethodPublic,26.0,0.11521782954284715,0.0,82.0,25.473767731778292 < CountDeclMethodPublic <= 26.502145012810463,0.1220856351442231
AvgLineBlank,0.0,-0.06961067670978036,0.0,21.0,AvgLineBlank <= 0.49558335018002864,0.07375997024637848
CountClassCoupled,17.0,0.06279936306911352,0.0,42.0,12.518831333769295 < CountClassCoupled <= 20.47194193978083,0.06654265366189899
PercentLackOfCohesion,79.0,0.04975257131642659,0.0,100.0,PercentLackOfCohesion > 78.57534759200837,0.05271817993208571
