feature,value,importance,min,max,rule,importance_ratio
OWN_COMMIT,0.6,0.20653950774161314,0.0,1.0,0.36450244784925023 < OWN_COMMIT <= 0.9806106315167405,0.21905278749523674
CountDeclMethodPublic,52.0,0.08113329983540103,0.0,82.0,26.502145012810463 < CountDeclMethodPublic <= 52.98285999938886,0.0860487936761489
CountClassCoupled,15.0,0.07090143971871682,0.0,42.0,12.518831333769295 < CountClassCoupled <= 20.47194193978083,0.07519703216897533
AvgLineBlank,0.0,-0.05988674221058079,0.0,21.0,AvgLineBlank <= 0.49558335018002864,0.0635150047498313
MaxInheritanceTree,2.0,-0.05766678919137572,0.0,5.0,1.4975445324042342 < MaxInheritanceTree <= 2.4990705242078834,0.061160554977569344
