feature,value,importance,min,max,rule,importance_ratio
OWN_COMMIT,0.5,0.20380065151374313,0.0,1.0,0.36450244784925023 < OWN_COMMIT <= 0.9806106315167405,0.26011525223968907
CountClassCoupled,24.0,0.10159514322836519,0.0,42.0,CountClassCoupled > 22.47692780684256,0.12966811494904126
AvgLineBlank,2.0,0.06698026442015531,0.0,21.0,1.5072801485159428 < AvgLineBlank <= 17.999846823274996,0.08548838409162245
CountClassDerived,0.0,-0.05230890842109381,0.0,118.0,CountClassDerived <= 8.500764909068277,0.06676300986907334
MaxInheritanceTree,4.0,0.03585938349738425,0.0,5.0,MaxInheritanceTree > 3.5005965160115324,0.04576811955359648
