feature,value,importance,min,max,rule,importance_ratio
OWN_COMMIT,1.0,0.21710491339972499,0.0,1.0,OWN_COMMIT > 0.9806106315167405,0.22627579696770725
CountInput_Mean,0.0,0.0851553666661017,0.0,40.1666666666667,CountInput_Mean <= 0.09701334611691781,0.08875247527435232
CountDeclMethodPrivate,0.0,-0.06458860505697685,0.0,46.0,CountDeclMethodPrivate <= 0.4908845382133723,0.06731693841212916
AvgLineBlank,0.0,-0.0576708108828219,0.0,21.0,AvgLineBlank <= 0.49558335018002864,0.06010692475788519
CountClassCoupled,2.0,-0.050328717661685264,0.0,42.0,0.4889161313989083 < CountClassCoupled <= 8.508859599645833,0.052454688937845946
