feature,value,importance,left,right,rec,rule,min,max
MAJOR_LINE,2.0,0.014398995119568691,0.0,1.4998411503854348,-1,1.4998411503854348 < MAJOR_LINE <= 2.494954149576622,0.0,11.0
CountClassCoupled,9.0,0.010862146332342724,0.0,8.493109105017123,-1,8.493109105017123 < CountClassCoupled <= 13.519892531020918,0.0,108.0
CountDeclMethodPublic,28.000000000000004,0.005573460734767256,0.0,11.48631564410915,-1,11.48631564410915 < CountDeclMethodPublic <= 43.48930102784986,0.0,217.0
MINOR_LINE,1.0,-0.003747790884199783,1.5027227429627759,7.0,1,MINOR_LINE <= 1.5027227429627759,1.0,7.0
OWN_COMMIT,0.666666666666667,0.00314973872863444,0.0,0.2239089921712486,-1,0.2239089921712486 < OWN_COMMIT <= 0.8656770168722359,0.0,1.0
