feature,value,importance,left,right,rec,rule,min,max
CountClassCoupled,11.0,0.009367180671642786,0.0,8.493109105017123,-1,8.493109105017123 < CountClassCoupled <= 13.519892531020918,0.0,108.0
MAJOR_LINE,3.0,0.009077283358433198,0.0,2.494954149576622,-1,2.494954149576622 < MAJOR_LINE <= 4.495439044857874,0.0,11.0
OWN_COMMIT,0.571428571428571,0.005835427537488535,0.0,0.2239089921712486,-1,0.2239089921712486 < OWN_COMMIT <= 0.8656770168722359,0.0,1.0
CountDeclMethodPublic,11.0,0.003953283322958011,0.0,7.497537755700887,-1,7.497537755700887 < CountDeclMethodPublic <= 11.48631564410915,0.0,217.0
