feature,value,importance,left,right,rec,rule,min,max
CountDeclMethodPublic,151.0,0.036109009996335435,0.0,71.96731990555539,-1,CountDeclMethodPublic > 71.96731990555539,0.0,217.0
OWN_COMMIT,1.0,0.008504096311507958,0.0,0.9369845751723456,-1,OWN_COMMIT > 0.9369845751723456,0.0,1.0
MINOR_LINE,1.0,-0.0020999418915462545,1.5027227429627759,7.0,1,MINOR_LINE <= 1.5027227429627759,1.0,7.0
CountClassCoupled,14.0,0.0016576299490266041,0.0,13.519892531020918,-1,13.519892531020918 < CountClassCoupled <= 18.505132292347,0.0,108.0
MAJOR_LINE,1.0,-0.001548562208019,1.4998411503854348,11.0,1,0.5047281511942475 < MAJOR_LINE <= 1.4998411503854348,0.0,11.0
