feature,value,importance,left,right,rec,rule,min,max
CountDeclMethodPublic,46.0,0.047468225691125014,0.0,43.48930102784986,-1,43.48930102784986 < CountDeclMethodPublic <= 71.96731990555539,0.0,217.0
CountClassCoupled,14.0,0.025490094319060835,0.0,13.519892531020918,-1,13.519892531020918 < CountClassCoupled <= 18.505132292347,0.0,108.0
MAJOR_LINE,3.0,0.007254936050999848,0.0,2.494954149576622,-1,2.494954149576622 < MAJOR_LINE <= 4.495439044857874,0.0,11.0
OWN_COMMIT,0.5,0.006959575854885901,0.0,0.2239089921712486,-1,0.2239089921712486 < OWN_COMMIT <= 0.8656770168722359,0.0,1.0
