feature,value,importance,min,max,rule,importance_ratio
CountClassCoupled,46.0,0.2743052837835927,0.0,230.0,CountClassCoupled > 42.555205635341274,0.2884812788344004
MINOR_COMMIT,3.0,0.20571835813757877,0.0,11.0,MINOR_COMMIT > 1.0001719310427806,0.2163498063787265
MAJOR_COMMIT,4.0,0.08032904422586727,0.0,10.0,2.504428889822858 < MAJOR_COMMIT <= 4.498890104152141,0.08448041935679765
MaxNesting_Min,0.0,-0.051021295549405356,0.0,6.0,MaxNesting_Min <= 0.5019345345682905,0.05365805712839405
MaxInheritanceTree,3.0,0.04731910052821264,0.0,5.0,2.499812653954346 < MaxInheritanceTree <= 3.49688863185777,0.049764534045365835
