feature,value,importance,min,max,rule,importance_ratio
MAJOR_COMMIT,6.0,0.3267426453635001,0.0,10.0,5.496120711316784 < MAJOR_COMMIT <= 7.505691480300078,0.26477952894279144
CountClassCoupled,49.0,0.16849050490897954,0.0,230.0,CountClassCoupled > 42.555205635341274,0.13653815060320962
MAJOR_LINE,8.0,0.1544848654147614,0.0,21.0,7.493770580251528 < MAJOR_LINE <= 11.993562776583781,0.12518852520094217
MINOR_COMMIT,0.0,-0.10583334118436431,0.0,11.0,MINOR_COMMIT <= 1.0001719310427806,0.08576322259392485
OWN_COMMIT,0.333333333333333,-0.056183005961343305,0.0,1.0,0.30578000733389993 < OWN_COMMIT <= 0.48027660302735486,0.045528522413977826
