feature,value,importance,min,max,rule,importance_ratio
MINOR_COMMIT,0.0,-0.2395191003654382,0.0,11.0,MINOR_COMMIT <= 1.0001719310427806,0.27743063630910864
MaxInheritanceTree,4.0,0.147961212259065,0.0,5.0,3.49688863185777 < MaxInheritanceTree <= 4.5027108902691175,0.17138079261098763
MAJOR_COMMIT,3.0,0.10177165875094685,0.0,10.0,2.504428889822858 < MAJOR_COMMIT <= 4.498890104152141,0.11788026926633699
MAJOR_LINE,6.0,0.07844217176666668,0.0,21.0,5.505998299347475 < MAJOR_LINE <= 7.493770580251528,0.09085814698490308
CountClassDerived,0.0,-0.04260082353827132,0.0,48.0,CountClassDerived <= 5.5085274972528095,0.04934376241177664
