feature,value,importance,min,max,rule,importance_ratio
MINOR_COMMIT,0.0,-0.2574669706645364,0.0,11.0,MINOR_COMMIT <= 1.0001719310427806,0.2977064946788736
MAJOR_COMMIT,5.0,0.21920570245657955,0.0,10.0,4.498890104152141 < MAJOR_COMMIT <= 5.496120711316784,0.2534653712028828
CountClassCoupled,19.0,0.06495281557375815,0.0,230.0,16.502179241780798 < CountClassCoupled <= 23.495360010578608,0.07510429393749946
CountClassBase,1.0,-0.04357246600563218,0.0,7.0,0.4965281148435172 < CountClassBase <= 1.500795769117428,0.050382408607869945
AvgEssential,1.0,-0.04051390292090922,0.0,8.0,0.4985570658492656 < AvgEssential <= 1.5007214670753672,0.046845822565952086
