feature,value,importance,min,max,rule,importance_ratio
MAJOR_COMMIT,5.0,0.21959968163757662,0.0,10.0,4.498890104152141 < MAJOR_COMMIT <= 5.496120711316784,0.2787793992056102
MINOR_COMMIT,0.0,-0.20012760667754687,0.0,11.0,MINOR_COMMIT <= 1.0001719310427806,0.25405981255519483
CountClassBase,3.0,0.05882146289587268,0.0,7.0,2.4973382875892316 < CountClassBase <= 3.5016059418631427,0.07467320518965867
AvgEssential,1.0,-0.05188110100213018,0.0,8.0,0.4985570658492656 < AvgEssential <= 1.5007214670753672,0.06586249151020875
CountClassDerived,0.0,-0.03708982503834439,0.0,48.0,CountClassDerived <= 5.5085274972528095,0.047085128100939594
