feature,value,importance,min,max,rule,importance_ratio
MAJOR_COMMIT,3.0,0.17648567770532764,0.0,10.0,2.504428889822858 < MAJOR_COMMIT <= 4.498890104152141,0.21952010421247498
CountClassBase,3.0,0.0898034077956173,0.0,7.0,2.4973382875892316 < CountClassBase <= 3.5016059418631427,0.11170115158491523
MINOR_COMMIT,0.0,-0.08484535406590789,0.0,11.0,MINOR_COMMIT <= 1.0001719310427806,0.10553412157098904
CountOutput_Mean,4.5,0.07635215674012413,0.0,28.0,4.345603105858821 < CountOutput_Mean <= 4.581772384689348,0.09496993536452453
CountOutput_Min,0.0,0.039638722676297554,0.0,28.0,CountOutput_Min <= 0.5123307396818852,0.049304264492662335
