feature,value,importance,min,max,rule,importance_ratio
MAJOR_COMMIT,6.0,0.3513921958636486,0.0,10.0,5.496120711316784 < MAJOR_COMMIT <= 7.505691480300078,0.3238251014628395
MAJOR_LINE,8.0,0.2497656857272416,0.0,21.0,7.493770580251528 < MAJOR_LINE <= 11.993562776583781,0.2301712999737304
CountClassDerived,2.0,-0.10705776093188336,0.0,48.0,CountClassDerived <= 5.5085274972528095,0.09865896483826248
MINOR_COMMIT,0.0,-0.09037514779278374,0.0,11.0,MINOR_COMMIT <= 1.0001719310427806,0.0832851205809743
AvgEssential,3.0,0.044886419373486516,0.0,8.0,1.5007214670753672 < AvgEssential <= 5.497231624692184,0.041365031662692404
