feature,value,importance,min,max,rule,importance_ratio
CountClassCoupled,123.0,0.37640330011590123,0.0,132.0,CountClassCoupled > 35.464692589333026,0.3693018085438572
Del_lines,283.0,0.11662997923542875,0.0,20224.0,6.117765502847519 < Del_lines <= 541.5758170227919,0.11442955534346756
CountDeclClassMethod,64.0,0.07133468389723664,0.0,247.0,CountDeclClassMethod > 47.46896135242978,0.06998883316655849
OWN_COMMIT,0.571428571428571,0.06414199282344078,0.0,1.0,0.48523577667359796 < OWN_COMMIT <= 0.9163585933794693,0.06293184450298367
AvgLineComment,7.0,0.040795097592173035,0.0,41.0,AvgLineComment > 5.504555268674634,0.04002542835271014
