feature,value,importance,min,max,rule,importance_ratio
Del_lines,158.0,0.1155504433663738,0.0,20224.0,6.117765502847519 < Del_lines <= 541.5758170227919,0.14416148378348817
OWN_COMMIT,0.75,0.10866214881049041,0.0,1.0,0.48523577667359796 < OWN_COMMIT <= 0.9163585933794693,0.13556760274778068
CountClassCoupled,17.0,0.09289333333103544,0.0,132.0,14.528794990404752 < CountClassCoupled <= 19.508692962965362,0.11589432611812299
CountDeclClassMethod,2.0,0.07477520044706619,0.0,247.0,1.5382515305679796 < CountDeclClassMethod <= 36.01015640726675,0.0932900258329411
CountDeclMethodDefault,0.0,-0.06901385665435252,0.0,82.0,CountDeclMethodDefault <= 0.5004260767643754,0.08610213589026959
