feature,value,importance,min,max,rule,importance_ratio
CountClassCoupled,213.0,0.2882325153637602,0.0,132.0,CountClassCoupled > 35.464692589333026,0.26560286045189463
Del_lines,669.0,0.16743347161917554,0.0,20224.0,541.5758170227919 < Del_lines <= 748.0174754401199,0.154287967619893
CountDeclMethodDefault,10.0,0.101831422791659,0.0,82.0,1.5073097577855388 < CountDeclMethodDefault <= 39.50392024684733,0.09383645402815473
OWN_COMMIT,0.269230769230769,0.08813159632422095,0.0,1.0,0.12394271196938178 < OWN_COMMIT <= 0.48523577667359796,0.081212225658729
CountDeclClassMethod,7.0,0.05571667578845761,0.0,247.0,1.5382515305679796 < CountDeclClassMethod <= 36.01015640726675,0.05134225902864877
