feature,value,importance,min,max,rule,importance_ratio
CountClassCoupled,29.0,0.21981907606496584,0.0,132.0,19.508692962965362 < CountClassCoupled <= 35.464692589333026,0.2666556689866231
Del_lines,134.0,0.11601998571949011,0.0,20224.0,6.117765502847519 < Del_lines <= 541.5758170227919,0.1407402281078908
OWN_COMMIT,0.25,0.08928529786627853,0.0,1.0,0.12394271196938178 < OWN_COMMIT <= 0.48523577667359796,0.10830921164533516
MAJOR_LINE,9.0,0.0691639352678482,0.0,11.0,MAJOR_LINE > 8.507443078039072,0.08390061389915442
CountDeclClassMethod,2.0,0.053000072898410466,0.0,247.0,1.5382515305679796 < CountDeclClassMethod <= 36.01015640726675,0.06429273631779166
