feature,value,importance,min,max,rule,importance_ratio
CountDeclMethodDefault,12.0,0.14385918411925439,0.0,82.0,1.5073097577855388 < CountDeclMethodDefault <= 39.50392024684733,0.13023201264430348
MINOR_LINE,4.0,0.10896703955131112,0.0,9.0,3.4946299554765177 < MINOR_LINE <= 4.494905869211774,0.09864505321325064
OWN_COMMIT,0.363636363636364,0.10589948291746486,0.0,1.0,0.12394271196938178 < OWN_COMMIT <= 0.48523577667359796,0.09586807323263975
Del_lines,164.0,0.09697545740282726,0.0,20224.0,6.117765502847519 < Del_lines <= 541.5758170227919,0.08778938287459524
MAJOR_LINE,7.0,0.08366411346967927,0.0,11.0,3.500975425350002 < MAJOR_LINE <= 8.507443078039072,0.0757389661978446
