feature,value,importance,min,max,rule,importance_ratio
CountClassCoupled,60.0,0.35042198554736564,0.0,132.0,CountClassCoupled > 35.464692589333026,0.32481582782771096
CountDeclMethodDefault,3.0,0.1357102597110292,0.0,82.0,1.5073097577855388 < CountDeclMethodDefault <= 39.50392024684733,0.1257935922139603
Del_lines,412.0,0.09754421495553418,0.0,20224.0,6.117765502847519 < Del_lines <= 541.5758170227919,0.09041643001107699
OWN_COMMIT,0.25,0.061054128163215836,0.0,1.0,0.12394271196938178 < OWN_COMMIT <= 0.48523577667359796,0.056592759585724
MaxNesting_Mean,0.761467889908257,-0.03705305592410511,0.0,6.4,0.10993049448752157 < MaxNesting_Mean <= 0.8019315709068798,0.03434550208011385
