feature,value,importance,min,max,rule,importance_ratio
CountClassCoupled,32.0,0.21047694284163593,0.0,132.0,19.508692962965362 < CountClassCoupled <= 35.464692589333026,0.2573677466395106
OWN_COMMIT,0.357142857142857,0.1013687847178375,0.0,1.0,0.12394271196938178 < OWN_COMMIT <= 0.48523577667359796,0.12395208401542138
Del_lines,426.0,0.09907120571054735,0.0,20224.0,6.117765502847519 < Del_lines <= 541.5758170227919,0.1211426421646937
CountDeclMethodDefault,0.0,-0.07288370304468787,0.0,82.0,CountDeclMethodDefault <= 0.5004260767643754,0.0891209942813932
CountDeclClassMethod,7.0,0.05607903642522298,0.0,247.0,1.5382515305679796 < CountDeclClassMethod <= 36.01015640726675,0.06857252411412161
