feature,value,importance,min,max,rule,importance_ratio
CountClassCoupled,27.0,0.17806447727588612,0.0,132.0,19.508692962965362 < CountClassCoupled <= 35.464692589333026,0.191255134852339
OWN_COMMIT,0.5,0.09112983225733247,0.0,1.0,0.48523577667359796 < OWN_COMMIT <= 0.9163585933794693,0.0978805465530515
CountDeclMethodDefault,4.0,0.07454245509188752,0.0,82.0,1.5073097577855388 < CountDeclMethodDefault <= 39.50392024684733,0.08006440992009155
MINOR_COMMIT,0.0,-0.07439156727880498,0.0,5.0,MINOR_COMMIT <= 0.5016356687429404,0.07990234464193972
CountDeclClassMethod,2.0,0.0565851582901897,0.0,247.0,1.5382515305679796 < CountDeclClassMethod <= 36.01015640726675,0.06077687276538422
