feature,value,importance,min,max,rule,importance_ratio
CountClassCoupled,26.0,0.2687873970103873,0.0,132.0,19.508692962965362 < CountClassCoupled <= 35.464692589333026,0.27866165500878787
CountDeclMethodDefault,2.0,0.1261627367280054,0.0,82.0,1.5073097577855388 < CountDeclMethodDefault <= 39.50392024684733,0.13079749053749473
Del_lines,14.0,0.09436152368417991,0.0,20224.0,6.117765502847519 < Del_lines <= 541.5758170227919,0.0978280181714336
OWN_COMMIT,0.5,0.09048576858455916,0.0,1.0,0.48523577667359796 < OWN_COMMIT <= 0.9163585933794693,0.0938098821186211
MINOR_COMMIT,0.0,0.06000949580122625,0.0,5.0,MINOR_COMMIT <= 0.5016356687429404,0.062214023433421535
