feature,value,importance,min,max,rule,importance_ratio
Del_lines,11.0,0.09293288075727882,0.0,2007.0,6.090561726614824 < Del_lines <= 241.53603756884223,0.14216622270338297
CountInput_Min,0.0,-0.06164782361761092,0.0,28.0,CountInput_Min <= 3.506553024183681,0.0943071833153488
AvgLineComment,1.0,0.05972895708384691,0.0,23.0,0.4941253302688704 < AvgLineComment <= 2.4958014084498585,0.09137175287615201
RatioCommentToCode,0.69,0.04944169970527205,0.17,15.6,RatioCommentToCode <= 0.7901132654084784,0.07563458308681514
CountDeclMethodDefault,0.0,-0.04653130427240428,0.0,27.0,CountDeclMethodDefault <= 0.499618289034011,0.07118233839266172
