feature,value,importance,left,right,rec,rule,min,max
CountDeclInstanceVariable,0.0,-0.023614346777708187,0.5126089951205914,68.0,1,CountDeclInstanceVariable <= 0.5126089951205914,0.0,68.0
CountDeclMethodPublic,1.0,-0.02205182318335057,1.460172708443988,143.0,1,0.47643797067592963 < CountDeclMethodPublic <= 1.460172708443988,0.0,143.0
CountClassCoupled,6.0,0.01398128454589964,0.0,5.493397659474962,-1,5.493397659474962 < CountClassCoupled <= 9.4837322829943,0.0,70.0
PercentLackOfCohesion,75.0,0.00525778818792611,0.0,66.63065265359873,-1,66.63065265359873 < PercentLackOfCohesion <= 89.61016607129046,0.0,100.0
