feature,value,importance,left,right,rec,rule,min,max
CountClassCoupled,27.0,0.08601144366299524,0.0,9.4837322829943,-1,9.4837322829943 < CountClassCoupled <= 27.470932970550695,0.0,70.0
CountDeclMethodPublic,20.0,0.08577465534448699,0.0,19.495309567525048,-1,19.495309567525048 < CountDeclMethodPublic <= 71.96116224848815,0.0,143.0
CountDeclInstanceVariable,12.0,0.06110335453984066,0.0,10.490012821429584,-1,10.490012821429584 < CountDeclInstanceVariable <= 21.475771289759166,0.0,68.0
PercentLackOfCohesion,83.0,0.005607919679079329,0.0,66.63065265359873,-1,66.63065265359873 < PercentLackOfCohesion <= 89.61016607129046,0.0,100.0
