feature,value,importance,left,right,rec,rule,min,max
CountDeclInstanceVariable,37.0,0.1573258647584299,0.0,21.475771289759166,-1,CountDeclInstanceVariable > 21.475771289759166,0.0,68.0
CountClassCoupled,42.0,0.09580513808088698,0.0,38.52109038952732,-1,38.52109038952732 < CountClassCoupled <= 52.51795645356438,0.0,70.0
CountDeclMethodPublic,39.0,0.08308024627500389,0.0,19.495309567525048,-1,19.495309567525048 < CountDeclMethodPublic <= 71.96116224848815,0.0,143.0
PercentLackOfCohesion,93.0,0.011627684436354818,0.0,89.61016607129046,-1,89.61016607129046 < PercentLackOfCohesion <= 99.18496332866201,0.0,100.0
