feature,value,importance,left,right,rec,rule,min,max
CountDeclMethodPublic,26.0,0.09456328513292438,0.0,19.495309567525048,-1,19.495309567525048 < CountDeclMethodPublic <= 71.96116224848815,0.0,143.0
CountClassCoupled,14.0,0.0859724297590331,0.0,9.4837322829943,-1,9.4837322829943 < CountClassCoupled <= 27.470932970550695,0.0,70.0
CountDeclInstanceVariable,8.0,0.03642657541382778,0.0,6.5096655502956775,-1,6.5096655502956775 < CountDeclInstanceVariable <= 10.490012821429584,0.0,68.0
PercentLackOfCohesion,82.0,0.00495408165197207,0.0,66.63065265359873,-1,66.63065265359873 < PercentLackOfCohesion <= 89.61016607129046,0.0,100.0
