feature,value,importance,left,right,rec,rule,min,max
CountDeclInstanceVariable,38.0,0.14191468318364614,0.0,21.475771289759166,-1,CountDeclInstanceVariable > 21.475771289759166,0.0,68.0
CountDeclMethodPublic,76.0,0.13851204228670852,0.0,71.96116224848815,-1,CountDeclMethodPublic > 71.96116224848815,0.0,143.0
CountClassCoupled,71.0,0.08299807004064177,0.0,52.51795645356438,-1,CountClassCoupled > 52.51795645356438,0.0,70.0
PercentLackOfCohesion,95.0,0.015763140186382175,0.0,89.61016607129046,-1,89.61016607129046 < PercentLackOfCohesion <= 99.18496332866201,0.0,100.0
