feature,value,importance,min,max,rule,importance_ratio
OWN_COMMIT,0.666666666666667,0.1281739087712045,0.0,1.0,0.5211086302390999 < OWN_COMMIT <= 0.9396160800866156,0.2680323212782869
CountClassCoupled,22.0,0.052020874932077715,0.0,242.0,18.441101210186808 < CountClassCoupled <= 44.53474392232296,0.10878404190560761
CountLineComment,58.0,0.03731504968690967,0.0,4565.0,40.8582338807355 < CountLineComment <= 118.84002223414448,0.0780317888568908
RatioCommentToCode,0.23,0.036423270385458686,0.0,43.0,0.03591251388253447 < RatioCommentToCode <= 0.3453902620365129,0.07616693446860413
PercentLackOfCohesion,82.0,0.028469791260294832,0.0,100.0,79.50772986105409 < PercentLackOfCohesion <= 93.32599303102478,0.059534926499171005
