feature,value,importance,min,max,rule,importance_ratio
CountLineComment,166.0,0.13823149345261684,0.0,4565.0,132.33687021838836 < CountLineComment <= 1780.4519740721664,0.2166164124138783
OWN_COMMIT,0.615384615384615,0.12791096540012808,0.0,1.0,0.5211086302390999 < OWN_COMMIT <= 0.9396160800866156,0.2004435728886132
CountDeclMethodPrivate,7.0,0.07947040802464336,0.0,301.0,5.497936289499292 < CountDeclMethodPrivate <= 12.504329449235424,0.12453453442045151
CountClassCoupled,29.0,0.05457837346039979,0.0,242.0,18.441101210186808 < CountClassCoupled <= 44.53474392232296,0.08552733649245557
AvgLineBlank,4.0,0.03447972406768902,0.0,35.0,3.50292340409879 < AvgLineBlank <= 4.506596250203285,0.05403163882565907
