feature,value,importance,min,max,rule,importance_ratio
CountDeclInstanceVariable,213.0,0.13343154698472956,0.0,1496.0,58.05597645544861 < CountDeclInstanceVariable <= 1265.8510859236721,0.2574680828214888
CountDeclMethodPrivate,7.0,0.07867605612128852,0.0,301.0,5.497936289499292 < CountDeclMethodPrivate <= 12.504329449235424,0.1518124745703672
OWN_COMMIT,0.454545454545455,0.05270156523323745,0.0,1.0,0.15491461162252382 < OWN_COMMIT <= 0.5211086302390999,0.10169237537091705
CountLineComment,83.0,0.03952916979050032,0.0,4565.0,40.8582338807355 < CountLineComment <= 118.84002223414448,0.07627506231828357
RatioCommentToCode,0.16,0.036227290613582125,0.0,43.0,0.03591251388253447 < RatioCommentToCode <= 0.3453902620365129,0.06990379165103562
