feature,value,importance,min,max,rule,importance_ratio
CountDeclMethodProtected,7.0,0.1839952381287596,0.0,40.0,6.509690068776928 < CountDeclMethodProtected <= 7.5042608019255965,0.325258258834951
CountDeclMethodPublic,23.0,0.08580047124522662,0.0,143.0,19.495309567525048 < CountDeclMethodPublic <= 71.96116224848815,0.15167409857048147
RatioCommentToCode,0.1,0.0678124433872169,0.03,7.5,RatioCommentToCode <= 0.19810732927548025,0.11987569617445595
CountDeclMethodDefault,0.0,-0.028941947797590663,0.0,44.0,CountDeclMethodDefault <= 0.4941639844749529,0.05116223465168569
AvgEssential,1.0,0.025801912749478923,0.0,4.0,0.5006440382798919 < AvgEssential <= 1.4996285479475124,0.045611426148071996
