feature,value,importance,min,max,rule,importance_ratio
MAJOR_LINE,4.0,0.17371545241800113,0.0,4.0,MAJOR_LINE > 3.4980203506026695,0.22148482844431555
CountDeclInstanceVariable,26.0,0.161968117919329,0.0,68.0,CountDeclInstanceVariable > 21.475771289759166,0.2065071374565519
CountDeclClass,4.0,0.05245712024565509,1.0,18.0,3.4963557339364515 < CountDeclClass <= 6.495598182757843,0.06688211161742222
CountDeclMethodPrivate,2.0,0.0424190046795753,0.0,21.0,1.5024396360368288 < CountDeclMethodPrivate <= 4.49844038536424,0.05408365141649764
AvgEssential,2.0,0.0417170417189223,0.0,4.0,1.4996285479475124 < AvgEssential <= 2.498613057615133,0.05318865823223913
