Antecedent,Antecedent Coverage %,Confidence,Lift
-0.6 < MINOR_COMMIT <= 0,0.97764,0.97275,1.00775
-0.05 < CountDeclClassMethod <= 2.8,0.68601,0.99307,1.02879
0.999 < AvgEssential <= 1.07,0.67602,0.9817,1.01702
0.38 < CountDeclClass <= 1.06,0.55519,0.99143,1.0271
-0.39 < CountClassDerived <= 0.13,0.50809,0.98783,1.02337
-0.86 < CountDeclClassVariable <= 0.14,0.47288,0.99497,1.03077
-1.24 < CountDeclMethodPrivate <= 0.16,0.45718,0.99688,1.03274
OWN_COMMIT <= 0.005,0.30304,1.0,1.03598
MaxNesting_Mean <= 0.005,0.25595,0.99628,1.03213
