Antecedent,Antecedent Coverage %,Confidence,Lift
0.2 < MAJOR_LINE <= 0.785,0.12877,0.99645,1.05117
-0.018 < OWN_COMMIT <= 0.039,0.40411,0.99435,1.04895
RatioCommentToCode > 1.59,0.19224,0.99287,1.0474
CountClassBase <= 0.882,0.16347,0.99162,1.04607
MINOR_LINE <= 1.03,0.2589,0.99118,1.04561
CountInput_Min > 1.95,0.20868,0.98687,1.04106
PercentLackOfCohesion <= 0.8,0.27397,0.98667,1.04085
-0.18 < MAJOR_LINE <= 0.2,0.35342,0.98579,1.03992
0.495 < RatioCommentToCode <= 0.86,0.22237,0.98563,1.03975
