feature,value,importance,min,max,rule,importance_ratio
AvgCyclomaticModified,3.0,0.06071542723945344,0.0,24.0,2.4999922767974363 < AvgCyclomaticModified <= 9.001624012737079,0.28899731192056244
CountDeclMethodProtected,7.0,0.049864706105813006,0.0,35.0,4.498814918141747 < CountDeclMethodProtected <= 20.496113288448125,0.2373493307961863
CountClassCoupled,23.0,0.020516408806754247,0.0,110.0,16.51791080861062 < CountClassCoupled <= 30.5140548185515,0.09765536149538105
CountDeclInstanceVariable,3.0,0.011204863763914216,0.0,99.0,2.511714187106846 < CountDeclInstanceVariable <= 6.50482482179863,0.05333365267177314
OWN_COMMIT,1.0,0.010634284470419305,0.0,1.0,OWN_COMMIT > 0.9586399196327954,0.05061777155959327
