feature,value,importance,min,max,rule,importance_ratio
CountDeclMethodPublic,50.0,0.07451671293078585,0.0,226.0,CountDeclMethodPublic > 49.53228100186732,0.3437837063584439
AvgCyclomaticModified,1.0,-0.0228487613199471,0.0,24.0,0.4963447606902517 < AvgCyclomaticModified <= 1.502257595307328,0.10541302136564905
OWN_COMMIT,0.5,0.016790573444467004,0.0,1.0,0.29250297311856827 < OWN_COMMIT <= 0.7899429007103611,0.0774635023955512
CountDeclInstanceVariable,18.0,0.015455709324203886,0.0,99.0,8.484315563782589 < CountDeclInstanceVariable <= 24.490887253273584,0.07130509152770727
CountOutput_Mean,1.72549019607843,-0.013036977574577838,0.0,26.0,1.1431298242765084 < CountOutput_Mean <= 7.81948001721746,0.06014624497008151
