feature,value,importance,min,max,rule,importance_ratio
MINOR_COMMIT,0.0,-0.08826110223077942,0.0,5.0,MINOR_COMMIT <= 0.5016356687429404,0.12203107091093573
AvgLineComment,6.0,0.08038736165303158,0.0,41.0,AvgLineComment > 5.504555268674634,0.1111447238056717
CountClassCoupled,19.0,0.0623667346562486,0.0,132.0,14.528794990404752 < CountClassCoupled <= 19.508692962965362,0.08622914542150487
RatioCommentToCode,0.67,0.05145884769282673,0.0,344.0,0.5344309965187322 < RatioCommentToCode <= 0.6849444596619487,0.0711477438314666
MaxNesting_Min,0.0,0.04984333768028692,0.0,6.0,MaxNesting_Min <= 0.501876927262143,0.06891411642466064
