feature,value,importance,min,max,rule,importance_ratio
MINOR_COMMIT,0.0,-0.21242028378860398,0.0,5.0,MINOR_COMMIT <= 0.5016356687429404,0.33522102047858243
CountDeclMethodDefault,12.0,0.09519626199199392,0.0,82.0,1.5073097577855388 < CountDeclMethodDefault <= 39.50392024684733,0.1502294767785011
MAJOR_LINE,5.0,0.05878217139202908,0.0,11.0,3.500975425350002 < MAJOR_LINE <= 8.507443078039072,0.09276430258229448
AvgEssential,1.0,0.04903874018030634,0.0,8.0,0.5019759519046524 < AvgEssential <= 1.4993489372823758,0.07738816761296631
OWN_COMMIT,0.25,0.038509913928604346,0.0,1.0,0.12394271196938178 < OWN_COMMIT <= 0.48523577667359796,0.06077259862121364
