feature,value,importance,min,max,rule,importance_ratio
CountClassCoupled,27.0,0.24234346014232175,0.0,132.0,19.508692962965362 < CountClassCoupled <= 35.464692589333026,0.26585341003416607
MINOR_COMMIT,0.0,-0.22797276340236103,0.0,5.0,MINOR_COMMIT <= 0.5016356687429404,0.2500885995018672
CountDeclMethodDefault,2.0,0.08361800527931355,0.0,82.0,1.5073097577855388 < CountDeclMethodDefault <= 39.50392024684733,0.09172986071382018
OWN_COMMIT,0.125,0.07264045082522717,0.0,1.0,0.12394271196938178 < OWN_COMMIT <= 0.48523577667359796,0.07968736415236685
MAJOR_LINE,6.0,0.051085602436918356,0.0,11.0,3.500975425350002 < MAJOR_LINE <= 8.507443078039072,0.056041461170557395
