{
    "32": {
        "CountClassCoupled": [
            4.5,
            10.5,
            16.5,
            22.5,
            28.5,
            34.5,
            41.5,
            52.0,
            73.0,
            136.0
        ],
        "OWN_COMMIT": [
            0.0
        ],
        "CountOutput_Mean": [
            1.9375,
            2.55555555555556,
            3.03703703703704,
            3.49390243902439,
            4.076117647058825,
            4.6497113997114,
            5.3508771929824555,
            6.062894736842105,
            7.32857142857143,
            9.90816326530612
        ],
        "MaxNesting_Mean": [
            0.1379038613081165,
            0.3117408906882595,
            0.4716718804310045,
            0.6441077441077441,
            0.8054054054054055,
            0.9903846153846154,
            1.16666666666667,
            1.4,
            1.75,
            2.66666666666667
        ]
    },
    "476": {
        "CountClassCoupled": [
            34.0,
            31.0,
            28.0,
            25.0,
            21.5,
            17.5,
            13.5,
            9.5,
            5.5,
            1.5
        ],
        "OWN_COMMIT": [
            0.0
        ],
        "PercentLackOfCohesion": [
            76.0,
            71.0,
            66.0,
            61.0,
            55.5,
            44.5,
            37.5,
            25.5,
            14.5,
            6.5
        ],
        "CountOutput_Mean": [
            2.6833333333333353,
            2.5319865319865347,
            2.3660714285714297,
            2.207142857142855,
            1.98421052631579,
            1.8,
            1.5,
            1.14285714285714,
            0.785714285714286,
            0.285714285714286
        ],
        "MaxNesting_Mean": [
            0.111111111111111,
            0.1,
            0.0810810810810811,
            0.0588235294117647,
            0.0508474576271186,
            0.0163934426229508,
            0.0
        ]
    },
    "575": {
        "CountClassCoupled": [
            11.0,
            10.0,
            9.0,
            8.0,
            7.0,
            6.0,
            5.0,
            4.0,
            2.5,
            0.5
        ],
        "CountOutput_Mean": [
            5.5,
            4.94736842105263,
            4.42105263157895,
            3.870833333333335,
            3.433797909407665,
            3.05905905905906,
            2.63095238095238,
            2.195238095238095,
            1.641025641025645,
            0.6458333333333335
        ],
        "OWN_COMMIT": [
            0.0
        ],
        "PercentLackOfCohesion": [
            100
        ]
    },
    "578": {
        "OWN_COMMIT": [
            0.9058693244739755,
            0.845238095238095,
            0.788888888888889,
            0.7445652173913044,
            0.69375,
            0.5941176470588234,
            0.538461538461538,
            0.428571428571429,
            0.342857142857143,
            0.285714285714286
        ],
        "PercentLackOfCohesion": [
            100
        ],
        "MaxNesting_Mean": [
            1.46309523809524,
            1.5669642857142851,
            1.69047619047619,
            1.82857142857143,
            2.125,
            2.25,
            2.42857142857143,
            2.66666666666667,
            2.81818181818182,
            3.4
        ],
        "CountOutput_Mean": [
            5.09722222222222,
            5.375,
            5.66666666666667,
            5.94117647058824,
            6.22222222222222,
            6.75925925925926,
            7.4,
            8.07758620689655,
            9.0,
            14.0
        ]
    },
    "633": {
        "CountClassCoupled": [
            11.0,
            10.0,
            9.0,
            8.0,
            7.0,
            6.0,
            5.0,
            4.0,
            2.5,
            0.5
        ],
        "OWN_COMMIT": [
            0.9212962962962965,
            0.8819444444444444,
            0.815340909090909,
            0.766968325791855,
            0.714285714285714,
            0.6,
            0.538461538461538,
            0.428571428571429,
            0.342857142857143,
            0.285714285714286
        ],
        "PercentLackOfCohesion": [
            100
        ],
        "MaxNesting_Mean": [
            0.111111111111111,
            0.1,
            0.0810810810810811,
            0.0588235294117647,
            0.0508474576271186,
            0.0163934426229508,
            0.0
        ],
        "CountOutput_Mean": [
            2.6833333333333353,
            2.5319865319865347,
            2.3660714285714297,
            2.207142857142855,
            1.98421052631579,
            1.8,
            1.5,
            1.14285714285714,
            0.785714285714286,
            0.285714285714286
        ]
    },
    "658": {
        "CountClassCoupled": [
            34.0,
            31.0,
            28.0,
            25.0,
            21.5,
            17.5,
            13.5,
            9.5,
            5.5,
            1.5
        ],
        "OWN_COMMIT": [
            0.0
        ],
        "CountOutput_Mean": [
            4.867816590101414,
            4.41640866873065,
            3.9127896995708147,
            3.5535714285714297,
            3.2174940898345152,
            2.85714285714286,
            2.47368421052632,
            2.04166666666667,
            1.47058823529412,
            0.6
        ],
        "MaxNesting_Mean": [
            0.111111111111111,
            0.1,
            0.0810810810810811,
            0.0588235294117647,
            0.0508474576271186,
            0.0163934426229508,
            0.0
        ],
        "PercentLackOfCohesion": [
            88.5,
            82.0,
            75.0,
            68.0,
            61.0,
            54.0,
            42.0,
            29.0,
            16.0,
            7.0
        ]
    },
    "678": {
        "CountClassCoupled": [
            34.0,
            31.0,
            28.0,
            25.0,
            21.5,
            17.5,
            13.5,
            9.5,
            5.5,
            1.5
        ],
        "OWN_COMMIT": [
            0.0
        ],
        "CountOutput_Mean": [
            2.6833333333333353,
            2.5319865319865347,
            2.3660714285714297,
            2.207142857142855,
            1.98421052631579,
            1.8,
            1.5,
            1.14285714285714,
            0.785714285714286,
            0.285714285714286
        ],
        "PercentLackOfCohesion": [
            88.5,
            82.0,
            75.0,
            68.0,
            61.0,
            54.0,
            42.0,
            29.0,
            16.0,
            7.0
        ]
    },
    "748": {
        "OWN_COMMIT": [
            0.0
        ],
        "MaxNesting_Mean": [
            0.111111111111111,
            0.1,
            0.0810810810810811,
            0.0588235294117647,
            0.0508474576271186,
            0.0163934426229508,
            0.0
        ],
        "CountOutput_Mean": [
            5.09722222222222,
            5.375,
            5.66666666666667,
            5.94117647058824,
            6.22222222222222,
            6.75925925925926,
            7.4,
            8.07758620689655,
            9.0,
            14.0
        ]
    },
    "750": {
        "CountClassCoupled": [
            34.0,
            31.0,
            28.0,
            25.0,
            21.5,
            17.5,
            13.5,
            9.5,
            5.5,
            1.5
        ],
        "CountOutput_Mean": [
            4.867816590101414,
            4.41640866873065,
            3.9127896995708147,
            3.5535714285714297,
            3.2174940898345152,
            2.85714285714286,
            2.47368421052632,
            2.04166666666667,
            1.47058823529412,
            0.6
        ],