feature,value,importance,left,right,rec,rule,min,max
CountClassCoupled,96.0,0.12088593242926977,0.0,92.52150696479269,-1,CountClassCoupled > 92.52150696479269,0.0,94.0
CountDeclInstanceVariable,34.0,0.04290598968344489,0.0,17.985179845060202,-1,CountDeclInstanceVariable > 17.985179845060202,0.0,36.0
CountDeclClass,26.0,0.011719350055466433,0.0,9.498454567995314,-1,9.498454567995314 < CountDeclClass <= 29.00168285146571,0.0,37.0
CountInput_Mean,6.12669683257919,-0.0014935077104267383,8.812196920226716,45.25,1,2.5023260686452264 < CountInput_Mean <= 8.812196920226716,0.0,45.25
