Antecedent,Antecedent Coverage %,Confidence,Lift
-0.115 < Del_lines <= 0.355,0.82112,0.99224,1.07705
0.54 < CountClassCoupled <= 2.06,0.21211,0.99142,1.07616
CountClassCoupled <= 0.54,0.19936,0.98858,1.07308
0.43 < CountDeclMethodProtected <= 1.23,0.18662,0.98293,1.06694
2.06 < CountClassCoupled <= 4.04,0.20756,0.98026,1.06405
-0.046 < MAJOR_LINE <= 0.027,0.46563,0.97458,1.05789
OWN_LINE > 0.97,0.19436,0.9719,1.05497
