Antecedent,Antecedent Coverage %,Confidence,Lift
RatioCommentToCode > 1.795,0.19828,0.99542,1.05578
CountClassBase <= 0.9,0.15064,0.99398,1.05425
0.52 < CountClassCoupled <= 2.02,0.2323,0.99219,1.05235
2.02 < CountClassCoupled <= 3.66,0.17151,0.99206,1.05222
CountClassCoupled <= 0.52,0.19192,0.98818,1.0481
PercentLackOfCohesion <= 3,0.21733,0.98747,1.04735
-0.24 < Del_lines <= 0.41,0.85209,0.98669,1.04652
CountInput_Mean <= 1.08,0.20372,0.98664,1.04646
