Antecedent,Antecedent Coverage %,Confidence,Lift
CountClassCoupled <= 0.38,0.20089,0.98444,1.05409
-0.15 < Del_lines <= 0.64,0.83795,0.98402,1.05363
0.38 < CountClassCoupled <= 1.68,0.19152,0.98368,1.05327
24.95 < CountLineComment <= 33.95,0.2125,0.98319,1.05275
RatioCommentToCode > 1.7,0.20045,0.98218,1.05167
2.52 < CountDeclInstanceVariable <= 5.68,0.19732,0.9819,1.05137
1.68 < CountClassCoupled <= 3.34,0.21563,0.9793,1.04858
-0.045 < CountDeclClassVariable <= 0.165,0.36205,0.97287,1.0417
-0.045 < MAJOR_LINE <= 0.029,0.51741,0.96462,1.03287
