Antecedent,Antecedent Coverage %,Confidence,Lift
0.56 < CountClassCoupled <= 1.78,0.20223,0.98234,1.06148
RatioCommentToCode > 1.85,0.19866,0.98202,1.06113
-0.14 < Del_lines <= 0.6,0.83571,0.98077,1.05978
19.4 < CountLineComment <= 25.3,0.25938,0.97418,1.05266
-0.48 < CountDeclInstanceVariable <= 0.82,0.30848,0.96816,1.04616
-0.033 < MAJOR_LINE <= 0.042,0.48839,0.96801,1.04599
