"Rule ID","Antecedent","Consequent","Antecedent Coverage %","Antecedent Coverage","Support %","Support","Confidence","Leverage","Lift","p-value","Consequent Coverage %","Consequent Coverage"
"000000","-0.32 < Del_lines <= 0.51","target = 0",0.83674,1799,0.82233,1768,0.98277,0.04396,1.05648,2.33263e-72,0.93023,2000
"000001","-0.255 < CountDeclMethodPrivate <= 0","target = 0",0.67395,1449,0.64465,1386,0.95652,0.01772,1.02826,2.85753e-11,0.93023,2000
"000002","-0.166 < MAJOR_LINE <= 0.026","target = 0",0.48233,1037,0.46698,1004,0.96818,0.0183,1.04079,6.24313e-12,0.93023,2000
"000003","18.1 < CountLineComment <= 25.3","target = 0",0.2693,579,0.26186,563,0.97237,0.01135,1.04529,3.95099e-07,0.93023,2000
"000004","RatioCommentToCode > 1.88","target = 0",0.19535,420,0.19163,412,0.98095,0.00991,1.05452,2.77048e-07,0.93023,2000
"000005","CountDeclInstanceVariable <= -0.58","target = 0",0.12605,271,0.12512,269,0.99262,0.00786,1.06707,2.25991e-07,0.93023,2000
"000006","CountDeclMethodProtected <= -0.14","target = 0",0.11256,242,0.11209,241,0.99587,0.00739,1.07056,1.79856e-07,0.93023,2000
"000007","AvgCyclomaticModified <= 0.934","target = 0",0.08977,193,0.08977,193,1,0.00626,1.075,4.3529e-07,0.93023,2000
