Antecedent,Antecedent Coverage %,Confidence,Lift
OWN_COMMIT > 1.015,0.07113,0.98065,1.14575
0.994 < OWN_COMMIT <= 1.015,0.51629,0.97867,1.14344
1.53 < ADEV <= 2.31,0.20789,0.97792,1.14257
0.95 < RatioCommentToCode <= 1.63,0.19367,0.95498,1.11576
RatioCommentToCode > 1.63,0.1955,0.9507,1.11077
CountClassBase <= 0.9,0.13584,0.94595,1.10521
0.9 < CountDeclMethodPublic <= 3.8,0.21707,0.94292,1.10167
CountDeclInstanceVariable <= 0.01,0.26847,0.94017,1.09846
0.535 < RatioCommentToCode <= 0.95,0.21891,0.9392,1.09733
