Antecedent,Antecedent Coverage %,Confidence,Lift
OWN_COMMIT > 1.02,0.06534,0.99306,1.12994
0.998 < OWN_COMMIT <= 1.02,0.61933,0.98242,1.11784
2.06 < ADEV <= 2.78,0.13203,0.97938,1.11438
1.32 < ADEV <= 2.06,0.25181,0.97658,1.11119
0.52 < CountClassCoupled <= 2.14,0.21416,0.95551,1.08722
2.5 < PercentLackOfCohesion <= 32,0.16334,0.95278,1.08411
-0.4 < CountDeclInstanceVariable <= 0.74,0.29991,0.94705,1.07759
