Antecedent,Antecedent Coverage %,Confidence,Lift
0.995 < OWN_COMMIT <= 1.0132,0.55484,0.98754,1.14291
OWN_COMMIT > 1.0132,0.07005,0.98026,1.13449
2.13 < ADEV <= 2.99,0.16452,0.97479,1.12816
1.49 < ADEV <= 2.13,0.23963,0.96154,1.11282
1.055 < RatioCommentToCode <= 1.97,0.20323,0.95918,1.1101
RatioCommentToCode > 1.97,0.19677,0.94848,1.0977
0.02 < CountDeclInstanceVariable <= 1.06,0.15253,0.9426,1.0909
CountClassCoupled <= 0.38,0.18018,0.94118,1.08925
CountDeclInstanceVariable <= 0.02,0.29078,0.93978,1.08764
