Antecedent,Antecedent Coverage %,Confidence,Lift
0.9985 < OWN_COMMIT <= 1.0195,0.62042,0.97491,1.08744
0.64 < RatioCommentToCode <= 1.115,0.18086,0.97468,1.08719
0.26 < CountClassCoupled <= 1.9,0.19643,0.97436,1.08682
1.47 < ADEV <= 2.2,0.22848,0.97194,1.08413
1.115 < RatioCommentToCode <= 2.035,0.20192,0.96145,1.07243
0.93 < AvgCyclomaticModified <= 1.145,0.38965,0.96122,1.07217
RatioCommentToCode > 2.035,0.19505,0.9554,1.06567
-0.11 < CountDeclInstanceVariable <= 0.73,0.30678,0.94925,1.05882
-0.08 < CountDeclMethodProtected <= 0.54,0.33974,0.94474,1.05379
