Antecedent,Antecedent Coverage %,Confidence,Lift
0.9955 < OWN_COMMIT <= 1.016,0.51855,0.97085,1.13153
0.62 < CountClassCoupled <= 2.18,0.21622,0.97034,1.13094
OWN_COMMIT > 1.016,0.07696,0.97024,1.13082
1.015 < RatioCommentToCode <= 1.85,0.19927,0.96092,1.11996
2.34 < ADEV <= 3.06,0.20797,0.96035,1.1193
CountClassCoupled <= 0.62,0.19423,0.95755,1.11603
-0.07 < CountDeclInstanceVariable <= 0.65,0.28768,0.94427,1.10055
1.52 < ADEV <= 2.34,0.22721,0.94355,1.09971
RatioCommentToCode > 1.85,0.19743,0.93271,1.08709
