"Rule ID","Antecedent","Consequent","Antecedent Coverage %","Antecedent Coverage","Support %","Support","Confidence","Leverage","Lift","p-value","Consequent Coverage %","Consequent Coverage"
"b'000000'","b'0.95 < CountDeclMethodPublic <= 3.65'","b'target = 0'",0.22351,483,0.22351,483,1,0.00776,1.03595,3.93924e-09,0.96529,2086
"b'000001'","b'OWN_LINE > 0.972'","b'target = 0'",0.20639,446,0.20592,445,0.99776,0.0067,1.03363,4.48618e-07,0.96529,2086
"b'000002'","b'1.04 < RatioCommentToCode <= 1.83'","b'target = 0'",0.20176,436,0.2013,435,0.99771,0.00654,1.03358,6.81632e-07,0.96529,2086
"b'000003'","b'6.8 < CountDeclMethodPublic <= 13.35'","b'target = 0'",0.19297,417,0.1925,416,0.9976,0.00623,1.03347,1.49648e-06,0.96529,2086
"b'000004'","b'-0.11 < CountDeclMethodProtected <= 0.45'","b'target = 0'",0.34151,738,0.34012,735,0.99593,0.01046,1.03174,1.47016e-10,0.96529,2086
"b'000005'","b'-0.08 < CountDeclClassVariable <= 0.14'","b'target = 0'",0.39796,860,0.39334,850,0.98837,0.00918,1.02391,3.40413e-07,0.96529,2086
"b'000006'","b'-0.033 < OWN_COMMIT <= 0.016'","b'target = 0'",0.54928,1187,0.54142,1170,0.98568,0.0112,1.02112,7.01218e-09,0.96529,2086
