feature,value,importance,left,right,rec,rule,min,max
MAJOR_LINE,5.0,0.14525924891377717,0.0,2.503347321568387,-1,2.503347321568387 < MAJOR_LINE <= 5.505000175998428,0.0,10.0
CountClassCoupled,34.0,-0.025577787666733996,42.45816087256249,126.0,1,20.500994623023644 < CountClassCoupled <= 42.45816087256249,0.0,126.0
OWN_LINE,0.897937024972856,-0.01208927139352728,0.9680591083803126,1.0,1,0.8930537701690927 < OWN_LINE <= 0.9680591083803126,0.281553398058252,1.0
