feature,value,importance,left,right,rec,rule,min,max
OWN_LINE,0.884735202492212,0.031053999257118135,0.281553398058252,0.8116920473637016,-1,0.8116920473637016 < OWN_LINE <= 0.8930537701690927,0.281553398058252,1.0
MAJOR_LINE,2.0,0.021716594880261782,0.0,1.498903175727984,-1,1.498903175727984 < MAJOR_LINE <= 2.503347321568387,0.0,10.0
CountClassCoupled,23.000000000000004,-0.015737156163880182,42.45816087256249,126.0,1,20.500994623023644 < CountClassCoupled <= 42.45816087256249,0.0,126.0
