feature,value,importance,left,right,rec,rule,min,max
MAJOR_LINE,4.0,0.15236667669177714,0.0,2.503347321568387,-1,2.503347321568387 < MAJOR_LINE <= 5.505000175998428,0.0,10.0
OWN_LINE,0.979223125564589,-0.049785652284348426,1.0,1.0,1,OWN_LINE > 0.9680591083803126,0.281553398058252,1.0
CountClassCoupled,43.0,0.024235875872974665,0.0,42.45816087256249,-1,42.45816087256249 < CountClassCoupled <= 45.50484901245065,0.0,126.0
