feature,value,importance,left,right,rec,rule,min,max
MAJOR_LINE,7.0,0.19504795830389746,0.0,5.505000175998428,-1,MAJOR_LINE > 5.505000175998428,0.0,10.0
OWN_LINE,0.908003300330033,-0.018897669478585132,0.9680591083803126,1.0,1,0.8930537701690927 < OWN_LINE <= 0.9680591083803126,0.281553398058252,1.0
CountClassCoupled,30.0,-0.015069313183981182,42.45816087256249,126.0,1,20.500994623023644 < CountClassCoupled <= 42.45816087256249,0.0,126.0
