feature,value,importance,left,right,rec,rule,min,max
MAJOR_LINE,5.0,0.1460214370343527,0.0,2.503347321568387,-1,2.503347321568387 < MAJOR_LINE <= 5.505000175998428,0.0,10.0
OWN_LINE,0.814890510948905,0.04071918830128262,0.281553398058252,0.8116920473637016,-1,0.8116920473637016 < OWN_LINE <= 0.8930537701690927,0.281553398058252,1.0
CountClassCoupled,37.00000000000001,-0.010304381447194158,42.45816087256249,126.0,1,20.500994623023644 < CountClassCoupled <= 42.45816087256249,0.0,126.0
