feature,value,importance,left,right,rec,rule,min,max
CountDeclClass,1.0,-0.08742358647143116,1.5005966587345618,13.0,1,CountDeclClass <= 1.5005966587345618,1.0,13.0
OWN_LINE,1.0,-0.08072703156331444,1.0,1.0,1,OWN_LINE > 0.9680591083803126,0.281553398058252,1.0
MAJOR_LINE,0.0,-0.06228416323582561,0.49445902988758095,10.0,1,MAJOR_LINE <= 0.49445902988758095,0.0,10.0
CountClassCoupled,1.0,-0.00882016493288547,6.5282524642262025,126.0,1,0.5399343961701559 < CountClassCoupled <= 6.5282524642262025,0.0,126.0
