feature,value,importance,left,right,rec,rule,min,max
CountDeclClass,1.0,-0.08558282571237445,1.5005966587345618,13.0,1,CountDeclClass <= 1.5005966587345618,1.0,13.0
MAJOR_LINE,1.0,-0.031655708575832,1.498903175727984,10.0,1,0.49445902988758095 < MAJOR_LINE <= 1.498903175727984,0.0,10.0
OWN_LINE,0.846223839854413,0.024343977379524647,0.281553398058252,0.8116920473637016,-1,0.8116920473637016 < OWN_LINE <= 0.8930537701690927,0.281553398058252,1.0
CountClassCoupled,5.0,-0.021457670348885596,6.5282524642262025,126.0,1,0.5399343961701559 < CountClassCoupled <= 6.5282524642262025,0.0,126.0
