feature,value,importance,left,right,rec,rule,min,max
MAJOR_LINE,6.000000000000001,0.2000166015843473,0.0,5.505000175998428,-1,MAJOR_LINE > 5.505000175998428,0.0,10.0
OWN_LINE,0.541505791505791,0.08406409638715132,0.281553398058252,0.441750463982939,-1,0.441750463982939 < OWN_LINE <= 0.571420709704031,0.281553398058252,1.0
CountClassCoupled,5.0,-0.009852129775065319,6.5282524642262025,126.0,1,0.5399343961701559 < CountClassCoupled <= 6.5282524642262025,0.0,126.0
