feature,value,importance,left,right,rec,rule,min,max
OWN_LINE,0.3131578947368421,0.2862807639492117,0.281553398058252,0.281553398058252,-1,OWN_LINE <= 0.41251109484975157,0.281553398058252,1.0
MAJOR_LINE,0.0,-0.041742093868168864,0.49445902988758095,10.0,1,MAJOR_LINE <= 0.49445902988758095,0.0,10.0
CountClassCoupled,1.0,-0.014516637634760028,6.5282524642262025,126.0,1,0.5399343961701559 < CountClassCoupled <= 6.5282524642262025,0.0,126.0
