feature,value,importance,left,right,rec,rule,min,max
MAJOR_LINE,0.0,-0.04249420080205015,0.49445902988758095,10.0,1,MAJOR_LINE <= 0.49445902988758095,0.0,10.0
OWN_LINE,0.929274292742927,-0.013619165305185844,0.9680591083803126,1.0,1,0.8930537701690927 < OWN_LINE <= 0.9680591083803126,0.281553398058252,1.0
CountClassCoupled,3.0,-0.0018768491275753865,6.5282524642262025,126.0,1,0.5399343961701559 < CountClassCoupled <= 6.5282524642262025,0.0,126.0
