feature,value,importance,left,right,rec,rule,min,max
OWN_LINE,0.781431334622824,0.09849955651757616,0.281553398058252,0.571420709704031,-1,0.571420709704031 < OWN_LINE <= 0.8116920473637016,0.281553398058252,1.0
MaxInheritanceTree,1.0,-0.048847324910677684,1.5001546410169164,7.0,1,0.49470484336951337 < MaxInheritanceTree <= 1.5001546410169164,0.0,7.0
MAJOR_LINE,1.0,-0.02590097625269948,1.498903175727984,10.0,1,0.49445902988758095 < MAJOR_LINE <= 1.498903175727984,0.0,10.0
CountClassCoupled,9.0,-0.0010779772866256665,12.516570532282248,126.0,1,6.5282524642262025 < CountClassCoupled <= 12.516570532282248,0.0,126.0
