feature,value,importance,left,right,rec,rule,min,max
MAJOR_LINE,6.0,0.13782861714454217,0.0,5.505000175998428,-1,MAJOR_LINE > 5.505000175998428,0.0,10.0
OWN_LINE,0.682824655894674,0.09669072874198195,0.281553398058252,0.571420709704031,-1,0.571420709704031 < OWN_LINE <= 0.8116920473637016,0.281553398058252,1.0
CountClassCoupled,24.0,-0.013413196409038949,42.45816087256249,126.0,1,20.500994623023644 < CountClassCoupled <= 42.45816087256249,0.0,126.0
