feature,value,importance,left,right,rec,rule,min,max
OWN_LINE,0.983739837398374,-0.071187014717007,1.0,1.0,1,OWN_LINE > 0.9680591083803126,0.281553398058252,1.0
MAJOR_LINE,2.0,0.032669161119740366,0.0,1.498903175727984,-1,1.498903175727984 < MAJOR_LINE <= 2.503347321568387,0.0,10.0
CountClassCoupled,2.0,-0.017237899704351013,6.5282524642262025,126.0,1,0.5399343961701559 < CountClassCoupled <= 6.5282524642262025,0.0,126.0
