feature,value,importance,left,right,rec,rule,min,max
MAJOR_LINE,2.0,0.028289056426028684,0.0,1.498903175727984,-1,1.498903175727984 < MAJOR_LINE <= 2.503347321568387,0.0,10.0
OWN_LINE,0.958762886597938,-0.015359776786480098,0.9680591083803126,1.0,1,0.8930537701690927 < OWN_LINE <= 0.9680591083803126,0.281553398058252,1.0
CountClassCoupled,14.0,-0.009487396862141924,20.500994623023644,126.0,1,12.516570532282248 < CountClassCoupled <= 20.500994623023644,0.0,126.0
