feature,value,importance,left,right,rec,rule,min,max
MAJOR_LINE,3.0,0.18155080122048364,0.0,2.503347321568387,-1,2.503347321568387 < MAJOR_LINE <= 5.505000175998428,0.0,10.0
OWN_LINE,0.785249457700651,0.07691587149273565,0.281553398058252,0.571420709704031,-1,0.571420709704031 < OWN_LINE <= 0.8116920473637016,0.281553398058252,1.0
CountClassCoupled,10.0,0.007300057650517566,0.0,6.5282524642262025,-1,6.5282524642262025 < CountClassCoupled <= 12.516570532282248,0.0,126.0
