feature,value,importance,left,right,rec,rule,min,max
MAJOR_LINE,7.0,0.19220883916079268,0.0,5.505000175998428,-1,MAJOR_LINE > 5.505000175998428,0.0,10.0
CountClassCoupled,31.0,-0.015160069493856263,42.45816087256249,126.0,1,20.500994623023644 < CountClassCoupled <= 42.45816087256249,0.0,126.0
OWN_LINE,0.833517699115044,0.012823136674633726,0.281553398058252,0.8116920473637016,-1,0.8116920473637016 < OWN_LINE <= 0.8930537701690927,0.281553398058252,1.0
