feature,value,importance,left,right,rec,rule,min,max
MAJOR_LINE,2.0,0.04080014463206835,0.0,1.498903175727984,-1,1.498903175727984 < MAJOR_LINE <= 2.503347321568387,0.0,10.0
OWN_LINE,0.937238493723849,-0.019099048512438224,0.9680591083803126,1.0,1,0.8930537701690927 < OWN_LINE <= 0.9680591083803126,0.281553398058252,1.0
CountClassCoupled,6.0,-0.015125122360618231,6.5282524642262025,126.0,1,0.5399343961701559 < CountClassCoupled <= 6.5282524642262025,0.0,126.0
