feature,value,importance,left,right,rec,rule,min,max
MAJOR_LINE,3.0,0.15626302075380358,0.0,2.503347321568387,-1,2.503347321568387 < MAJOR_LINE <= 5.505000175998428,0.0,10.0
OWN_LINE,0.969811320754717,-0.07288655214969503,1.0,1.0,1,OWN_LINE > 0.9680591083803126,0.281553398058252,1.0
CountClassCoupled,4.0,-0.022361203215047212,6.5282524642262025,126.0,1,0.5399343961701559 < CountClassCoupled <= 6.5282524642262025,0.0,126.0
