feature,value,importance,left,right,rec,rule,min,max
MAJOR_LINE,4.0,0.15837679707415916,0.0,2.503347321568387,-1,2.503347321568387 < MAJOR_LINE <= 5.505000175998428,0.0,10.0
OWN_LINE,0.472306143001007,0.04387376971704966,0.281553398058252,0.441750463982939,-1,0.441750463982939 < OWN_LINE <= 0.571420709704031,0.281553398058252,1.0
CountClassCoupled,20.0,0.01062663276120923,0.0,12.516570532282248,-1,12.516570532282248 < CountClassCoupled <= 20.500994623023644,0.0,126.0
