feature,value,importance,left,right,rec,rule,min,max
OWN_LINE,0.876651982378855,0.03369851648599443,0.281553398058252,0.8116920473637016,-1,0.8116920473637016 < OWN_LINE <= 0.8930537701690927,0.281553398058252,1.0
MAJOR_LINE,2.0,0.018537654122115835,0.0,1.498903175727984,-1,1.498903175727984 < MAJOR_LINE <= 2.503347321568387,0.0,10.0
CountClassCoupled,4.0,-0.011862717893588583,6.5282524642262025,126.0,1,0.5399343961701559 < CountClassCoupled <= 6.5282524642262025,0.0,126.0
