feature,value,importance,left,right,rec,rule,min,max
CountDeclClass,1.0,-0.10500215684860964,1.5005966587345618,13.0,1,CountDeclClass <= 1.5005966587345618,1.0,13.0
OWN_LINE,0.990654205607477,-0.060357169690296066,1.0,1.0,1,OWN_LINE > 0.9680591083803126,0.281553398058252,1.0
MAJOR_LINE,1.0,-0.044513920519747535,1.498903175727984,10.0,1,0.49445902988758095 < MAJOR_LINE <= 1.498903175727984,0.0,10.0
CountClassCoupled,3.0,-0.010903210550074708,6.5282524642262025,126.0,1,0.5399343961701559 < CountClassCoupled <= 6.5282524642262025,0.0,126.0
