feature,value,importance,left,right,rec,rule,min,max
CountDeclClass,1.0,-0.057879495739389324,1.5005966587345618,13.0,1,CountDeclClass <= 1.5005966587345618,1.0,13.0
MAJOR_LINE,1.0,-0.04123471542972191,1.498903175727984,10.0,1,0.49445902988758095 < MAJOR_LINE <= 1.498903175727984,0.0,10.0
MaxInheritanceTree,2.0,-0.014314103116384145,2.505604438664319,7.0,1,1.5001546410169164 < MaxInheritanceTree <= 2.505604438664319,0.0,7.0
CountClassCoupled,25.0,-0.0072665113404880724,42.45816087256249,126.0,1,20.500994623023644 < CountClassCoupled <= 42.45816087256249,0.0,126.0
