feature,value,importance,left,right,rec,rule,min,max
OWN_LINE,0.407643312101911,0.30447274181073064,0.281553398058252,0.281553398058252,-1,OWN_LINE <= 0.41251109484975157,0.281553398058252,1.0
MAJOR_LINE,2.0,0.03291677779028754,0.0,1.498903175727984,-1,1.498903175727984 < MAJOR_LINE <= 2.503347321568387,0.0,10.0
CountClassCoupled,4.0,-0.019603981839166534,6.5282524642262025,126.0,1,0.5399343961701559 < CountClassCoupled <= 6.5282524642262025,0.0,126.0
