feature,value,importance,left,right,rec,rule,min,max
OWN_LINE,0.57037037037037,0.06258681617744805,0.281553398058252,0.441750463982939,-1,0.441750463982939 < OWN_LINE <= 0.571420709704031,0.281553398058252,1.0
CountClassCoupled,19.0,0.028142576205748275,0.0,12.516570532282248,-1,12.516570532282248 < CountClassCoupled <= 20.500994623023644,0.0,126.0
MAJOR_LINE,2.0,0.026047373611671403,0.0,1.498903175727984,-1,1.498903175727984 < MAJOR_LINE <= 2.503347321568387,0.0,10.0
