feature,value,importance,left,right,rec,rule,min,max
OWN_LINE,0.2882352941176469,0.3277059692375905,0.281553398058252,0.281553398058252,-1,OWN_LINE <= 0.41251109484975157,0.281553398058252,1.0
MAJOR_LINE,2.0,0.05028109429441797,0.0,1.498903175727984,-1,1.498903175727984 < MAJOR_LINE <= 2.503347321568387,0.0,10.0
CountClassCoupled,13.0,-0.0018960498435587276,20.500994623023644,126.0,1,12.516570532282248 < CountClassCoupled <= 20.500994623023644,0.0,126.0
