feature,value,importance,left,right,rec,rule,min,max
MAJOR_LINE,3.0,0.1778702960207259,0.0,2.503347321568387,-1,2.503347321568387 < MAJOR_LINE <= 5.505000175998428,0.0,10.0
OWN_LINE,0.968944099378882,-0.06792881447780959,1.0,1.0,1,OWN_LINE > 0.9680591083803126,0.281553398058252,1.0
CountClassCoupled,20.0,0.03765014434794722,0.0,12.516570532282248,-1,12.516570532282248 < CountClassCoupled <= 20.500994623023644,0.0,126.0
