feature,value,importance,left,right,rec,rule,min,max
OWN_LINE,0.478260869565217,0.0993826236425676,0.281553398058252,0.441750463982939,-1,0.441750463982939 < OWN_LINE <= 0.571420709704031,0.281553398058252,1.0
CountDeclClass,1.0,-0.07697874489826775,1.5005966587345618,13.0,1,CountDeclClass <= 1.5005966587345618,1.0,13.0
MaxInheritanceTree,1.0,-0.06783561868019168,1.5001546410169164,7.0,1,0.49470484336951337 < MaxInheritanceTree <= 1.5001546410169164,0.0,7.0
MAJOR_LINE,0.0,-0.04544806979175393,0.49445902988758095,10.0,1,MAJOR_LINE <= 0.49445902988758095,0.0,10.0
