feature,value,importance,left,right,rec,rule,min,max
CountDeclClass,1.0,-0.07697772325112515,1.5005966587345618,13.0,1,CountDeclClass <= 1.5005966587345618,1.0,13.0
OWN_LINE,0.617333333333333,0.06033786347748817,0.281553398058252,0.571420709704031,-1,0.571420709704031 < OWN_LINE <= 0.8116920473637016,0.281553398058252,1.0
MAJOR_LINE,1.0,-0.03475050374682005,1.498903175727984,10.0,1,0.49445902988758095 < MAJOR_LINE <= 1.498903175727984,0.0,10.0
CountClassCoupled,28.0,-0.020703667967152162,42.45816087256249,126.0,1,20.500994623023644 < CountClassCoupled <= 42.45816087256249,0.0,126.0
