feature,value,importance,min,max,rule,importance_ratio
CountDeclInstanceVariable,40.0,0.15654714004733788,0.0,97.0,CountDeclInstanceVariable > 23.504434313555777,0.24748397133307917
CountDeclMethodPublic,101.0,0.11436529853390474,0.0,217.0,CountDeclMethodPublic > 71.96731990555539,0.18079907595440758
CountClassCoupled,28.0,0.0931708962735916,0.0,108.0,18.505132292347 < CountClassCoupled <= 34.49944319326817,0.14729303528303547
CountDeclMethodProtected,7.0,0.06526009720287837,0.0,33.0,6.4917412616368875 < CountDeclMethodProtected <= 7.494599378501313,0.10316910306037724
MAJOR_LINE,5.0,0.06190245807191172,0.0,11.0,4.495439044857874 < MAJOR_LINE <= 6.495923940139127,0.09786104143635968
