feature,value,importance,min,max,rule,importance_ratio
CountDeclMethodProtected,6.0,0.24684834438649264,0.0,33.0,5.506791325430756 < CountDeclMethodProtected <= 6.4917412616368875,0.3915250822715777
CountDeclInstanceVariable,11.0,0.05681953276029934,0.0,97.0,8.497937266160248 < CountDeclInstanceVariable <= 23.504434313555777,0.09012121306261474
MINOR_LINE,4.0,0.042410308973023364,1.0,7.0,3.4971871352848427 < MINOR_LINE <= 4.502461526576207,0.0672668060670801
CountLineComment,37.0,0.03910311801203437,16.0,1595.0,35.440018134585465 < CountLineComment <= 66.34745759844142,0.062021284909921044
MAJOR_LINE,3.0,0.032554423185700836,0.0,11.0,2.494954149576622 < MAJOR_LINE <= 4.495439044857874,0.051634428611475505
