feature,value,importance,min,max,rule,importance_ratio
CountDeclMethodProtected,10.0,0.08038141695147084,0.0,33.0,CountDeclMethodProtected > 7.494599378501313,0.13217861140980772
MaxInheritanceTree,3.0,0.06089783666943548,0.0,9.0,2.4959676816820044 < MaxInheritanceTree <= 3.5066092536818694,0.10013995515514437
CountDeclClassMethod,1.0,0.05101161859149742,0.0,78.0,0.4884869825204723 < CountDeclClassMethod <= 1.4902471780367652,0.08388313078956593
OWN_COMMIT,0.4,0.050219369450500345,0.0,1.0,0.2239089921712486 < OWN_COMMIT <= 0.8656770168722359,0.08258036212338493
CountClassCoupled,19.0,0.04870011970788701,0.0,108.0,18.505132292347 < CountClassCoupled <= 34.49944319326817,0.08008211900974865
