feature,value,importance,min,max,rule,importance_ratio
CountDeclClassMethod,17.0,0.3141504023724401,0.0,78.0,14.00060124762396 < CountDeclClassMethod <= 19.498633948597103,0.6063747187471521
CountDeclMethodDefault,0.0,-0.02927297424705677,0.0,114.0,CountDeclMethodDefault <= 0.505583502087303,0.05650284510827318
AvgCyclomaticModified,3.0,0.02660445953884787,0.0,24.0,2.49985389226846 < AvgCyclomaticModified <= 4.500475537693087,0.051352064324792106
MAJOR_LINE,3.0,0.016768688805995448,0.0,11.0,2.494954149576622 < MAJOR_LINE <= 4.495439044857874,0.03236700918319766
CountClassCoupled,9.0,0.01626986099198279,0.0,108.0,8.493109105017123 < CountClassCoupled <= 13.519892531020918,0.03140416917681568
