feature,value,importance,min,max,rule,importance_ratio
MINOR_COMMIT,0.0,-0.12514602426043997,0.0,3.0,MINOR_COMMIT <= 0.4992984298946273,0.1540411488376568
CountDeclClassVariable,18.0,0.09021330159550042,0.0,133.0,6.5202711377324984 < CountDeclClassVariable <= 76.47186874608664,0.1110427654440618
CountDeclMethodPrivate,5.0,0.08713930846221522,0.0,92.0,4.4895187897164375 < CountDeclMethodPrivate <= 11.523682935680585,0.10725901412979806
Added_lines,198.0,0.05463148957482115,0.0,5928.0,126.85831835297502 < Added_lines <= 493.71287220149475,0.06724542362851675
CountClassCoupled,20.0,0.053663344772780924,0.0,146.0,15.514444620491176 < CountClassCoupled <= 21.543720972114656,0.06605374264281384
