feature,value,importance,min,max,rule,importance_ratio
Added_lines,165.0,0.08764262216385696,0.0,5928.0,126.85831835297502 < Added_lines <= 493.71287220149475,0.14940218023826254
CountDeclClassVariable,27.0,0.07650437110540936,0.0,133.0,6.5202711377324984 < CountDeclClassVariable <= 76.47186874608664,0.1304150829665488
CountDeclMethodPrivate,33.0,0.059342682017841694,0.0,92.0,CountDeclMethodPrivate > 19.469683174640085,0.10115998193294262
CountDeclClassMethod,22.0,0.056492489824299046,0.0,105.0,9.466865411321908 < CountDeclClassMethod <= 40.52628629525767,0.09630133077326801
MAJOR_LINE,4.0,0.03837633503359764,0.0,8.0,3.500609677053279 < MAJOR_LINE <= 4.497183416140949,0.06541917599012632
