feature,value,importance,min,max,rule,importance_ratio
MINOR_COMMIT,1.0,0.11580417891610181,0.0,3.0,0.4992984298946273 < MINOR_COMMIT <= 1.5008909469523442,0.1498532658744716
Added_lines,268.0,0.10756220528605298,0.0,5928.0,126.85831835297502 < Added_lines <= 493.71287220149475,0.1391879627975516
CountDeclClass,5.0,0.08640314803829674,0.0,136.0,3.502251203107369 < CountDeclClass <= 12.470673854194736,0.11180765699962061
CountDeclClassVariable,29.0,0.06347684208868334,0.0,133.0,6.5202711377324984 < CountDeclClassVariable <= 76.47186874608664,0.08214049081319208
OWN_COMMIT,0.642857142857143,0.052184562086337656,0.0,1.0,0.49249677624690735 < OWN_COMMIT <= 0.8693421694885315,0.06752802126883785
