feature,value,importance,min,max,rule,importance_ratio
MINOR_LINE,5.0,0.09705076607003073,1.0,7.0,4.495537375431375 < MINOR_LINE <= 5.498393013896681,0.14820033788022674
Added_lines,743.0,0.09580568019944297,0.0,5928.0,556.1562005161363 < Added_lines <= 3662.7117841695585,0.1462990427726966
CountDeclClass,15.0,0.050064777943184105,0.0,136.0,CountDeclClass > 12.470673854194736,0.07645088552649339
CountClassCoupled,36.0,0.04629210055047684,0.0,146.0,CountClassCoupled > 22.548600364051904,0.07068985872626328
CountDeclMethodPrivate,3.0,0.03375712291887157,0.0,92.0,1.4934859127317084 < CountDeclMethodPrivate <= 4.4895187897164375,0.05154845474203817
