feature,value,importance,min,max,rule,importance_ratio
CountDeclClassMethod,105.0,0.11338631952936078,0.0,105.0,CountDeclClassMethod > 40.52628629525767,0.17203059834221018
MAJOR_LINE,10.0,0.07404441105337932,0.0,8.0,MAJOR_LINE > 7.503241907815231,0.11234075142646283
CountLineComment,171.0,0.06328401026155764,0.0,745.0,CountLineComment > 129.9397162581838,0.09601498836877984
OWN_COMMIT,0.409090909090909,0.05995198899808499,0.0,1.0,0.3434150822172538 < OWN_COMMIT <= 0.49249677624690735,0.09095962001373117
CountDeclMethodPrivate,6.0,0.050855071084760554,0.0,92.0,4.4895187897164375 < CountDeclMethodPrivate <= 11.523682935680585,0.07715770600686603
