feature,value,importance,min,max,rule,importance_ratio
MINOR_COMMIT,0.0,-0.24877024738853423,0.0,11.0,MINOR_COMMIT <= 1.0001719310427806,0.3071053646250334
MAJOR_COMMIT,5.0,0.19219784371846368,0.0,10.0,4.498890104152141 < MAJOR_COMMIT <= 5.496120711316784,0.23726707472022407
AvgEssential,2.0,0.05791720443977614,0.0,8.0,1.5007214670753672 < AvgEssential <= 5.497231624692184,0.07149843831509507
CountClassBase,1.0,-0.04351727451462993,0.0,7.0,0.4965281148435172 < CountClassBase <= 1.500795769117428,0.05372181198353007
MaxNesting_Min,0.0,-0.04183285893561363,0.0,6.0,MaxNesting_Min <= 0.5019345345682905,0.0516424111467975
