feature,value,importance,min,max,rule,importance_ratio
MINOR_COMMIT,0.0,-0.25371408318742794,0.0,11.0,MINOR_COMMIT <= 1.0001719310427806,0.25732575392747287
MAJOR_COMMIT,5.0,0.192527242059386,0.0,10.0,4.498890104152141 < MAJOR_COMMIT <= 5.496120711316784,0.19526790587304493
AvgLineComment,14.0,0.136240607986575,0.0,41.0,10.487645881505212 < AvgLineComment <= 37.51398548531001,0.13818002030176582
AvgEssential,1.0,-0.04834180405714112,0.0,8.0,0.4985570658492656 < AvgEssential <= 1.5007214670753672,0.0490299593106482
CountClassBase,1.0,-0.043671085869754975,0.0,7.0,0.4965281148435172 < CountClassBase <= 1.500795769117428,0.044292752515296546
