feature,value,importance,min,max,rule,importance_ratio
MINOR_COMMIT,0.0,-0.26246607722219045,0.0,11.0,MINOR_COMMIT <= 1.0001719310427806,0.2934085838253144
CountClassCoupled,25.0,0.11491592579853761,0.0,230.0,23.495360010578608 < CountClassCoupled <= 42.555205635341274,0.1284635309994002
MAJOR_COMMIT,4.0,0.10296732863423265,0.0,10.0,2.504428889822858 < MAJOR_COMMIT <= 4.498890104152141,0.11510629638157172
MAJOR_LINE,6.0,0.09000695710414665,0.0,21.0,5.505998299347475 < MAJOR_LINE <= 7.493770580251528,0.10061800785019974
AvgEssential,1.0,-0.050820522900681425,0.0,8.0,0.4985570658492656 < AvgEssential <= 1.5007214670753672,0.05681182807074855
