feature,value,importance,min,max,rule,importance_ratio
MINOR_COMMIT,0.0,-0.26054817181407225,0.0,11.0,MINOR_COMMIT <= 1.0001719310427806,0.36684535452858114
MAJOR_COMMIT,4.0,0.10491463853740164,0.0,10.0,2.504428889822858 < MAJOR_COMMIT <= 4.498890104152141,0.14771720523510629
AvgEssential,1.0,-0.05253116984296402,0.0,8.0,0.4985570658492656 < AvgEssential <= 1.5007214670753672,0.0739625823918463
MaxNesting_Min,0.0,-0.04460728433337818,0.0,6.0,MaxNesting_Min <= 0.5019345345682905,0.06280594840447666
CountClassCoupled,20.0,0.03811580865807474,0.0,230.0,16.502179241780798 < CountClassCoupled <= 23.495360010578608,0.05366611188618514
