feature,value,importance,min,max,rule,importance_ratio
MINOR_COMMIT,0.0,-0.2608947158513543,0.0,11.0,MINOR_COMMIT <= 1.0001719310427806,0.30374033493629155
CountClassCoupled,28.0,0.11240485275107899,0.0,230.0,23.495360010578608 < CountClassCoupled <= 42.555205635341274,0.13086461913061406
MAJOR_COMMIT,4.0,0.10448032788232402,0.0,10.0,2.504428889822858 < MAJOR_COMMIT <= 4.498890104152141,0.12163868356502752
AvgEssential,1.0,-0.05021248098979138,0.0,8.0,0.4985570658492656 < AvgEssential <= 1.5007214670753672,0.05845866116549111
MaxInheritanceTree,3.0,0.04925781370969333,0.0,5.0,2.499812653954346 < MaxInheritanceTree <= 3.49688863185777,0.057347212976655765
