feature,value,importance,min,max,rule,importance_ratio
MINOR_COMMIT,0.0,-0.2514246773556338,0.0,11.0,MINOR_COMMIT <= 1.0001719310427806,0.33512807323286475
MAJOR_COMMIT,3.0,0.10409793522920514,0.0,10.0,2.504428889822858 < MAJOR_COMMIT <= 4.498890104152141,0.1387538440052864
AvgEssential,3.0,0.058148704771867905,0.0,8.0,1.5007214670753672 < AvgEssential <= 5.497231624692184,0.07750736163267913
CountClassBase,1.0,-0.04422138740020833,0.0,7.0,0.4965281148435172 < CountClassBase <= 1.500795769117428,0.05894341204285859
MaxNesting_Min,0.0,-0.042248671105582995,0.0,6.0,MaxNesting_Min <= 0.5019345345682905,0.056313946161441794
