feature,value,importance,min,max,rule,importance_ratio
MINOR_COMMIT,0.0,-0.26214331542070013,0.0,11.0,MINOR_COMMIT <= 1.0001719310427806,0.260468139805959
CountDeclMethodDefault,63.0,0.25324638323475146,0.0,263.0,CountDeclMethodDefault > 43.47662776594204,0.25162806172601715
MAJOR_COMMIT,3.0,0.10465601908428951,0.0,10.0,2.504428889822858 < MAJOR_COMMIT <= 4.498890104152141,0.10398723525196281
CountLineComment,453.0,0.05899777630397089,0.0,4740.0,CountLineComment > 423.10211318246184,0.058620762547088506
AvgEssential,1.0,-0.05011421108686843,0.0,8.0,0.4985570658492656 < AvgEssential <= 1.5007214670753672,0.04979396601699135
