feature,value,importance,min,max,rule,importance_ratio
MINOR_COMMIT,0.0,-0.26088245356151346,0.0,11.0,MINOR_COMMIT <= 1.0001719310427806,0.28431459606987425
MAJOR_COMMIT,5.0,0.19582145609068582,0.0,10.0,4.498890104152141 < MAJOR_COMMIT <= 5.496120711316784,0.21340989947838856
MAJOR_LINE,6.0,0.09677624348172664,0.0,21.0,5.505998299347475 < MAJOR_LINE <= 7.493770580251528,0.10546856716133719
AvgEssential,2.0,0.05702689576090964,0.0,8.0,1.5007214670753672 < AvgEssential <= 5.497231624692184,0.06214898170435541
MaxInheritanceTree,3.0,0.050627385943575,0.0,5.0,2.499812653954346 < MaxInheritanceTree <= 3.49688863185777,0.05517467575191741
