feature,value,importance,min,max,rule,importance_ratio
MAJOR_COMMIT,7.0,0.329585859889435,0.0,10.0,5.496120711316784 < MAJOR_COMMIT <= 7.505691480300078,0.2631569664755708
MINOR_COMMIT,0.0,-0.24194014445841833,0.0,11.0,MINOR_COMMIT <= 1.0001719310427806,0.19317647457842185
MAJOR_LINE,10.0,0.18557961820681898,0.0,21.0,7.493770580251528 < MAJOR_LINE <= 11.993562776583781,0.14817556002974194
CountClassCoupled,26.0,0.1178442781792205,0.0,230.0,23.495360010578608 < CountClassCoupled <= 42.555205635341274,0.09409245521804334
AvgEssential,1.0,-0.05062308213657272,0.0,8.0,0.4985570658492656 < AvgEssential <= 1.5007214670753672,0.040419867324323795
