feature,value,importance,min,max,rule,importance_ratio
MAJOR_COMMIT,6.0,0.3329673592192825,0.0,10.0,5.496120711316784 < MAJOR_COMMIT <= 7.505691480300078,0.2980949690371859
MINOR_COMMIT,0.0,-0.24996752881043596,0.0,11.0,MINOR_COMMIT <= 1.0001719310427806,0.22378789000748875
CountDeclMethodDefault,34.0,0.10658389164049069,0.0,263.0,29.44901082321957 < CountDeclMethodDefault <= 35.491676583161556,0.09542113062653287
MAJOR_LINE,6.0,0.08983193826321821,0.0,21.0,5.505998299347475 < MAJOR_LINE <= 7.493770580251528,0.08042364548258597
AvgEssential,1.0,-0.049501020364092936,0.0,8.0,0.4985570658492656 < AvgEssential <= 1.5007214670753672,0.04431667166217792
