feature,value,importance,min,max,rule,importance_ratio
MINOR_COMMIT,3.0,0.24532698717746612,0.0,11.0,MINOR_COMMIT > 1.0001719310427806,0.23019783453882658
MAJOR_LINE,10.0,0.19027022627776205,0.0,21.0,7.493770580251528 < MAJOR_LINE <= 11.993562776583781,0.17853638757919937
CountClassCoupled,37.0,0.11382625911948403,0.0,230.0,23.495360010578608 < CountClassCoupled <= 42.555205635341274,0.10680666919047932
MAJOR_COMMIT,4.0,0.10341022111920391,0.0,10.0,2.504428889822858 < MAJOR_COMMIT <= 4.498890104152141,0.09703298134746956
CountDeclMethodDefault,42.0,0.06488631825868245,0.0,263.0,35.491676583161556 < CountDeclMethodDefault <= 43.47662776594204,0.06088482203362662
