feature,value,importance,min,max,rule,importance_ratio
MAJOR_LINE,7.0,0.14725204363172945,0.0,11.0,MAJOR_LINE > 6.495923940139127,0.2222584803223067
CountDeclMethodPublic,91.0,0.11528544124170939,0.0,217.0,CountDeclMethodPublic > 71.96731990555539,0.17400890569472344
CountLineComment,164.0,0.08715585818240588,16.0,1595.0,70.42316390136749 < CountLineComment <= 405.65000731703594,0.1315508302163487
CountDeclInstanceVariable,25.0,0.0795016384334915,0.0,97.0,CountDeclInstanceVariable > 23.504434313555777,0.11999774607918481
CountClassCoupled,17.0,0.06328126257515528,0.0,108.0,13.519892531020918 < CountClassCoupled <= 18.505132292347,0.09551512431301992
