feature,value,importance,min,max,rule,importance_ratio
OWN_COMMIT,0.888888888888889,0.15719784324062075,0.0,1.0,0.8656770168722359 < OWN_COMMIT <= 0.9369845751723456,0.1953165042648343
MAJOR_LINE,8.0,0.13106206712312618,0.0,11.0,MAJOR_LINE > 6.495923940139127,0.16284310436135338
CountLineComment,270.0,0.08710629859700415,16.0,1595.0,70.42316390136749 < CountLineComment <= 405.65000731703594,0.10822856974808269
CountClassCoupled,31.0,0.07808529770399748,0.0,108.0,18.505132292347 < CountClassCoupled <= 34.49944319326817,0.09702008034982157
CountDeclMethodProtected,19.0,0.06250495990860146,0.0,33.0,CountDeclMethodProtected > 7.494599378501313,0.07766169062430862
