feature,value,importance,min,max,rule,importance_ratio
MAJOR_LINE,5.0,0.09572721904290495,0.0,11.0,4.495439044857874 < MAJOR_LINE <= 6.495923940139127,0.19821484809092277
CountDeclMethodProtected,9.0,0.06613508354257279,0.0,33.0,CountDeclMethodProtected > 7.494599378501313,0.13694073293820555
CountLineComment,62.0,0.04866702179109256,16.0,1595.0,35.440018134585465 < CountLineComment <= 66.34745759844142,0.10077098684999368
CountDeclMethodDefault,0.0,-0.03825654103576361,0.0,114.0,CountDeclMethodDefault <= 0.505583502087303,0.07921482046281246
CountClassCoupled,10.0,0.02950281094225283,0.0,108.0,8.493109105017123 < CountClassCoupled <= 13.519892531020918,0.06108915779275727
