feature,value,importance,left,right,rec,rule,min,max
CountClassCoupled,9.0,0.02534682088940674,0.0,7.509972254287172,-1,7.509972254287172 < CountClassCoupled <= 11.49383801896868,0.0,53.0
MAJOR_LINE,4.0,0.005539636091461775,0.0,2.5021309229429614,-1,2.5021309229429614 < MAJOR_LINE <= 4.505189190073917,0.0,6.0
CountClassBase,1.0,0.001294052509573513,0.0,0.5000863567974686,-1,0.5000863567974686 < CountClassBase <= 1.497512553796591,0.0,12.0
RatioCommentToCode,1.0,-0.0008185206412031147,1.526311737311849,15.6,1,0.9741628833843211 < RatioCommentToCode <= 1.526311737311849,0.17,15.6
