feature,value,importance,left,right,rec,rule,min,max
CountClassBase,2.0,-0.003205981280430435,2.5017704370765292,12.0,1,1.497512553796591 < CountClassBase <= 2.5017704370765292,0.0,12.0
MAJOR_LINE,1.0,-0.001960498242259593,1.4954125192553827,6.0,1,0.499072655812006 < MAJOR_LINE <= 1.4954125192553827,0.0,6.0
RatioCommentToCode,1.43,0.00019778579217062425,0.17,0.9741628833843211,-1,0.9741628833843211 < RatioCommentToCode <= 1.526311737311849,0.17,15.6
