feature,value,importance,left,right,rec,rule,min,max
CountClassCoupled,29.0,0.1375989669036262,0.0,27.984016563916185,-1,CountClassCoupled > 27.984016563916185,0.0,53.0
RatioCommentToCode,0.63,0.00483449225403757,0.17,0.17,-1,RatioCommentToCode <= 0.7901132654084784,0.17,15.6
MAJOR_LINE,3.0,-0.0003581470926239065,4.505189190073917,6.0,1,2.5021309229429614 < MAJOR_LINE <= 4.505189190073917,0.0,6.0
