feature,value,importance,left,right,rec,rule,min,max
RatioCommentToCode,0.83,-0.003652293460007704,0.8905039661225742,15.6,1,0.7901132654084784 < RatioCommentToCode <= 0.8905039661225742,0.17,15.6
CountClassCoupled,5.0,-0.0026587964027038227,7.509972254287172,53.0,1,4.484251420351851 < CountClassCoupled <= 7.509972254287172,0.0,53.0
MAJOR_LINE,1.0,-0.0013718668088545725,1.4954125192553827,6.0,1,0.499072655812006 < MAJOR_LINE <= 1.4954125192553827,0.0,6.0
