feature,value,importance,left,right,rec,rule,min,max
MAJOR_LINE,3.0,0.007589305395572827,0.0,2.5021309229429614,-1,2.5021309229429614 < MAJOR_LINE <= 4.505189190073917,0.0,6.0
RatioCommentToCode,0.42,0.005751460965584747,0.17,0.17,-1,RatioCommentToCode <= 0.7901132654084784,0.17,15.6
CountClassBase,1.0,-0.0037858073165341452,1.497512553796591,12.0,1,0.5000863567974686 < CountClassBase <= 1.497512553796591,0.0,12.0
