feature,value,importance,left,right,rec,rule,min,max
CountClassCoupled,17.0,0.0699690536366886,0.0,11.49383801896868,-1,11.49383801896868 < CountClassCoupled <= 27.984016563916185,0.0,53.0
RatioCommentToCode,0.6699999999999999,0.0038040018628575714,0.17,0.17,-1,RatioCommentToCode <= 0.7901132654084784,0.17,15.6
MAJOR_LINE,2.0,0.003029506428986443,0.0,1.4954125192553827,-1,1.4954125192553827 < MAJOR_LINE <= 2.5021309229429614,0.0,6.0
