feature,value,importance,left,right,rec,rule,min,max
MAJOR_LINE,1.0,0.00624730652509317,0.0,0.499072655812006,-1,0.499072655812006 < MAJOR_LINE <= 1.4954125192553827,0.0,6.0
RatioCommentToCode,0.69,0.005645962006105046,0.17,0.17,-1,RatioCommentToCode <= 0.7901132654084784,0.17,15.6
CountClassCoupled,4.0,-0.0018810680661035524,4.484251420351851,53.0,1,3.4756778090400764 < CountClassCoupled <= 4.484251420351851,0.0,53.0
