feature,value,importance,min,max,rule,importance_ratio
MINOR_COMMIT,1.0,0.07626570654162572,0.0,4.0,0.5006692548886575 < MINOR_COMMIT <= 1.5002568035329802,0.25728062612475483
CountClassCoupled,45.0,0.06454017901698227,0.0,96.0,15.470436606030667 < CountClassCoupled <= 55.490746041173416,0.21772482575284358
CountDeclMethodPrivate,18.0,0.028835456580127015,0.0,274.0,11.449886802667034 < CountDeclMethodPrivate <= 166.53801694070535,0.09727575682366606
CountDeclMethodProtected,14.0,0.024133949999279217,0.0,97.0,4.512094016369762 < CountDeclMethodProtected <= 14.996431434066727,0.0814153313231172
MAJOR_LINE,6.0,0.015334301294581687,0.0,21.0,4.499961945155443 < MAJOR_LINE <= 15.496879592180605,0.05172991659235885
