Antecedent,Antecedent Coverage %,Confidence,Lift
-0.195 < MAJOR_LINE <= 0.19,0.36607,0.96341,1.09657
0.762 < CountClassBase <= 1.002,0.36295,0.92497,1.05281
-0.008 < OWN_COMMIT <= 0.085,0.31518,0.96034,1.09307
