feature,value,importance,min,max,rule,importance_ratio
CountDeclClass,10.0,0.10515096589834919,0.0,144.0,4.501023241845026 < CountDeclClass <= 12.480942846610736,0.17917590822679327
MINOR_LINE,7.0,0.08867786364133372,1.0,8.0,4.500984724383485 < MINOR_LINE <= 7.000691311130333,0.15110595154121306
MAJOR_LINE,4.0,0.046135148053831156,0.0,12.0,1.5065009464175683 < MAJOR_LINE <= 4.493037577476152,0.07861370538159315
Del_lines,36.0,0.04188296848980117,0.0,8274.0,16.930934163093347 < Del_lines <= 206.8316727745401,0.07136804549802148
CountDeclInstanceMethod,33.0,0.035399659900478574,0.0,498.0,22.39149370372257 < CountDeclInstanceMethod <= 53.54633386415668,0.06032057013836162
