feature,value,importance,min,max,rule,importance_ratio
CountClassCoupled,36.0,0.21180744796515102,0.0,157.0,19.49362632354891 < CountClassCoupled <= 149.5610677723453,0.2057680701857238
CountDeclMethodPrivate,68.0,0.09195812936796492,0.0,142.0,CountDeclMethodPrivate > 11.499928754638997,0.08933607859270626
MINOR_LINE,6.0,0.08772133569047123,1.0,8.0,4.500984724383485 < MINOR_LINE <= 7.000691311130333,0.08522009085399185
CountDeclClass,12.0,0.06187970223386838,0.0,144.0,4.501023241845026 < CountDeclClass <= 12.480942846610736,0.06011529355863479
CountDeclInstanceMethod,290.0,0.05993525397511639,0.0,498.0,CountDeclInstanceMethod > 58.48551584081087,0.058226288381417336
