feature,value,importance,min,max,rule,importance_ratio
CountClassCoupled,33.0,0.22023601428412432,0.0,157.0,19.49362632354891 < CountClassCoupled <= 149.5610677723453,0.21986115577753285
CountDeclInstanceMethod,127.0,0.07724749706008902,0.0,498.0,CountDeclInstanceMethod > 58.48551584081087,0.07711601592390882
CountLineComment,612.0,0.07394970655676097,0.0,1197.0,139.18550424206813 < CountLineComment <= 1032.9057587741202,0.07382383851173278
CountDeclClassVariable,22.0,0.0671977999115649,0.0,139.0,3.4671140433870056 < CountDeclClassVariable <= 57.97334749613853,0.06708342412700959
Del_lines,186.0,0.056866256339188855,0.0,8274.0,16.930934163093347 < Del_lines <= 206.8316727745401,0.05676946563038473
