feature,value,importance,min,max,rule,importance_ratio
CountClassCoupled,33.0,0.21487131480339514,0.0,157.0,19.49362632354891 < CountClassCoupled <= 149.5610677723453,0.24301753035502147
CountDeclClass,5.0,0.0840752214549228,0.0,144.0,4.501023241845026 < CountDeclClass <= 12.480942846610736,0.09508832158783818
CountDeclMethodPrivate,42.0,0.08087173578381822,0.0,142.0,CountDeclMethodPrivate > 11.499928754638997,0.09146520801852878
CountLineComment,155.0,0.06663795883455342,0.0,1197.0,139.18550424206813 < CountLineComment <= 1032.9057587741202,0.07536693391898432
CountDeclInstanceMethod,70.0,0.060888643414590354,0.0,498.0,CountDeclInstanceMethod > 58.48551584081087,0.06886450973141942
