feature,value,importance,min,max,rule,importance_ratio
CountClassCoupled,24.0,0.22102600516294169,0.0,157.0,19.49362632354891 < CountClassCoupled <= 149.5610677723453,0.24388473050509613
CountDeclClassMethod,17.0,0.08262097351269487,0.0,211.0,15.44545905626391 < CountDeclClassMethod <= 62.48414591741797,0.09116571529380708
MINOR_LINE,5.0,0.07642033556872098,1.0,8.0,4.500984724383485 < MINOR_LINE <= 7.000691311130333,0.08432380131716477
CountDeclClassVariable,13.0,0.07130870401304876,0.0,139.0,3.4671140433870056 < CountDeclClassVariable <= 57.97334749613853,0.07868351983319447
CountDeclInstanceMethod,56.0,0.04885909845040925,0.0,498.0,53.54633386415668 < CountDeclInstanceMethod <= 58.48551584081087,0.05391215413550764
