feature,value,importance,min,max,rule,importance_ratio
Del_lines,10.0,0.3477520702173819,0.0,199.0,2.5289990112893617 < Del_lines <= 26.52313278361831,0.3612210037383455
CountLineComment,272.0,0.20326538916400344,0.0,1043.0,115.41967126776413 < CountLineComment <= 699.3640439784572,0.21113814751178656
CountClassCoupled,12.0,0.09849328711004601,0.0,71.0,11.47998037051897 < CountClassCoupled <= 13.494783233669544,0.10230807255623221
MAJOR_LINE,3.0,0.05121917784287467,0.0,4.0,MAJOR_LINE > 2.4984912888350683,0.053202969631469484
CountDeclClassMethod,2.0,-0.032902533743819254,0.0,173.0,1.4973524029233347 < CountDeclClassMethod <= 3.513483336520013,0.03417689578971517
