feature,value,importance,min,max,rule,importance_ratio
CountLineComment,419.0,0.23916998699748213,0.0,1043.0,115.41967126776413 < CountLineComment <= 699.3640439784572,0.25080733468381816
Del_lines,378.0,0.1950213112420796,0.0,199.0,Del_lines > 26.52313278361831,0.20451050691274344
CountClassCoupled,65.0,0.1621739865503573,0.0,71.0,CountClassCoupled > 29.979533932174256,0.17006492257815228
CountDeclInstanceVariable,74.0,0.06600368709656372,0.0,146.0,CountDeclInstanceVariable > 21.48866785028532,0.06921524329960406
CountDeclClass,6.0,-0.043227762968414206,1.0,30.0,3.5064764491415046 < CountDeclClass <= 16.00256951536461,0.04533110592411396
