feature,value,importance,min,max,rule,importance_ratio
Del_lines,13.0,0.3383393091000153,0.0,199.0,2.5289990112893617 < Del_lines <= 26.52313278361831,0.328259434239971
CountDeclMethodPrivate,3.0,0.15282490170702132,0.0,45.0,2.5013623156651215 < CountDeclMethodPrivate <= 3.506738395921374,0.14827191054320127
CountLineComment,140.0,0.10972925805249241,0.0,1043.0,115.41967126776413 < CountLineComment <= 699.3640439784572,0.10646018124141553
CountDeclClass,6.0,-0.049338253892846275,1.0,30.0,3.5064764491415046 < CountDeclClass <= 16.00256951536461,0.047868358401317763
CountDeclMethodProtected,0.0,0.04081486482856014,0.0,40.0,CountDeclMethodProtected <= 0.5010504586027253,0.03959889991157826
