feature,value,importance,min,max,rule,importance_ratio
Del_lines,21.0,0.40935852238269926,0.0,199.0,2.5289990112893617 < Del_lines <= 26.52313278361831,0.5185206817463959
CountLineComment,27.0,-0.08405041898966421,0.0,1043.0,CountLineComment <= 28.48796808168277,0.10646384079637475
RatioCommentToCode,0.16,0.048397481102143175,0.0,8.67,0.04589779381846659 < RatioCommentToCode <= 0.2189207198053974,0.06130346267087314
CountInput_Mean,2.33333333333333,0.034292210687424864,0.0,53.0,0.4907821800349863 < CountInput_Mean <= 3.058906243303005,0.04343679071523361
CountClassCoupled,7.0,0.030375369713232448,0.0,71.0,5.496626413283925 < CountClassCoupled <= 11.47998037051897,0.038475459898400705
