feature,value,importance,min,max,rule,importance_ratio
Del_lines,7.0,0.41114148582727444,0.0,199.0,2.5289990112893617 < Del_lines <= 26.52313278361831,0.39772691211199734
CountLineComment,164.0,0.23870768296545147,0.0,1043.0,115.41967126776413 < CountLineComment <= 699.3640439784572,0.23091921617256667
CountClassCoupled,22.0,0.06260361941616996,0.0,71.0,13.494783233669544 < CountClassCoupled <= 29.979533932174256,0.060561011466228915
CountDeclInstanceVariable,29.0,0.0394292621317256,0.0,146.0,CountDeclInstanceVariable > 21.48866785028532,0.03814277861780644
PercentLackOfCohesion,96.0,-0.03841382518802534,0.0,100.0,87.34091357357666 < PercentLackOfCohesion <= 98.81412948487389,0.037160472978545266
