feature,value,importance,min,max,rule,importance_ratio
Del_lines,0.0,-0.37777369550813245,0.0,199.0,Del_lines <= 0.46980096366411606,0.2768167064509112
CountLineComment,1049.0,0.18378617183628365,0.0,1043.0,CountLineComment > 699.3640439784572,0.13467079202142612
CountClassCoupled,53.0,0.16253633084157545,0.0,71.0,CountClassCoupled > 29.979533932174256,0.11909980053444989
CountDeclInstanceVariable,23.0,0.14518451733594762,0.0,146.0,CountDeclInstanceVariable > 21.48866785028532,0.10638511996592169
MaxNesting_Min,0.0,0.07223343913559174,0.0,3.0,MaxNesting_Min <= 0.501000195972367,0.05292963209161929
