feature,value,importance,min,max,rule,importance_ratio
Del_lines,11.0,0.4464326736891982,0.0,199.0,2.5289990112893617 < Del_lines <= 26.52313278361831,0.46700138080106074
CountDeclMethodPrivate,3.0,0.1259118988493556,0.0,45.0,2.5013623156651215 < CountDeclMethodPrivate <= 3.506738395921374,0.13171309827306507
CountLineComment,71.0,0.10940965303821172,0.0,1043.0,62.623453625955555 < CountLineComment <= 100.40005762828412,0.1144505365603712
OWN_LINE,0.659574468085106,0.0423248065973494,0.303571428571429,1.0,0.5955472712676014 < OWN_LINE <= 0.7450487944368737,0.04427485775125124
CountDeclInstanceVariable,14.0,0.03359711427938833,0.0,146.0,10.502374715445432 < CountDeclInstanceVariable <= 15.513666320810996,0.035145050270958725
