feature,value,importance,min,max,rule,importance_ratio
MAJOR_LINE,8.0,0.12713041056867322,0.0,8.0,MAJOR_LINE > 6.499009783459988,0.13847519957469426
CountDeclMethodPrivate,11.0,0.1267979808880802,0.0,35.0,9.50662890126653 < CountDeclMethodPrivate <= 27.50246072787311,0.13811310472926144
CountClassCoupled,45.0,0.0928310098347612,0.0,57.0,CountClassCoupled > 27.481650794907907,0.10111500903747234
CountClassDerived,72.0,0.09122067806932614,0.0,238.0,45.00209639911836 < CountClassDerived <= 192.0024009933494,0.09936097543054369
CountDeclClass,22.0,0.08873071718647756,1.0,23.0,CountDeclClass > 10.498484547912527,0.09664881687899565
