feature,value,importance,left,right,rec,rule,min,max
OWN_COMMIT,0.0,-0.0254235634910796,0.0823678792991347,1.0,1,OWN_COMMIT <= 0.0823678792991347,0.0,1.0
CountDeclMethodPublic,8.0,-0.015052773262044409,10.42834381908749,205.0,1,6.460095965982637 < CountDeclMethodPublic <= 10.42834381908749,0.0,205.0
MAJOR_LINE,2.0,0.009742788218794214,0.0,1.505625548552707,-1,1.505625548552707 < MAJOR_LINE <= 2.492835724294319,0.0,12.0
CountClassCoupled,20.0,-0.0002723138005581918,24.508573690487815,128.0,1,16.508344142878215 < CountClassCoupled <= 24.508573690487815,0.0,128.0
