feature,value,importance,left,right,rec,rule,min,max
MAJOR_LINE,4.0,0.08176388598310132,0.0,2.492835724294319,-1,2.492835724294319 < MAJOR_LINE <= 4.497171535648503,0.0,12.0
OWN_COMMIT,0.0,-0.02967948838982803,0.0823678792991347,1.0,1,OWN_COMMIT <= 0.0823678792991347,0.0,1.0
CountClassCoupled,17.0,-0.005873591814199668,24.508573690487815,128.0,1,16.508344142878215 < CountClassCoupled <= 24.508573690487815,0.0,128.0
CountDeclMethodPublic,10.0,-0.005127821299284307,10.42834381908749,205.0,1,6.460095965982637 < CountDeclMethodPublic <= 10.42834381908749,0.0,205.0
