feature,value,importance,left,right,rec,rule,min,max
CountLineComment,994.0,0.2781876176014763,15.0,430.39806709852445,-1,CountLineComment > 430.39806709852445,15.0,3419.0
MAJOR_LINE,5.0,0.17646659342845009,0.0,4.497171535648503,-1,4.497171535648503 < MAJOR_LINE <= 7.503675252679776,0.0,12.0
OWN_COMMIT,0.0,-0.026187411887625352,0.0823678792991347,1.0,1,OWN_COMMIT <= 0.0823678792991347,0.0,1.0
CountDeclMethodPublic,55.0,0.003171449047634593,0.0,46.44782433188537,-1,CountDeclMethodPublic > 46.44782433188537,0.0,205.0
CountClassCoupled,16.0,0.0002258323353117387,0.0,11.482558914251676,-1,11.482558914251676 < CountClassCoupled <= 16.508344142878215,0.0,128.0
