feature,value,importance,left,right,rec,rule,min,max
CountLineComment,277.0,0.06833799755023806,15.0,254.46825531408285,-1,254.46825531408285 < CountLineComment <= 430.39806709852445,15.0,3419.0
OWN_COMMIT,0.0,-0.03644407138331614,0.0823678792991347,1.0,1,OWN_COMMIT <= 0.0823678792991347,0.0,1.0
MAJOR_LINE,2.0,0.021820876594715082,0.0,1.505625548552707,-1,1.505625548552707 < MAJOR_LINE <= 2.492835724294319,0.0,12.0
CountDeclMethodPublic,8.0,0.005182322335557836,0.0,6.460095965982637,-1,6.460095965982637 < CountDeclMethodPublic <= 10.42834381908749,0.0,205.0
