feature,value,importance,left,right,rec,rule,min,max
MAJOR_LINE,7.0,0.21484025799619125,0.0,4.497171535648503,-1,4.497171535648503 < MAJOR_LINE <= 7.503675252679776,0.0,12.0
OWN_COMMIT,0.0,-0.031299030304530226,0.0823678792991347,1.0,1,OWN_COMMIT <= 0.0823678792991347,0.0,1.0
CountClassCoupled,12.0,-0.020506959388101677,16.508344142878215,128.0,1,11.482558914251676 < CountClassCoupled <= 16.508344142878215,0.0,128.0
CountDeclMethodPublic,6.0,-0.004623122572391504,6.460095965982637,205.0,1,2.4918481128777863 < CountDeclMethodPublic <= 6.460095965982637,0.0,205.0
