feature,value,importance,left,right,rec,rule,min,max
MAJOR_LINE,1.0,-0.031108881090621897,1.505625548552707,12.0,1,0.5034576428756157 < MAJOR_LINE <= 1.505625548552707,0.0,12.0
OWN_COMMIT,0.0,-0.028191145707472626,0.0823678792991347,1.0,1,OWN_COMMIT <= 0.0823678792991347,0.0,1.0
CountClassCoupled,6.0,-0.011556498656310686,9.533785050090364,128.0,1,0.5078850476590215 < CountClassCoupled <= 9.533785050090364,0.0,128.0
CountDeclMethodPublic,9.0,-0.0010264546844026686,10.42834381908749,205.0,1,6.460095965982637 < CountDeclMethodPublic <= 10.42834381908749,0.0,205.0
