feature,value,importance,left,right,rec,rule,min,max
OWN_COMMIT,0.0,-0.025215189365899598,0.0823678792991347,1.0,1,OWN_COMMIT <= 0.0823678792991347,0.0,1.0
CountDeclMethodPublic,13.0,0.00669230902694736,0.0,10.42834381908749,-1,10.42834381908749 < CountDeclMethodPublic <= 13.480842167629682,0.0,205.0
MAJOR_LINE,2.0,0.00607648934342883,0.0,1.505625548552707,-1,1.505625548552707 < MAJOR_LINE <= 2.492835724294319,0.0,12.0
CountClassCoupled,10.0,0.0034518295190579173,0.0,9.533785050090364,-1,9.533785050090364 < CountClassCoupled <= 11.482558914251676,0.0,128.0
