feature,value,importance,left,right,rec,rule,min,max
MAJOR_LINE,6.0,0.2364884574525465,0.0,4.497171535648503,-1,4.497171535648503 < MAJOR_LINE <= 7.503675252679776,0.0,12.0
OWN_COMMIT,0.0,-0.01941112799809146,0.0823678792991347,1.0,1,OWN_COMMIT <= 0.0823678792991347,0.0,1.0
CountDeclMethodPublic,0.0,-0.017267192998249387,2.4918481128777863,205.0,1,CountDeclMethodPublic <= 2.4918481128777863,0.0,205.0
CountClassCoupled,5.0,-0.012161055457599539,9.533785050090364,128.0,1,0.5078850476590215 < CountClassCoupled <= 9.533785050090364,0.0,128.0
CountLineComment,122.0,-0.004620520939935218,252.3227698045165,3419.0,1,78.53844352964126 < CountLineComment <= 252.3227698045165,15.0,3419.0
