feature,value,importance,left,right,rec,rule,min,max
MAJOR_LINE,9.0,0.3136482476522163,0.0,7.503675252679776,-1,MAJOR_LINE > 7.503675252679776,0.0,12.0
CountLineComment,620.0,0.275331165391411,15.0,430.39806709852445,-1,CountLineComment > 430.39806709852445,15.0,3419.0
CountDeclMethodPublic,54.0,0.01866569491610826,0.0,46.44782433188537,-1,CountDeclMethodPublic > 46.44782433188537,0.0,205.0
CountClassCoupled,18.0,0.011257969320640498,0.0,16.508344142878215,-1,16.508344142878215 < CountClassCoupled <= 24.508573690487815,0.0,128.0
OWN_COMMIT,1.0,0.0021108730196243357,0.0,0.9396574894715668,-1,OWN_COMMIT > 0.9396574894715668,0.0,1.0
