feature,value,importance,left,right,rec,rule,min,max
MAJOR_LINE,7.0,0.21426954918207516,0.0,4.497171535648503,-1,4.497171535648503 < MAJOR_LINE <= 7.503675252679776,0.0,12.0
OWN_COMMIT,0.0,-0.03532852995159189,0.0823678792991347,1.0,1,OWN_COMMIT <= 0.0823678792991347,0.0,1.0
CountClassCoupled,14.0,-0.018820795311557056,16.508344142878215,128.0,1,11.482558914251676 < CountClassCoupled <= 16.508344142878215,0.0,128.0
CountDeclMethodPublic,1.0,-0.013987087019002108,2.4918481128777863,205.0,1,CountDeclMethodPublic <= 2.4918481128777863,0.0,205.0
