feature,value,importance,left,right,rec,rule,min,max
MAJOR_LINE,0.0,-0.05472297794759711,0.5034576428756157,12.0,1,MAJOR_LINE <= 0.5034576428756157,0.0,12.0
OWN_COMMIT,0.0,-0.027078387635617766,0.0823678792991347,1.0,1,OWN_COMMIT <= 0.0823678792991347,0.0,1.0
CountClassCoupled,8.0,-0.012961839793822016,9.533785050090364,128.0,1,0.5078850476590215 < CountClassCoupled <= 9.533785050090364,0.0,128.0
CountLineComment,128.0,-0.0028204595800789285,252.3227698045165,3419.0,1,78.53844352964126 < CountLineComment <= 252.3227698045165,15.0,3419.0
