feature,value,importance,left,right,rec,rule,min,max
CountLineComment,1051.0,0.25805194304166956,15.0,430.39806709852445,-1,CountLineComment > 430.39806709852445,15.0,3419.0
MAJOR_LINE,7.0,0.19086435699536491,0.0,4.497171535648503,-1,4.497171535648503 < MAJOR_LINE <= 7.503675252679776,0.0,12.0
OWN_COMMIT,0.0,-0.02622660821593976,0.0823678792991347,1.0,1,OWN_COMMIT <= 0.0823678792991347,0.0,1.0
CountClassCoupled,40.0,0.022559434669322972,0.0,24.508573690487815,-1,24.508573690487815 < CountClassCoupled <= 42.45780664986833,0.0,128.0
CountDeclMethodPublic,206.0,0.022309229762972917,0.0,46.44782433188537,-1,CountDeclMethodPublic > 46.44782433188537,0.0,205.0
