feature,value,importance,left,right,rec,rule,min,max
MAJOR_LINE,3.0,0.08899056439511893,0.0,2.492835724294319,-1,2.492835724294319 < MAJOR_LINE <= 4.497171535648503,0.0,12.0
CountDeclMethodPublic,15.0,0.01973035398176441,0.0,13.480842167629682,-1,13.480842167629682 < CountDeclMethodPublic <= 21.569962791266494,0.0,205.0
CountLineComment,237.0,-0.010885203762202854,252.3227698045165,3419.0,1,78.53844352964126 < CountLineComment <= 252.3227698045165,15.0,3419.0
OWN_COMMIT,1.0,0.008666901243557243,0.0,0.9396574894715668,-1,OWN_COMMIT > 0.9396574894715668,0.0,1.0
