feature,value,importance,left,right,rec,rule,min,max
CountClassCoupled,23.0,0.04866956816755429,0.0,22.548600364051904,-1,CountClassCoupled > 22.548600364051904,0.0,146.0
CountInput_Mean,2.6271186440678,-0.011151166275388815,2.9782713848201823,51.0,1,1.530259356362008 < CountInput_Mean <= 2.9782713848201823,0.0,51.0
PercentLackOfCohesion,100.0,0.007727002892634299,0.0,99.31264461386067,-1,PercentLackOfCohesion > 99.31264461386067,0.0,100.0
RatioCommentToCode,0.09000000000000008,0.00749304747669614,0.0,0.018923921867571636,-1,0.018923921867571636 < RatioCommentToCode <= 0.2491224356128714,0.0,10.67
