feature,value,importance,left,right,rec,rule,min,max
CountClassCoupled,17.0,0.04474128754618942,0.0,15.514444620491176,-1,15.514444620491176 < CountClassCoupled <= 21.543720972114656,0.0,146.0
CountInput_Mean,4.31884057971014,0.01936898728734848,0.0,3.2381709796716494,-1,CountInput_Mean > 3.2381709796716494,0.0,51.0
PercentLackOfCohesion,88.0,0.010727068912767054,0.0,85.31518137650602,-1,85.31518137650602 < PercentLackOfCohesion <= 99.31264461386067,0.0,100.0
RatioCommentToCode,0.26,0.006167528568645889,0.0,0.2491224356128714,-1,0.2491224356128714 < RatioCommentToCode <= 0.40849063743654046,0.0,10.67
