Antecedent,Antecedent Coverage %,Confidence,Lift
-0.44 < CountDeclMethodProtected <= 1.12,0.79358,0.72782,1.03946
0.9 < Added_lines <= 8,0.47174,0.91777,1.31074
-0.3 < CountDeclMethodPrivate <= 0.21,0.43439,0.78501,1.12113
18.5 < CountLineComment <= 52,0.28592,0.88945,1.27029
0.775 < MAJOR_LINE <= 1.095,0.24377,0.84872,1.21213
0.6 < CountDeclMethodPublic <= 3.4,0.24138,0.81746,1.16748
0.65 < CountClassCoupled <= 2.95,0.22749,0.83368,1.19065
MAJOR_LINE <= 0.095,0.22701,0.92405,1.31971
