Antecedent,Antecedent Coverage %,Confidence,Lift
-1.8 < CountDeclClassVariable <= 0.2,0.50207,0.71651,1.078
-32.5 < Added_lines <= 6.5,0.48411,0.95718,1.44009
-0.35 < CountDeclInstanceVariable <= 1.9,0.3731,0.73704,1.10888
0.745 < MAJOR_LINE <= 1.14,0.27821,0.75,1.12838
MAJOR_LINE <= 0.11,0.23261,0.88119,1.32575
PercentLackOfCohesion <= 2.5,0.23215,0.75595,1.13733
CountLineComment <= 35,0.21833,0.93249,1.40293
0.951 < OWN_LINE <= 0.98,0.21327,0.78402,1.17956
