Antecedent,Antecedent Coverage %,Confidence,Lift
-2.4 < Added_lines <= 7.6,0.54701,0.875,1.31813
-0.5 < CountDeclClassVariable <= 0.21,0.42403,0.73796,1.11169
-0.135 < CountDeclMethodPrivate <= 0.355,0.35375,0.75302,1.13438
0.85 < MAJOR_LINE <= 1.155,0.27778,0.77265,1.16395
0.85 < MAJOR_LINE <= 1.155 & 0.9635 < CountDeclClass <= 1.023,0.23219,0.84254,1.26923
CountOutput_Min <= 0.415,0.2056,0.78291,1.17941
