Antecedent,Antecedent Coverage %,Confidence,Lift
-10 < Added_lines <= 12,0.49141,0.84175,1.27479
1.14 < CountInput_Mean <= 2.64,0.23712,0.75252,1.13965
PercentLackOfCohesion <= 3.5,0.22519,0.84958,1.28664
MAJOR_LINE <= 0.095,0.22376,0.91258,1.38206
MaxNesting_Mean <= 0.07,0.21422,0.83296,1.26148
0.81 < MAJOR_LINE <= 1.175,0.21231,0.81348,1.23198
31 < CountLineComment <= 57,0.21135,0.81038,1.22729
