Antecedent,Antecedent Coverage %,Confidence,Lift
-4.8 < Added_lines <= 9.6,0.46644,0.84796,1.36205
-0.64 < CountDeclMethodDefault <= 0.29,0.38839,0.69118,1.11022
9 < CountLineComment <= 68,0.33889,0.77528,1.24531
0.9465 < OWN_LINE <= 0.9805,0.23608,0.71573,1.14965
MAJOR_LINE <= 0.095,0.23275,0.86503,1.38947
PercentLackOfCohesion <= 4,0.21038,0.81448,1.30827
CountOutput_Min <= 0.295,0.20514,0.7239,1.16277
CountInput_Mean <= 2.08,0.20466,0.77674,1.24766
