Antecedent,Antecedent Coverage %,Confidence,Lift
-0.245 < CountDeclClassMethod <= 0.045,0.57143,0.93522,1.08388
0.795 < CountPath_Min <= 1.08,0.56621,0.92624,1.07348
-0.0225 < OWN_COMMIT <= 0.0095,0.56573,0.90185,1.04521
-0.24 < AvgLineBlank <= 0.055,0.50688,0.90075,1.04394
-0.102 < MAJOR_LINE <= 0.07,0.49027,0.9061,1.05014
0.914 < CountDeclClass <= 1.032,0.46891,0.917,1.06278
-0.245 < CountDeclMethodPrivate <= 0.14,0.4485,0.95344,1.105
0.934 < CountClassBase <= 1.096,0.31704,0.92216,1.06875
