Antecedent,Antecedent Coverage %,Confidence,Lift
RatioCommentToCode > 2.14,0.19598,0.97039,1.18327
15.8 < CountLineComment <= 29.8,0.30714,0.93895,1.14494
1.08 < MINOR_LINE <= 1.83,0.16116,0.92521,1.12818
0.91 < RatioCommentToCode <= 2.14,0.18571,0.91827,1.11972
MINOR_LINE <= 1.08,0.23259,0.91363,1.11406
0.545 < RatioCommentToCode <= 0.91,0.21295,0.91195,1.11201
2.5 < PercentLackOfCohesion <= 31,0.1683,0.90186,1.09971
