Antecedent,Antecedent Coverage %,Confidence,Lift
RatioCommentToCode > 1.815,0.1942,0.95862,1.16702
1.03 < MINOR_LINE <= 1.68,0.13482,0.94371,1.14886
17.2 < CountLineComment <= 28.2,0.27277,0.93617,1.13969
0.85 < RatioCommentToCode <= 1.815,0.20759,0.92903,1.131
-0.018 < OWN_COMMIT <= 0.0165 & 0.924 < CountPath_Min <= 1.09,0.36429,0.92647,1.12788
1.1 < CountInput_Mean <= 2.3,0.21295,0.92034,1.12041
3.5 < PercentLackOfCohesion <= 33.5,0.1808,0.91852,1.1182
0.03 < MaxNesting_Mean <= 0.405,0.16071,0.91667,1.11594
1.1 < CountClassBase <= 1.615,0.13929,0.91667,1.11594
