feature,value,importance,left,right,rec,rule,min,max
MAJOR_LINE,3.0,0.28370107792969274,0.0,2.503347321568387,-1,2.503347321568387 < MAJOR_LINE <= 5.505000175998428,0.0,10.0
OWN_LINE,0.856521739130435,0.028274224251464575,0.281553398058252,0.8116920473637016,-1,0.8116920473637016 < OWN_LINE <= 0.8930537701690927,0.281553398058252,1.0
CountClassCoupled,20.0,-0.0004943184549723018,20.500994623023644,126.0,1,12.516570532282248 < CountClassCoupled <= 20.500994623023644,0.0,126.0
