feature,value,importance,left,right,rec,rule,min,max
MAJOR_LINE,2.0,0.06538322932591988,0.0,1.498903175727984,-1,1.498903175727984 < MAJOR_LINE <= 2.503347321568387,0.0,10.0
OWN_LINE,0.959899749373434,-0.05214535340546588,0.9680591083803126,1.0,1,0.8930537701690927 < OWN_LINE <= 0.9680591083803126,0.281553398058252,1.0
CountClassCoupled,18.0,-0.0063845869026065245,20.500994623023644,126.0,1,12.516570532282248 < CountClassCoupled <= 20.500994623023644,0.0,126.0
