feature,value,importance,left,right,rec,rule,min,max
MAJOR_LINE,4.0,0.2768969336452759,0.0,2.503347321568387,-1,2.503347321568387 < MAJOR_LINE <= 5.505000175998428,0.0,10.0
OWN_LINE,0.980169971671388,-0.06891667705293113,1.0,1.0,1,OWN_LINE > 0.9680591083803126,0.281553398058252,1.0
CountClassCoupled,21.0,0.03754218231428834,0.0,20.500994623023644,-1,20.500994623023644 < CountClassCoupled <= 42.45816087256249,0.0,126.0
