feature,value,importance,left,right,rec,rule,min,max
MAJOR_LINE,0.0,-0.10873426849048433,0.49445902988758095,10.0,1,MAJOR_LINE <= 0.49445902988758095,0.0,10.0
OWN_LINE,0.7550226830849,0.10858731407014151,0.281553398058252,0.571420709704031,-1,0.571420709704031 < OWN_LINE <= 0.8116920473637016,0.281553398058252,1.0
CountClassCoupled,1.0,-0.018798109371720773,6.5282524642262025,126.0,1,0.5399343961701559 < CountClassCoupled <= 6.5282524642262025,0.0,126.0
