feature,value,importance,left,right,rec,rule,min,max
MAJOR_LINE,2.0,0.06752388090872961,0.0,1.498903175727984,-1,1.498903175727984 < MAJOR_LINE <= 2.503347321568387,0.0,10.0
OWN_LINE,0.965804066543438,-0.041221420379111764,0.9680591083803126,1.0,1,0.8930537701690927 < OWN_LINE <= 0.9680591083803126,0.281553398058252,1.0
CountClassCoupled,8.0,-0.016356038050719304,12.516570532282248,126.0,1,6.5282524642262025 < CountClassCoupled <= 12.516570532282248,0.0,126.0
