feature,value,importance,left,right,rec,rule,min,max
MAJOR_LINE,6.0,0.4482940636417955,0.0,5.505000175998428,-1,MAJOR_LINE > 5.505000175998428,0.0,10.0
OWN_LINE,0.49563838223632,0.25242282388474674,0.281553398058252,0.441750463982939,-1,0.441750463982939 < OWN_LINE <= 0.571420709704031,0.281553398058252,1.0
CountClassCoupled,12.0,-0.022527830733463414,12.516570532282248,126.0,1,6.5282524642262025 < CountClassCoupled <= 12.516570532282248,0.0,126.0
