feature,value,importance,left,right,rec,rule,min,max
MAJOR_LINE,7.0,0.4374669894410011,0.0,5.505000175998428,-1,MAJOR_LINE > 5.505000175998428,0.0,10.0
OWN_LINE,0.957658779576588,-0.05583408756914872,0.9680591083803126,1.0,1,0.8930537701690927 < OWN_LINE <= 0.9680591083803126,0.281553398058252,1.0
CountClassCoupled,10.0,-0.013352346257376831,12.516570532282248,126.0,1,6.5282524642262025 < CountClassCoupled <= 12.516570532282248,0.0,126.0
