feature,value,importance,left,right,rec,rule,min,max
MAJOR_LINE,0.0,-0.10657301708830498,0.49445902988758095,10.0,1,MAJOR_LINE <= 0.49445902988758095,0.0,10.0
OWN_LINE,1.0,-0.06909368938370541,1.0,1.0,1,OWN_LINE > 0.9680591083803126,0.281553398058252,1.0
CountClassCoupled,2.0,-0.010709703514125247,6.5282524642262025,126.0,1,0.5399343961701559 < CountClassCoupled <= 6.5282524642262025,0.0,126.0
