feature,value,importance,left,right,rec,rule,min,max
OWN_LINE,0.541176470588235,0.2506800961733747,0.281553398058252,0.441750463982939,-1,0.441750463982939 < OWN_LINE <= 0.571420709704031,0.281553398058252,1.0
CountDeclClass,1.0,-0.15810323689565503,1.5005966587345618,13.0,1,CountDeclClass <= 1.5005966587345618,1.0,13.0
MAJOR_LINE,0.0,-0.11133301667646102,0.49445902988758095,10.0,1,MAJOR_LINE <= 0.49445902988758095,0.0,10.0
CountClassCoupled,4.0,-0.014316000782560848,6.5282524642262025,126.0,1,0.5399343961701559 < CountClassCoupled <= 6.5282524642262025,0.0,126.0
