feature,value,importance,left,right,rec,rule,min,max
OWN_LINE,0.978300180831826,-0.07409606403886534,1.0,1.0,1,OWN_LINE > 0.9680591083803126,0.281553398058252,1.0
MAJOR_LINE,2.0,0.06277832088891214,0.0,1.498903175727984,-1,1.498903175727984 < MAJOR_LINE <= 2.503347321568387,0.0,10.0
CountClassCoupled,27.0,0.04991983636422634,0.0,20.500994623023644,-1,20.500994623023644 < CountClassCoupled <= 42.45816087256249,0.0,126.0
