feature,value,importance,left,right,rec,rule,min,max
MAJOR_LINE,5.0,0.29895001828999135,0.0,2.503347321568387,-1,2.503347321568387 < MAJOR_LINE <= 5.505000175998428,0.0,10.0
CountClassCoupled,59.0,0.256055237627215,0.0,45.50484901245065,-1,CountClassCoupled > 45.50484901245065,0.0,126.0
OWN_LINE,0.933299127757825,-0.039432633267618866,0.9680591083803126,1.0,1,0.8930537701690927 < OWN_LINE <= 0.9680591083803126,0.281553398058252,1.0
