Antecedent,Antecedent Coverage %,Confidence,Lift
-0.001 < AvgLineBlank <= 0.098,0.72509,0.95753,1.02483
0.99 < AvgEssential <= 1.164,0.69746,0.95909,1.0265
0.34 < CountDeclClass <= 1.06,0.58832,0.98306,1.05216
-0.73 < CountDeclMethodPrivate <= 0.21,0.54529,0.99086,1.06051
-46 < Added_lines <= 21,0.46558,0.99416,1.06404
-0.6 < CountDeclClassMethod <= 0.41,0.44746,0.99089,1.06054
-0.008 < MaxNesting_Mean <= 0.172,0.30163,0.997,1.06707
-0.02 < MAJOR_LINE <= 0.51,0.29846,0.9742,1.04268
