Antecedent,Antecedent Coverage %,Confidence,Lift
MAJOR_COMMIT <= 0.055,0.24977,0.99436,1.11708
0.055 < MAJOR_COMMIT <= 0.64,0.15023,0.975,1.09533
1.12 < MAJOR_COMMIT <= 1.965,0.15023,0.975,1.09533
0.1 < CountDeclInstanceVariable <= 0.8,0.14131,0.97342,1.09356
OWN_COMMIT <= 0.025,0.24272,0.96518,1.0843
0.96 < CountDeclMethodPublic <= 2.68,0.20939,0.96413,1.08312
1.8 < CountClassCoupled <= 3.46,0.21362,0.95604,1.07404
0.4 < CountClassCoupled <= 1.8,0.18779,0.9525,1.07006
0.64 < MAJOR_COMMIT <= 1.12,0.22911,0.95082,1.06817
