Antecedent,Antecedent Coverage %,Confidence,Lift
0.04 < MAJOR_COMMIT <= 0.6,0.13686,0.98276,1.09951
MAJOR_COMMIT <= 0.04,0.26899,0.9807,1.09721
OWN_COMMIT <= 0.02,0.25295,0.96828,1.08331
CountClassCoupled <= 0.42,0.20623,0.95881,1.07271
20.75 < CountLineComment <= 23,0.20859,0.95701,1.0707
0.6 < MAJOR_COMMIT <= 1.14,0.21331,0.95133,1.06434
-0.09 < CountDeclInstanceVariable <= 0.55,0.28646,0.94234,1.05429
-0.06 < CountDeclClassMethod <= 0.245,0.75035,0.91887,1.02803
