Antecedent,Antecedent Coverage %,Confidence,Lift
-0.17 < MAJOR_LINE <= 0.54,0.30755,0.94753,1.07394
OWN_COMMIT > 0.99,0.25629,0.94444,1.07044
0.3 < CountClassCoupled <= 3.4,0.23066,0.96502,1.09376
MAJOR_COMMIT <= 0.1,0.22544,0.99158,1.12386
MaxNesting_Mean <= 0.065,0.21547,0.94934,1.07599
