Antecedent,Antecedent Coverage %,Confidence,Lift
-0.005 < CountDeclMethodProtected <= 0.34,0.68188,0.91562,1.03524
-0.555 < CountDeclMethodDefault <= 0.105,0.5554,0.92466,1.04546
-1.22 < CountDeclClassVariable <= 0.8,0.35045,0.95794,1.08309
0.965 < MINOR_LINE <= 1.27,0.30813,0.93981,1.0626
0.99 < MAJOR_COMMIT <= 1.49,0.2991,0.95866,1.08391
0.832 < OWN_COMMIT <= 1.008,0.29244,0.94309,1.0663
20.6 < CountLineComment <= 36.4,0.24346,0.96094,1.08648
MAJOR_LINE <= 0.07,0.2368,0.98594,1.11475
3.65 < CountClassCoupled <= 6.95,0.2097,0.97052,1.09732
