Antecedent,Antecedent Coverage %,Confidence,Lift
0.872 < CountClassBase <= 1.062,0.38557,0.97044,1.05894
-0.26 < CountDeclClassVariable <= 1.4,0.32289,0.96176,1.04947
15.8 < CountLineComment <= 35,0.30817,0.96302,1.05084
OWN_COMMIT > 0.99,0.26591,0.96964,1.05807
MINOR_LINE <= 1.03,0.26448,0.98205,1.0716
0.9 < MAJOR_COMMIT <= 1.36,0.25831,0.96875,1.05709
1.51 < MINOR_LINE <= 2.025,0.25783,0.96501,1.05301
