Antecedent,Antecedent Coverage %,Confidence,Lift
-0.2 < CountClassDerived <= 0.03,0.5563,0.9211,1.04925
-0.88 < CountDeclMethodDefault <= 0.3,0.46279,0.93711,1.06749
0.898 < CountClassBase <= 1.066,0.35639,0.92905,1.05831
0.41 < MAJOR_COMMIT <= 1.01,0.30773,0.96589,1.10028
0.804 < OWN_COMMIT <= 1.002,0.30439,0.95455,1.08735
-0.4 < CountDeclClassVariable <= 0.72,0.3001,0.95231,1.0848
0.995 < MINOR_LINE <= 1.455,0.29819,0.9648,1.09903
-0.55 < CountClassCoupled <= 3.85,0.29532,0.97092,1.10601
19.6 < CountLineComment <= 36.8,0.29532,0.96123,1.09496
