Antecedent,Antecedent Coverage %,Confidence,Lift
-0.27 < CountClassDerived <= 0.135,0.51094,0.93762,1.03295
0.888 < CountClassBase <= 1.046,0.33873,0.97191,1.07073
0.836 < OWN_COMMIT <= 1.004,0.30209,0.97795,1.07739
0.44 < MAJOR_COMMIT <= 1,0.30162,0.98423,1.0843
-0.04 < MAJOR_LINE <= 0.72,0.27355,0.9913,1.0921
0.8 < CountClassCoupled <= 4.55,0.255,0.98694,1.08729
CountDeclClassVariable <= 0.22,0.22265,0.98504,1.0852
0.22 < CountDeclClassVariable <= 1.11,0.22027,0.97624,1.0755
CountLineComment <= 23.8,0.21694,0.98684,1.08718
