Antecedent,Antecedent Coverage %,Confidence,Lift
-0.54 < CountDeclMethodDefault <= 0.16,0.5547,0.93208,1.03968
7 < CountLineComment <= 32,0.34271,0.95232,1.06226
0.814 < OWN_COMMIT <= 1,0.30322,0.94611,1.05533
0.96 < MAJOR_COMMIT <= 1.51,0.28688,0.9557,1.06602
MAJOR_LINE <= 0.01,0.27417,0.97682,1.08959
0.65 < CountClassCoupled <= 3.8,0.24512,0.97222,1.08446
3.8 < CountClassCoupled <= 7.4,0.21562,0.96211,1.07317
MAJOR_COMMIT <= 0.31,0.20472,0.99778,1.11297
6.8 < PercentLackOfCohesion <= 37.4,0.19882,0.95662,1.06706
