Antecedent,Antecedent Coverage %,Confidence,Lift
-0.65 < CountDeclMethodProtected <= 0.01,0.6211,0.90888,1.03158
-1.92 < CountDeclMethodDefault <= 0,0.50168,0.95315,1.08183
MINOR_LINE <= 1.015,0.29592,0.96434,1.09453
17.4 < CountLineComment <= 35.4,0.28969,0.95695,1.08614
0.785 < OWN_COMMIT <= 1,0.28585,0.94128,1.06835
0.96 < MAJOR_COMMIT <= 1.56,0.26811,0.95707,1.08627
AvgLineComment <= 0.08,0.24125,0.96024,1.08987
0.81 < MAJOR_LINE <= 1.61,0.22878,0.96017,1.08979
