Antecedent,Antecedent Coverage %,Confidence,Lift
-0.104 < CountClassDerived <= 0.018,0.59587,0.95403,1.05323
-0.96 < CountDeclMethodDefault <= 0.1,0.54926,0.93351,1.03057
0.98 < MAJOR_COMMIT <= 1.3,0.34935,0.96149,1.06146
0.96 < OWN_COMMIT <= 1.022,0.31571,0.96043,1.06029
0.96 < MINOR_LINE <= 1.235,0.30802,0.95944,1.0592
20.2 < CountLineComment <= 35.2,0.29313,0.95082,1.04968
-0.26 < CountDeclClassVariable <= 0.66,0.28928,0.96678,1.0673
AvgLineComment <= 0,0.27871,0.95862,1.0583
MAJOR_LINE <= 0.02,0.26333,0.96898,1.06973
