Antecedent,Antecedent Coverage %,Confidence,Lift
-0.8 < CountDeclMethodDefault <= 0.22,0.44471,0.94162,1.07319
0.98 < MINOR_LINE <= 1.37,0.29856,0.93398,1.06448
20.2 < CountLineComment <= 40.2,0.25048,0.9501,1.08285
MAJOR_LINE <= 0.06,0.23702,0.95132,1.08424
1.32 < CountInput_Mean <= 2.92,0.21731,0.94248,1.07417
0.82 < MAJOR_LINE <= 1.58,0.2101,0.97483,1.11104
MaxNesting_Mean <= 0.09,0.20865,0.9424,1.07407
CountInput_Min > 1.805,0.20769,0.95139,1.08432
MAJOR_COMMIT <= 0.33,0.20577,0.99533,1.1344
