feature,value,importance,min,max,rule,importance_ratio
CountClassCoupled,47.0,0.303880315968013,0.0,157.0,19.49362632354891 < CountClassCoupled <= 149.5610677723453,0.218773650543259
CountDeclMethodPrivate,29.0,0.1536360560020537,0.0,142.0,CountDeclMethodPrivate > 11.499928754638997,0.11060775924089758
CountLineComment,157.0,0.0920899081028961,0.0,1197.0,139.18550424206813 < CountLineComment <= 1032.9057587741202,0.06629861927609856
CountDeclClassMethod,21.0,0.09080674128001408,0.0,211.0,15.44545905626391 < CountDeclClassMethod <= 62.48414591741797,0.0653748243629478
CountDeclClassVariable,14.0,0.07302261236588531,0.0,139.0,3.4671140433870056 < CountDeclClassVariable <= 57.97334749613853,0.05257143237001129
