feature,value,importance,min,max,rule,importance_ratio
CountClassCoupled,136.0,0.14341086767811922,0.0,157.0,19.49362632354891 < CountClassCoupled <= 149.5610677723453,0.14533380506825466
CountLineComment,575.0,0.12943496351201245,0.0,1197.0,139.18550424206813 < CountLineComment <= 1032.9057587741202,0.13117050374656916
CountDeclMethodPrivate,25.0,0.09004402857880635,0.0,142.0,CountDeclMethodPrivate > 11.499928754638997,0.09125139195451117
CountDeclClassMethod,12.0,0.07481837157791045,0.0,211.0,1.457935864937522 < CountDeclClassMethod <= 14.543038205210594,0.0758215803758596
CountDeclInstanceMethod,459.0,0.05508106942881436,0.0,498.0,CountDeclInstanceMethod > 58.48551584081087,0.05581962885327194
