feature,value,importance,min,max,rule,importance_ratio
MINOR_COMMIT,0.0,-0.23904959825214822,0.0,5.0,MINOR_COMMIT <= 0.5016356687429404,0.28835048346286135
CountClassCoupled,21.0,0.23656621704152733,0.0,132.0,19.508692962965362 < CountClassCoupled <= 35.464692589333026,0.28535493702421055
CountDeclMethodDefault,0.0,-0.05343029023196472,0.0,82.0,CountDeclMethodDefault <= 0.5004260767643754,0.06444959595245658
AvgEssential,1.0,0.044040576752054784,0.0,8.0,0.5019759519046524 < AvgEssential <= 1.4993489372823758,0.05312337561447513
MINOR_LINE,1.0,-0.04051841429538959,0.0,9.0,0.5050412694812576 < MINOR_LINE <= 1.5053171832165138,0.04887481274451005
