feature,value,importance,min,max,rule,importance_ratio
MINOR_COMMIT,0.0,-0.24122970390682577,0.0,5.0,MINOR_COMMIT <= 0.5016356687429404,0.37619510486196983
AvgLineComment,7.0,0.08816393883533193,0.0,41.0,AvgLineComment > 5.504555268674634,0.13749070565543858
AvgEssential,2.0,-0.04967947822851919,0.0,8.0,1.4993489372823758 < AvgEssential <= 2.5022019940083284,0.07747460706117833
MAJOR_LINE,5.0,0.044643464533885166,0.0,11.0,3.500975425350002 < MAJOR_LINE <= 8.507443078039072,0.06962099836682402
OWN_COMMIT,0.666666666666667,0.03584142766969556,0.0,1.0,0.48523577667359796 < OWN_COMMIT <= 0.9163585933794693,0.055894317417111025
