feature,value,importance,min,max,rule,importance_ratio
CountClassCoupled,37.0,0.4891639119358299,0.0,132.0,CountClassCoupled > 35.464692589333026,0.41855828031371756
MINOR_COMMIT,0.0,-0.2458180918171442,0.0,5.0,MINOR_COMMIT <= 0.5016356687429404,0.21033685288394852
CountDeclMethodDefault,7.0,0.0746916789418232,0.0,82.0,1.5073097577855388 < CountDeclMethodDefault <= 39.50392024684733,0.0639107258912734
AvgLineComment,0.0,-0.04943357545381467,0.0,41.0,AvgLineComment <= 0.49672922159592847,0.04229836221937271
CountOutput_Mean,6.8961038961039,0.04372396349962266,0.0,31.0,6.249004721764796 < CountOutput_Mean <= 12.226877636268407,0.03741287229975093
