Antecedent,Antecedent Coverage %,Confidence,Lift
0.48 < CountDeclMethodPublic <= 2.22,0.22254,1.0,1.04283
OWN_LINE > 0.976,0.20917,0.99772,1.04045
0.92 < CountInput_Mean <= 1.95,0.23591,0.99393,1.0365
-0.0195 < OWN_COMMIT <= 0.004,0.60554,0.98659,1.02885
-0.084 < MAJOR_LINE <= 0.02,0.55874,0.97863,1.02055
0.965 < CountDeclClass <= 1.185,0.77985,0.97612,1.01792
