Antecedent,Antecedent Coverage %,Confidence,Lift
CountClassCoupled <= 0.26,0.17625,0.99728,1.06896
0 < CountDeclMethodPublic <= 2.55,0.26149,0.99634,1.06794
CountDeclMethodPublic <= 0,0.17481,0.99178,1.06306
-0.175 < MAJOR_LINE <= 0.045,0.50096,0.9914,1.06265
OWN_LINE > 0.978,0.21121,0.98866,1.05972
-0.12 < CountDeclInstanceVariable <= 0.75,0.31274,0.98469,1.05545
PercentLackOfCohesion <= 2.5,0.22462,0.98294,1.05359
0.812 < CountClassBase <= 1.028,0.43487,0.98238,1.05298
0.26 < CountClassCoupled <= 1.86,0.20833,0.98161,1.05216
