feature,value,importance,left,right,rec,rule,min,max
CountClassCoupled,11.0,0.07406304262597287,0.0,10.492249034455536,-1,10.492249034455536 < CountClassCoupled <= 17.999561761991284,0.0,64.0
CountDeclMethodPublic,22.0,0.0705390786401528,0.0,19.46203008474309,-1,19.46203008474309 < CountDeclMethodPublic <= 97.97323714609264,0.0,130.0
CountDeclClass,1.0,-0.017877495969753507,1.5031601220480126,26.0,1,0.495988191844156 < CountDeclClass <= 1.5031601220480126,0.0,26.0
CountDeclMethodPrivate,1.0,-0.00947260110946639,1.4992350253535944,15.0,1,0.49821395562185433 < CountDeclMethodPrivate <= 1.4992350253535944,0.0,15.0
