feature,value,importance,left,right,rec,rule,min,max
CountClassCoupled,15.0,0.057185262270262,0.0,10.492249034455536,-1,10.492249034455536 < CountClassCoupled <= 17.999561761991284,0.0,64.0
AvgLineBlank,0.0,-0.03990118609503844,0.4964566109928017,7.0,1,AvgLineBlank <= 0.4964566109928017,0.0,7.0
CountDeclMethodPrivate,0.0,-0.020953275902121555,0.49821395562185433,15.0,1,CountDeclMethodPrivate <= 0.49821395562185433,0.0,15.0
CountDeclMethodPublic,15.0,0.010312772530929736,0.0,13.516679342545459,-1,13.516679342545459 < CountDeclMethodPublic <= 18.48471215451882,0.0,130.0
CountDeclClass,2.0,0.0022285670833858827,0.0,1.5031601220480126,-1,1.5031601220480126 < CountDeclClass <= 2.495299635383155,0.0,26.0
