feature,value,importance,min,max,rule,importance_ratio
OWN_COMMIT,1.0,-0.2437065777299367,0.333333333333333,1.0,OWN_COMMIT > 0.9368453960027526,0.21568645193558872
AvgLineComment,6.0,0.10567290094664265,0.0,17.0,AvgLineComment > 5.490640205546616,0.09352317562876553
CountDeclClassMethod,2.0,0.06790843921145098,0.0,45.0,1.5048573714680422 < CountDeclClassMethod <= 5.49265425500449,0.06010067699622149
CountClassCoupled,12.0,0.06607375228734745,0.0,72.0,10.530567416416119 < CountClassCoupled <= 13.472409202599035,0.05847693291529224
MAJOR_LINE,2.0,0.06338137906128549,0.0,4.0,1.5001131782652153 < MAJOR_LINE <= 2.501732967083082,0.05609411488130716
