feature,value,importance,min,max,rule,importance_ratio
OWN_COMMIT,1.0,-0.3200121795532044,0.333333333333333,1.0,OWN_COMMIT > 0.9368453960027526,0.21159385759723084
AvgLineComment,15.0,0.2029115922678334,0.0,17.0,AvgLineComment > 5.490640205546616,0.13416628898028887
CountOutput_Min,18.0,0.2014979786645685,0.0,38.0,15.987887612809864 < CountOutput_Min <= 19.009210866579913,0.1332315996947612
MaxNesting_Min,1.0,0.10947173406474181,0.0,2.0,0.5001685788621237 < MaxNesting_Min <= 1.5005099565797209,0.07238332785007576
MaxInheritanceTree,5.0,0.0884227029367489,0.0,8.0,3.4939410393747887 < MaxInheritanceTree <= 6.493557767437586,0.058465589777498043
