feature,value,importance,min,max,rule,importance_ratio
OWN_COMMIT,0.0,0.2660106278957761,0.333333333333333,1.0,OWN_COMMIT <= 0.5145864139598059,0.40589559216208376
MaxNesting_Min,0.0,-0.04502091464017829,0.0,2.0,MaxNesting_Min <= 0.5001685788621237,0.06869571697982506
CountDeclClass,4.0,0.04190388325484903,1.0,18.0,3.5008323109943698 < CountDeclClass <= 4.496092998674365,0.06393955625818755
ADEV,0.0,-0.03723570727594343,1.0,23.0,ADEV <= 2.508258838423875,0.056816562458041
CountClassCoupled,5.0,0.028410829740208542,0.0,72.0,2.5017908749585693 < CountClassCoupled <= 7.527437259687721,0.043351014402839186
