feature,value,importance,min,max,rule,importance_ratio
OWN_COMMIT,0.0,0.34496887172530916,0.333333333333333,1.0,OWN_COMMIT <= 0.5145864139598059,0.4196319987633905
CountDeclMethodPublic,40.0,0.07214257922828918,0.0,129.0,28.511725725366688 < CountDeclMethodPublic <= 55.48663978166802,0.08775671429745469
RatioCommentToCode,1.25,-0.04397221042882011,0.03,13.17,0.7111032140919792 < RatioCommentToCode <= 2.742693543954961,0.053489308933889
ADEV,0.0,-0.041599822826622765,1.0,23.0,ADEV <= 2.508258838423875,0.05060345507011118
AvgCyclomaticModified,1.0,-0.041292892045168055,0.0,14.0,0.49835134447717677 < AvgCyclomaticModified <= 1.4992287643594169,0.05023009391245169
