feature,value,importance,min,max,rule,importance_ratio
MaxInheritanceTree,6.0,0.11560379042802063,0.0,6.0,MaxInheritanceTree > 5.498828709692271,0.19872310319374237
CountClassDerived,22.0,0.08896165770328077,0.0,64.0,16.01115810509175 < CountClassDerived <= 23.49307588740101,0.15292523384051937
OWN_COMMIT,1.0,0.06059881023373577,0.0,1.0,OWN_COMMIT > 0.5101466808561519,0.10416945305089054
MINOR_COMMIT,0.0,-0.041212172872646606,0.0,4.0,MINOR_COMMIT <= 0.5006692548886575,0.07084379199234468
CountDeclMethodProtected,7.0,0.034061701589558714,0.0,97.0,4.512094016369762 < CountDeclMethodProtected <= 14.996431434066727,0.058552120262448305
