feature,value,importance,min,max,rule,importance_ratio
CountDeclMethodPrivate,27.0,0.21298414439656568,0.0,274.0,11.449886802667034 < CountDeclMethodPrivate <= 166.53801694070535,0.25720190526762754
CountClassCoupled,76.0,0.10669930649786998,0.0,96.0,CountClassCoupled > 55.490746041173416,0.12885121096567986
CountDeclInstanceVariable,17.0,0.09943208652866219,0.0,73.0,15.502515182883194 < CountDeclInstanceVariable <= 17.98051819828462,0.12007523927363248
MINOR_COMMIT,6.0,0.06742329840023412,0.0,4.0,MINOR_COMMIT > 1.5002568035329802,0.0814210882087034
OWN_COMMIT,0.802325581395349,0.0578526196608941,0.0,1.0,OWN_COMMIT > 0.5101466808561519,0.06986343534474533
