feature,value,importance,min,max,rule,importance_ratio
OWN_COMMIT,1.0,0.1104332340830357,0.0,1.0,OWN_COMMIT > 0.9158840980681497,0.21674873303413147
CountDeclMethodPrivate,0.0,-0.05128245884505148,0.0,21.0,CountDeclMethodPrivate <= 0.5047804236063558,0.100652743477404
CountClassCoupled,14.0,0.05050500477323943,0.0,71.0,7.4740046828129625 < CountClassCoupled <= 14.476416159221149,0.09912682434213006
CountDeclClassMethod,2.0,0.041460031255717046,0.0,55.0,1.495871262913039 < CountDeclClassMethod <= 16.492609176389816,0.08137413814644967
MAJOR_LINE,3.0,0.03514680583012015,0.0,5.0,2.4961209246704383 < MAJOR_LINE <= 4.499384532543117,0.0689830891681313
