feature,value,importance,min,max,rule,importance_ratio
OWN_COMMIT,0.5,0.0819324113151958,0.0,1.0,0.1650142457143403 < OWN_COMMIT <= 0.524282117653962,0.12653234468469526
RatioCommentToCode,0.05,0.06228525862440355,0.03,8.5,0.04753367113528073 < RatioCommentToCode <= 0.16254030530342767,0.09619025836698072
CountDeclClass,8.0,0.06164183987478653,1.0,30.0,CountDeclClass > 7.5051728658530354,0.09519659442256272
CountDeclMethodPublic,25.0,0.05062066693216224,0.0,165.0,21.504418823536874 < CountDeclMethodPublic <= 38.50213057878183,0.07817604258940639
CountClassCoupled,12.0,0.04842793202873263,0.0,71.0,7.4740046828129625 < CountClassCoupled <= 14.476416159221149,0.07478969176499876
