feature,value,importance,min,max,rule,importance_ratio
CountDeclMethodPublic,170.0,0.22646141619456883,0.0,165.0,CountDeclMethodPublic > 59.45821356470026,0.22667750240989717
CountClassCoupled,66.0,0.13306593734905264,0.0,71.0,CountClassCoupled > 58.969614743832466,0.13319290694623193
OWN_LINE,0.416447615471273,0.08767795147074674,0.282051282051282,1.0,OWN_LINE <= 0.4929700565327333,0.0877616125067829
OWN_COMMIT,0.5,0.08011903034692788,0.0,1.0,0.1650142457143403 < OWN_COMMIT <= 0.524282117653962,0.08019547876950849
CountDeclClass,8.0,0.05769038194862744,1.0,30.0,CountDeclClass > 7.5051728658530354,0.057745429278568246
