feature,value,importance,min,max,rule,importance_ratio
OWN_COMMIT,1.0,0.11013149651749306,0.0,1.0,OWN_COMMIT > 0.9158840980681497,0.2190927667353906
RatioCommentToCode,0.15,0.06355707416628245,0.03,8.5,0.04753367113528073 < RatioCommentToCode <= 0.16254030530342767,0.1264388087424694
CountDeclMethodPrivate,1.0,0.042757588265781875,0.0,21.0,0.5047804236063558 < CountDeclMethodPrivate <= 1.5022263967624856,0.08506084642729655
MAJOR_LINE,4.0,0.0320883077109895,0.0,5.0,2.4961209246704383 < MAJOR_LINE <= 4.499384532543117,0.06383565409138499
CountOutput_Mean,3.86666666666667,-0.027373647629550572,0.0,40.0,2.0678217985545446 < CountOutput_Mean <= 14.196423099739473,0.05445643058019548
