feature,value,importance,min,max,rule,importance_ratio
CountDeclMethodPublic,83.0,0.22586989113845302,0.0,165.0,CountDeclMethodPublic > 59.45821356470026,0.22478058222293032
CountClassCoupled,55.0,0.19717892040830312,0.0,71.0,14.476416159221149 < CountClassCoupled <= 58.969614743832466,0.19622798022379556
OWN_COMMIT,1.0,0.1136142073587027,0.0,1.0,OWN_COMMIT > 0.9158840980681497,0.11306627700648937
CountClassBase,6.0,0.08933448947529782,0.0,9.0,3.500170032951263 < CountClassBase <= 7.501707799835719,0.08890365358407468
CountDeclMethodProtected,24.0,0.06266227837041144,0.0,40.0,14.492561732026399 < CountDeclMethodProtected <= 37.49152128362691,0.062360075282820567
