feature,value,importance,min,max,rule,importance_ratio
MINOR_COMMIT,0.0,-0.20053834914379437,0.0,6.0,MINOR_COMMIT <= 0.49897740704811133,0.17964157013971263
MaxInheritanceTree,4.0,0.1516063313662763,0.0,7.0,3.505949893117027 < MaxInheritanceTree <= 4.504670081117364,0.13580843527454667
CountClassDerived,10.0,0.13580179922164387,0.0,146.0,7.510151647074075 < CountClassDerived <= 45.48828422583489,0.12165078920880819
MAJOR_LINE,3.0,0.10326346373020273,0.0,12.0,2.492835724294319 < MAJOR_LINE <= 4.497171535648503,0.09250305909947162
CountLineComment,297.0,0.09385123990390638,15.0,3419.0,254.46825531408285 < CountLineComment <= 430.39806709852445,0.0840716210534254
