feature,value,importance,min,max,rule,importance_ratio
MINOR_COMMIT,0.0,-0.1678831440241179,0.0,6.0,MINOR_COMMIT <= 0.49897740704811133,0.11612475855729151
MAJOR_LINE,6.0,0.15759010573125323,0.0,12.0,4.497171535648503 < MAJOR_LINE <= 7.503675252679776,0.10900506471591247
CountClassCoupled,48.0,0.1392911843755859,0.0,128.0,CountClassCoupled > 42.45780664986833,0.09634770214006944
Added_lines,288.0,0.11770649578950129,0.0,10080.0,14.469711558006416 < Added_lines <= 1320.5590427581683,0.0814175746090213
OWN_LINE,0.553787396562699,0.09363873383666727,0.252747252747253,1.0,OWN_LINE <= 0.6736697687357529,0.0647699054101069
