feature,value,importance,min,max,rule,importance_ratio
CountLineComment,939.0,0.1731391000125763,15.0,3419.0,CountLineComment > 430.39806709852445,0.1055073086549901
CountDeclMethodPrivate,33.0,0.14890282605400817,0.0,153.0,15.50985379049164 < CountDeclMethodPrivate <= 43.48132001163548,0.09073823548198755
CountClassCoupled,71.0,0.12873102198480357,0.0,128.0,CountClassCoupled > 42.45780664986833,0.07844596436643385
MINOR_COMMIT,0.0,-0.1270625673790264,0.0,6.0,MINOR_COMMIT <= 0.49897740704811133,0.07742924338858549
OWN_LINE,0.535906897530514,0.12541088914822113,0.252747252747253,1.0,OWN_LINE <= 0.6736697687357529,0.07642274557911528
