feature,value,importance,min,max,rule,importance_ratio
CountLineComment,617.0,0.282655490693287,15.0,3419.0,CountLineComment > 430.39806709852445,0.24275423655167883
CountDeclInstanceVariable,46.0,0.12906106932211558,0.0,1114.0,CountDeclInstanceVariable > 21.485480801487,0.1108420758959541
MAJOR_LINE,6.0,0.11108578168566022,0.0,12.0,4.497171535648503 < MAJOR_LINE <= 7.503675252679776,0.09540428193595803
CountDeclMethodPrivate,21.0,0.10899813954416986,0.0,153.0,15.50985379049164 < CountDeclMethodPrivate <= 43.48132001163548,0.09361134321395555
MINOR_COMMIT,0.0,-0.10218704919444306,0.0,6.0,MINOR_COMMIT <= 0.49897740704811133,0.08776174505516166
