feature,value,importance,min,max,rule,importance_ratio
MINOR_COMMIT,0.0,-0.2823519871202917,0.0,6.0,MINOR_COMMIT <= 0.49897740704811133,0.2524027698230684
OWN_LINE,0.753623188405797,0.12216817808782668,0.252747252747253,1.0,0.6816950662214489 < OWN_LINE <= 0.767298239402207,0.10920973798731697
MaxInheritanceTree,1.0,-0.10078360112117597,0.0,7.0,0.4959182153937882 < MaxInheritanceTree <= 1.4946384033941256,0.09009343385598569
Added_lines,114.0,0.08436784780729135,0.0,10080.0,14.469711558006416 < Added_lines <= 1320.5590427581683,0.07541890775324758
MAJOR_LINE,4.0,0.06857811705219229,0.0,12.0,2.492835724294319 < MAJOR_LINE <= 4.497171535648503,0.06130400168159458
