feature,value,importance,min,max,rule,importance_ratio
CountLineComment,588.0,0.2936943707353737,15.0,3419.0,CountLineComment > 430.39806709852445,0.17505730770879588
MINOR_COMMIT,0.0,-0.2858442490998139,0.0,6.0,MINOR_COMMIT <= 0.49897740704811133,0.170378221911997
MAJOR_LINE,6.0,0.20799518318566254,0.0,12.0,4.497171535648503 < MAJOR_LINE <= 7.503675252679776,0.12397607994225816
MaxInheritanceTree,4.0,0.16262575344165217,0.0,7.0,3.505949893117027 < MaxInheritanceTree <= 4.504670081117364,0.09693351115422377
CountDeclInstanceVariable,46.0,0.1289502242085685,0.0,1114.0,CountDeclInstanceVariable > 21.485480801487,0.07686112274428669
