feature,value,importance,min,max,rule,importance_ratio
MAJOR_LINE,8.0,0.3260659612552174,0.0,12.0,MAJOR_LINE > 7.503675252679776,0.2026188351416721
CountLineComment,597.0,0.2865475876333448,15.0,3419.0,CountLineComment > 430.39806709852445,0.17806194242238005
MINOR_COMMIT,0.0,-0.2753851865355816,0.0,6.0,MINOR_COMMIT <= 0.49897740704811133,0.17112557685049926
MaxInheritanceTree,4.0,0.14910435574819364,0.0,7.0,3.505949893117027 < MaxInheritanceTree <= 4.504670081117364,0.09265410826676732
CountDeclMethodPrivate,31.0,0.1071997473463612,0.0,153.0,15.50985379049164 < CountDeclMethodPrivate <= 43.48132001163548,0.0666143986670234
