feature,value,importance,min,max,rule,importance_ratio
MINOR_COMMIT,0.0,-0.2887305747752338,0.0,6.0,MINOR_COMMIT <= 0.49897740704811133,0.16942976420967432
CountLineComment,1215.0,0.26497686255585395,15.0,3419.0,CountLineComment > 430.39806709852445,0.15549086680136562
MAJOR_LINE,5.0,0.21571692565322786,0.0,12.0,4.497171535648503 < MAJOR_LINE <= 7.503675252679776,0.12658468150771424
CountDeclInstanceVariable,28.0,0.13301358882778258,0.0,1114.0,CountDeclInstanceVariable > 21.485480801487,0.07805360069441064
CountDeclMethodPrivate,19.0,0.1286295876306047,0.0,153.0,15.50985379049164 < CountDeclMethodPrivate <= 43.48132001163548,0.07548102835872708
