feature,value,importance,min,max,rule,importance_ratio
MAJOR_LINE,9.0,0.25273683315035317,0.0,12.0,MAJOR_LINE > 7.503675252679776,0.2015440538466798
CountDeclInstanceVariable,121.0,0.14048493104018667,0.0,1114.0,CountDeclInstanceVariable > 21.485480801487,0.11202918922928237
MaxInheritanceTree,0.0,-0.1236484636056031,0.0,7.0,MaxInheritanceTree <= 0.4959182153937882,0.09860301047675794
MINOR_COMMIT,0.0,-0.1205684717229208,0.0,6.0,MINOR_COMMIT <= 0.49897740704811133,0.09614688232909943
CountDeclClass,1.0,-0.06664457169879848,1.0,13.0,CountDeclClass <= 1.4991288331952126,0.053145467479451106
