feature,value,importance,min,max,rule,importance_ratio
MINOR_COMMIT,0.0,-0.2995094301467026,0.0,6.0,MINOR_COMMIT <= 0.49897740704811133,0.32660898529616933
MaxInheritanceTree,3.0,0.09401445367708106,0.0,7.0,2.493358591394463 < MaxInheritanceTree <= 3.505949893117027,0.10252086321156927
MAJOR_LINE,3.0,0.08368292183397777,0.0,12.0,2.492835724294319 < MAJOR_LINE <= 4.497171535648503,0.09125453637111478
OWN_LINE,0.801652892561983,0.05427596678892023,0.252747252747253,1.0,0.767298239402207 < OWN_LINE <= 0.818125123478282,0.05918684573709401
CountDeclClass,1.0,-0.045549558086849774,1.0,13.0,CountDeclClass <= 1.4991288331952126,0.04967087326815747
