feature,value,importance,min,max,rule,importance_ratio
MINOR_COMMIT,0.0,-0.2499359907363542,0.0,6.0,MINOR_COMMIT <= 0.49897740704811133,0.27942851904034005
MaxInheritanceTree,4.0,0.16906320810740247,0.0,7.0,3.505949893117027 < MaxInheritanceTree <= 4.504670081117364,0.18901272172318986
Added_lines,0.0,-0.04596682197777622,0.0,10080.0,Added_lines <= 2.0010783245919797,0.05139092194125
CountDeclClassVariable,8.0,0.04419837961231435,0.0,321.0,4.5260875082807965 < CountDeclClassVariable <= 57.5229272599681,0.049413802800731876
CountDeclClass,3.0,0.04399302588813011,1.0,13.0,1.4991288331952126 < CountDeclClass <= 9.501356843591719,0.04918421727021599
