feature,value,importance,min,max,rule,importance_ratio
MINOR_COMMIT,0.0,-0.2736651072834787,0.0,6.0,MINOR_COMMIT <= 0.49897740704811133,0.23608880625969858
MaxInheritanceTree,4.0,0.1746513380269024,0.0,7.0,3.505949893117027 < MaxInheritanceTree <= 4.504670081117364,0.15067038072821845
OWN_LINE,0.35522664199815,0.1402149613031393,0.252747252747253,1.0,OWN_LINE <= 0.6736697687357529,0.12096238048907611
MAJOR_LINE,3.0,0.07564796682279255,0.0,12.0,2.492835724294319 < MAJOR_LINE <= 4.497171535648503,0.06526092551750229
Added_lines,361.0,0.07140562695241502,0.0,10080.0,14.469711558006416 < Added_lines <= 1320.5590427581683,0.061601091183167984
