feature,value,importance,min,max,rule,importance_ratio
MINOR_COMMIT,0.0,-0.23067375445848928,0.0,6.0,MINOR_COMMIT <= 0.49897740704811133,0.23816262171221572
MaxInheritanceTree,4.0,0.17498136666624875,0.0,7.0,3.505949893117027 < MaxInheritanceTree <= 4.504670081117364,0.18066216997183235
MAJOR_LINE,3.0,0.0828954064069403,0.0,12.0,2.492835724294319 < MAJOR_LINE <= 4.497171535648503,0.08558662152147556
CountDeclClass,1.0,-0.06599472565253793,1.0,13.0,CountDeclClass <= 1.4991288331952126,0.06813725695618864
Added_lines,0.0,-0.0395493829402712,0.0,10080.0,Added_lines <= 2.0010783245919797,0.04083336116961841
