feature,value,importance,min,max,rule,importance_ratio
MaxInheritanceTree,4.0,0.1679148320008384,0.0,7.0,3.505949893117027 < MaxInheritanceTree <= 4.504670081117364,0.1774074926964204
OWN_LINE,0.63716814159292,0.12009297100734415,0.252747252747253,1.0,OWN_LINE <= 0.6736697687357529,0.12688213794461262
MAJOR_LINE,3.0,0.09073993446815137,0.0,12.0,2.492835724294319 < MAJOR_LINE <= 4.497171535648503,0.09586969816550721
Added_lines,114.0,0.06474126882080473,0.0,10080.0,14.469711558006416 < Added_lines <= 1320.5590427581683,0.06840126055943978
CountDeclMethodPublic,16.0,0.06028182368904382,0.0,205.0,13.480842167629682 < CountDeclMethodPublic <= 21.569962791266494,0.06368971143530397
