feature,value,importance,min,max,rule,importance_ratio
MINOR_COMMIT,0.0,-0.2730666498779625,0.0,6.0,MINOR_COMMIT <= 0.49897740704811133,0.24413303051375027
MAJOR_LINE,6.0,0.23178616371129895,0.0,12.0,4.497171535648503 < MAJOR_LINE <= 7.503675252679776,0.2072265456191193
MaxInheritanceTree,1.0,-0.10658759173434297,0.0,7.0,0.4959182153937882 < MaxInheritanceTree <= 1.4946384033941256,0.09529377460373475
CountDeclClassVariable,6.0,0.05855990250316747,0.0,321.0,4.5260875082807965 < CountDeclClassVariable <= 57.5229272599681,0.0523550073620389
Added_lines,0.0,-0.053132517517609744,0.0,10080.0,Added_lines <= 2.0010783245919797,0.047502697697416
