feature,value,importance,min,max,rule,importance_ratio
MaxInheritanceTree,4.0,0.15686724412367925,0.0,7.0,3.505949893117027 < MaxInheritanceTree <= 4.504670081117364,0.20070805917023196
MINOR_COMMIT,0.0,-0.1327142502974464,0.0,6.0,MINOR_COMMIT <= 0.49897740704811133,0.1698048547371146
OWN_LINE,0.99375,-0.06919370222582825,0.252747252747253,1.0,0.9786310731922031 < OWN_LINE <= 1.0000318664873926,0.08853176300846725
CountClassBase,2.0,0.05024878722663337,0.0,6.0,1.502979799526616 < CountClassBase <= 2.5007631107201758,0.06429217658699937
Added_lines,0.0,-0.04737673170469029,0.0,10080.0,Added_lines <= 2.0010783245919797,0.06061744708653174
