feature,value,importance,min,max,rule,importance_ratio
MAJOR_LINE,10.0,0.3522391120652254,0.0,12.0,MAJOR_LINE > 7.503675252679776,0.2112355492062581
MINOR_COMMIT,0.0,-0.27523167916382596,0.0,6.0,MINOR_COMMIT <= 0.49897740704811133,0.1650546827870882
CountLineComment,1395.0,0.27095318082628955,15.0,3419.0,CountLineComment > 430.39806709852445,0.16248889461890714
MaxInheritanceTree,0.0,-0.13174294803942066,0.0,7.0,MaxInheritanceTree <= 0.4959182153937882,0.07900540578811527
OWN_LINE,0.762361251261352,0.09617759580698132,0.252747252747253,1.0,0.6816950662214489 < OWN_LINE <= 0.767298239402207,0.05767709086168486
