feature,value,importance,min,max,rule,importance_ratio
MINOR_COMMIT,0.0,-0.2961106676561541,0.0,6.0,MINOR_COMMIT <= 0.49897740704811133,0.24757592407239978
MAJOR_LINE,6.0,0.1701464707598683,0.0,12.0,4.497171535648503 < MAJOR_LINE <= 7.503675252679776,0.1422581971107736
OWN_LINE,0.482364156339371,0.1268494466224022,0.252747252747253,1.0,OWN_LINE <= 0.6736697687357529,0.10605787766512126
Added_lines,14.0,0.07143846328013785,0.0,10080.0,14.469711558006416 < Added_lines <= 1320.5590427581683,0.05972916714175916
CountDeclClassMethod,0.0,-0.06221329761966748,0.0,62.0,CountDeclClassMethod <= 0.5091623020545092,0.05201607483343328
