feature,value,importance,min,max,rule,importance_ratio
CountLineComment,809.0,0.28937697901611203,15.0,3419.0,CountLineComment > 430.39806709852445,0.2269726166979762
MINOR_COMMIT,0.0,-0.20015424142932337,0.0,6.0,MINOR_COMMIT <= 0.49897740704811133,0.15699082931501113
MAJOR_LINE,6.0,0.1688293105793202,0.0,12.0,4.497171535648503 < MAJOR_LINE <= 7.503675252679776,0.13242114327059185
CountDeclInstanceVariable,24.0,0.12474037740619054,0.0,1114.0,CountDeclInstanceVariable > 21.485480801487,0.09784002156646944
AvgLineComment,12.0,0.07384307356461849,0.0,395.0,10.469419988455925 < AvgLineComment <= 45.515820322947675,0.05791875942919917
