feature,value,importance,min,max,rule,importance_ratio
MINOR_COMMIT,0.0,-0.17247124429030244,0.0,6.0,MINOR_COMMIT <= 0.49897740704811133,0.15693791334889945
OWN_LINE,0.630111524163569,0.12755452185254362,0.252747252747253,1.0,OWN_LINE <= 0.6736697687357529,0.1160665395563587
CountInput_Mean,29.3055555555556,0.10556348185965611,0.0,337.0,CountInput_Mean > 27.18982405031581,0.09605608539017388
MAJOR_LINE,3.0,0.08999799724750512,0.0,12.0,2.492835724294319 < MAJOR_LINE <= 4.497171535648503,0.0818924798259695
MaxInheritanceTree,3.0,0.07133743471610576,0.0,7.0,2.493358591394463 < MaxInheritanceTree <= 3.505949893117027,0.06491254930105743
