feature,value,importance,min,max,rule,importance_ratio
CountLineComment,508.0,0.27428960498388294,15.0,3419.0,CountLineComment > 430.39806709852445,0.20059797052622333
MINOR_COMMIT,0.0,-0.20776765881772516,0.0,6.0,MINOR_COMMIT <= 0.49897740704811133,0.1519480503180914
CountClassDerived,8.0,0.15336410479583928,0.0,146.0,7.510151647074075 < CountClassDerived <= 45.48828422583489,0.11216075131765967
MaxInheritanceTree,3.0,0.08646884791154359,0.0,7.0,2.493358591394463 < MaxInheritanceTree <= 3.505949893117027,0.06323781539521163
CountClassCoupled,39.0,0.07651154111633779,0.0,128.0,24.508573690487815 < CountClassCoupled <= 42.45780664986833,0.055955674553080106
