"Rule ID","Antecedent","Consequent","Antecedent Coverage %","Antecedent Coverage","Support %","Support","Confidence","Leverage","Lift","p-value","Consequent Coverage %","Consequent Coverage"
"b'000000'","b'0.775 < CountDeclClass <= 1.175'","b'target = 0'",0.47647,972,0.47647,972,1,0.01004,1.02153,5.4436e-13,0.97892,1997
"b'000001'","b'-0.66 < CountDeclMethodPrivate <= 0.26'","b'target = 0'",0.44902,916,0.44902,916,1,0.00946,1.02153,5.11748e-12,0.97892,1997
"b'000002'","b'-0.24 < CountDeclClassVariable <= 0.34'","b'target = 0'",0.40245,821,0.40245,821,1,0.00848,1.02153,1.78703e-10,0.97892,1997
"b'000003'","b'-0.76 < CountDeclClassMethod <= 0.5'","b'target = 0'",0.33873,691,0.33873,691,1,0.00714,1.02153,1.50035e-08,0.97892,1997
"b'000004'","b'-0.04 < CountDeclInstanceVariable <= 1.08'","b'target = 0'",0.33824,690,0.33824,690,1,0.00713,1.02153,1.54971e-08,0.97892,1997
"b'000005'","b'0.94 < CountClassBase <= 1.052'","b'target = 0'",0.32108,655,0.32108,655,1,0.00677,1.02153,4.73954e-08,0.97892,1997
"b'000006'","b'-0.09 < MAJOR_LINE <= 0.56'","b'target = 0'",0.28873,589,0.28873,589,1,0.00609,1.02153,3.61607e-07,0.97892,1997
"b'000007'","b'0.981 < CountPath_Min <= 1.0065'","b'target = 0'",0.68235,1392,0.67647,1380,0.99138,0.0085,1.01273,4.87798e-08,0.97892,1997
"b'000008'","b'-0.29 < CountDeclMethodDefault <= 0.61'","b'target = 0'",0.81127,1655,0.80392,1640,0.99094,0.00975,1.01227,2.09638e-11,0.97892,1997
