"Rule ID","Antecedent","Consequent","Antecedent Coverage %","Antecedent Coverage","Support %","Support","Confidence","Leverage","Lift","p-value","Consequent Coverage %","Consequent Coverage"
"b'000000'","b'-0.058 < CountDeclMethodProtected <= 0.086'","b'target = 0'",0.88971,1815,0.88971,1815,1,0.00872,1.0099,3.26444e-20,0.9902,2020
"b'000001'","b'-0.28 < CountDeclMethodDefault <= 0.025'","b'target = 0'",0.69265,1413,0.69265,1413,1,0.00679,1.0099,4.57442e-11,0.9902,2020
"b'000002'","b'-0.204 < CountClassDerived <= 0'","b'target = 0'",0.67206,1371,0.67206,1371,1,0.00659,1.0099,1.70584e-10,0.9902,2020
"b'000003'","b'0.824 < CountDeclClass <= 1.024'","b'target = 0'",0.60343,1231,0.60343,1231,1,0.00592,1.0099,8.01897e-09,0.9902,2020
"b'000004'","b'-0.196 < AvgLineComment <= 0.028'","b'target = 0'",0.56716,1157,0.56716,1157,1,0.00556,1.0099,4.71025e-08,0.9902,2020
"b'000005'","b'-0.86 < CountDeclClassVariable <= 0.08'","b'target = 0'",0.53039,1082,0.53039,1082,1,0.0052,1.0099,2.44659e-07,0.9902,2020
"b'000006'","b'-0.255 < CountDeclMethodPrivate <= 0.11'","b'target = 0'",0.52353,1068,0.52353,1068,1,0.00513,1.0099,3.2797e-07,0.9902,2020
