Antecedent,Antecedent Coverage %,Confidence,Lift
-11.5 < Del_lines <= 0.4,0.37282,1.0,1.02615
0.4904 < OWN_COMMIT <= 0.51,0.31426,0.99716,1.02323
0.745 < CountDeclClass <= 1.03,0.58784,0.99087,1.01678
-0.276 < CountDeclMethodPrivate <= 0.006,0.65624,0.9891,1.01496
-0.6 < MINOR_COMMIT <= 0,0.99106,0.97835,1.00393
