Antecedent,Antecedent Coverage %,Confidence,Lift
43 < CountLineComment <= 65.2,0.2041,1.0,1.04924
0.58 < CountClassCoupled <= 2.08,0.22597,0.99798,1.04712
RatioCommentToCode > 2.755,0.20228,0.99775,1.04687
27.2 < CountLineComment <= 43,0.2041,0.99554,1.04455
PercentLackOfCohesion <= 6.5,0.2041,0.99554,1.04455
CountClassCoupled <= 0.58,0.19818,0.9954,1.04441
-12.2 < Del_lines <= 1.7,0.47699,0.99427,1.04322
0.49 < OWN_COMMIT <= 0.515,0.3139,0.99129,1.0401
0.54 < CountDeclClass <= 1.085 & -0.151 < MINOR_COMMIT <= 0.0135,0.49248,0.98982,1.03856
