feature,value,importance,left,right,rec,rule,min,max
OWN_COMMIT,1.0,0.02043870915423747,0.0,0.5101466808561519,-1,OWN_COMMIT > 0.5101466808561519,0.0,1.0
CountClassCoupled,3.0,0.005235390598177701,0.0,1.4761279762579345,-1,1.4761279762579345 < CountClassCoupled <= 4.462718232611871,0.0,96.0
CountDeclInstanceMethod,2.0,0.002833363205393657,0.0,1.421932024180018,-1,1.421932024180018 < CountDeclInstanceMethod <= 2.5263932863919916,0.0,222.0
CountClassBase,1.0,0.001821180759759989,0.0,0.4991563010561978,-1,0.4991563010561978 < CountClassBase <= 1.5025443130714027,0.0,6.0
