feature,value,importance,left,right,rec,rule,min,max
CountClassCoupled,76.0,0.06834876184136227,0.0,55.490746041173416,-1,CountClassCoupled > 55.490746041173416,0.0,96.0
OWN_COMMIT,0.8023255813953489,0.02192076273765473,0.0,0.5101466808561519,-1,OWN_COMMIT > 0.5101466808561519,0.0,1.0
CountDeclClass,18.0,0.0072819193048663435,0.0,5.49468950177029,-1,5.49468950177029 < CountDeclClass <= 22.987773755316287,0.0,37.0
CountClassBase,2.0,0.003934074273235709,0.0,1.5025443130714027,-1,1.5025443130714027 < CountClassBase <= 2.499541318640651,0.0,6.0
