feature,value,importance,left,right,rec,rule,min,max
CountClassCoupled,78.0,0.10857597720093035,0.0,55.490746041173416,-1,CountClassCoupled > 55.490746041173416,0.0,96.0
CountDeclClass,25.000000000000004,0.04726768478245957,0.0,22.987773755316287,-1,CountDeclClass > 22.987773755316287,0.0,37.0
OWN_COMMIT,0.666666666666667,0.021037865233143035,0.0,0.5101466808561519,-1,OWN_COMMIT > 0.5101466808561519,0.0,1.0
CountClassBase,3.0,0.008768390838848642,0.0,2.499541318640651,-1,2.499541318640651 < CountClassBase <= 3.502929330655856,0.0,6.0
CountDeclInstanceMethod,191.0,0.008419865767952136,0.0,98.39363084639128,-1,CountDeclInstanceMethod > 98.39363084639128,0.0,222.0
