feature,value,importance,left,right,rec,rule,min,max
OWN_COMMIT,1.0,0.022136418581094053,0.0,0.5101466808561519,-1,OWN_COMMIT > 0.5101466808561519,0.0,1.0
CountDeclClass,4.0,0.0060239599664414535,0.0,2.4935575819192772,-1,2.4935575819192772 < CountDeclClass <= 5.49468950177029,0.0,37.0
CountClassCoupled,8.0,0.0035308649734671293,0.0,4.462718232611871,-1,4.462718232611871 < CountClassCoupled <= 15.470436606030667,0.0,96.0
CountDeclInstanceMethod,8.0,0.0035236429123716145,0.0,2.5263932863919916,-1,2.5263932863919916 < CountDeclInstanceMethod <= 8.490484102336648,0.0,222.0
