Antecedent,Antecedent Coverage %,Confidence,Lift
OWN_COMMIT <= -0.022,0.09074,1.0,1.23807
-0.022 < OWN_COMMIT <= 0.071,0.33709,0.98745,1.22253
0.76 < CountClassCoupled <= 2.72 & 0.958 < CountPath_Min <= 1.057,0.18195,0.96899,1.19968
1.795 < MaxInheritanceTree <= 2.21,0.20169,0.95105,1.17746
CountClassCoupled <= 0.76,0.18994,0.9505,1.17678
1.075 < MaxInheritanceTree <= 1.795,0.1763,0.94133,1.16543
RatioCommentToCode > 1.38,0.19511,0.93976,1.16349
0.76 < CountClassCoupled <= 2.72,0.20545,0.93593,1.15874
2.72 < CountClassCoupled <= 5.5,0.20357,0.93303,1.15515
