Antecedent,Antecedent Coverage %,Confidence,Lift
-0.19 < Del_lines <= 0.63,0.82581,0.98675,1.05404
-0.074 < MAJOR_LINE <= 0.046,0.45189,0.9667,1.03262
-0.155 < CountDeclClassVariable <= 0.25,0.38805,0.9718,1.03807
-0.17 < CountDeclInstanceVariable <= 0.82,0.30278,0.97892,1.04567
PercentLackOfCohesion <= 2,0.24168,0.97736,1.04401
18.7 < CountLineComment <= 24.9,0.23985,0.98669,1.05398
1.075 < RatioCommentToCode <= 1.91,0.20748,0.98242,1.04941
0.46 < CountClassCoupled <= 1.78,0.20565,0.9867,1.05398
