feature,value,importance,left,right,rec,rule,min,max
Del_lines,92.0,0.04985187949617509,0.0,37.528194029304075,-1,37.528194029304075 < Del_lines <= 438.7388325804579,0.0,1022.0
RatioCommentToCode,0.33,0.032243593263902866,0.17,0.23092925542923726,-1,0.23092925542923726 < RatioCommentToCode <= 0.8494220958511125,0.17,15.6
MAJOR_LINE,6.0,0.008194668552731715,0.0,4.506030950609463,-1,4.506030950609463 < MAJOR_LINE <= 6.499009783459988,0.0,8.0
OWN_COMMIT,0.5,0.007665453667143565,0.153846153846154,0.49248737259274333,-1,0.49248737259274333 < OWN_COMMIT <= 0.87583807011181,0.153846153846154,1.0
AvgLineComment,1.0,0.0020090307669654766,0.0,0.48850407621892256,-1,0.48850407621892256 < AvgLineComment <= 2.499047194270569,0.0,23.0
