feature,value,importance,min,max,rule,importance_ratio
MAJOR_LINE,10.0,0.3460379833488619,0.0,14.0,MAJOR_LINE > 8.495319420437175,0.6018458202864624
MINOR_COMMIT,0.0,-0.11113898997736549,0.0,1.0,MINOR_COMMIT <= 0.5000824993237257,0.19329824992449474
MINOR_LINE,5.0,0.018335285270566014,0.0,7.0,3.501513051184938 < MINOR_LINE <= 5.494477103198857,0.03188960557756177
OWN_COMMIT,0.8,0.015594589229717402,0.0,1.0,0.5211086302390999 < OWN_COMMIT <= 0.9396160800866156,0.02712285586732128
AvgLineComment,4.0,-0.009429543743122114,0.0,26.0,2.4898867522054444 < AvgLineComment <= 13.509044942541799,0.016400313728810987
