feature,value,importance,min,max,rule,importance_ratio
OWN_COMMIT,0.714285714285714,0.33788225769529356,0.0,1.0,0.36450244784925023 < OWN_COMMIT <= 0.9806106315167405,0.290750261049821
MaxInheritanceTree,3.0,0.21274878705488467,0.0,5.0,2.4990705242078834 < MaxInheritanceTree <= 3.5005965160115324,0.1830719546985616
CountClassDerived,2.0,-0.1088619139740939,0.0,118.0,CountClassDerived <= 8.500764909068277,0.09367650767532988
CountDeclInstanceVariable,8.0,0.05216597592691655,0.0,161.0,7.474382263297356 < CountDeclInstanceVariable <= 11.481575803065907,0.044889220351864996
MINOR_LINE,1.0,-0.04999244624852927,1.0,9.0,MINOR_LINE <= 1.5030258965239727,0.0430188814778998
