feature,value,importance,min,max,rule,importance_ratio
OWN_COMMIT,1.0,0.2178519993482274,0.0,1.0,OWN_COMMIT > 0.9806106315167405,0.19667039831042474
MaxInheritanceTree,3.0,0.2173178072935949,0.0,5.0,2.4990705242078834 < MaxInheritanceTree <= 3.5005965160115324,0.19618814538424936
CountClassDerived,0.0,-0.10615705452297156,0.0,118.0,CountClassDerived <= 8.500764909068277,0.09583547664908851
AvgLineBlank,2.0,0.0970321762854174,0.0,21.0,1.5072801485159428 < AvgLineBlank <= 17.999846823274996,0.08759780408751922
CountDeclInstanceVariable,17.0,0.06735374541734969,0.0,161.0,11.481575803065907 < CountDeclInstanceVariable <= 101.48930761940565,0.06080498677340641
