feature,value,importance,min,max,rule,importance_ratio
OWN_COMMIT,0.666666666666667,0.318011003068803,0.0,1.0,0.36450244784925023 < OWN_COMMIT <= 0.9806106315167405,0.2702573185446352
MaxInheritanceTree,3.0,0.2121879071750988,0.0,5.0,2.4990705242078834 < MaxInheritanceTree <= 3.5005965160115324,0.18032500217715192
CountClassCoupled,15.0,0.09024294404436181,0.0,42.0,12.518831333769295 < CountClassCoupled <= 20.47194193978083,0.0766917365740523
AvgLineBlank,0.0,-0.06940959889412479,0.0,21.0,AvgLineBlank <= 0.49558335018002864,0.0589868020205778
CountDeclMethodDefault,0.0,-0.05919213783034659,0.0,68.0,CountDeclMethodDefault <= 0.49008279034263774,0.050303631932801046
