feature,value,importance,min,max,rule,importance_ratio
MaxInheritanceTree,3.0,0.21960882996677955,0.0,5.0,2.4990705242078834 < MaxInheritanceTree <= 3.5005965160115324,0.21996998731699885
OWN_COMMIT,1.0,0.2087719180646107,0.0,1.0,OWN_COMMIT > 0.9806106315167405,0.20911525358868693
CountClassDerived,0.0,-0.1005493588492494,0.0,118.0,CountClassDerived <= 8.500764909068277,0.10071471713659029
AvgLineBlank,2.0,0.10032746694103792,0.0,21.0,1.5072801485159428 < AvgLineBlank <= 17.999846823274996,0.10049246031639592
MaxNesting_Mean,1.58333333333333,0.05041219506973306,0.0,5.0,0.8314816456055749 < MaxNesting_Mean <= 2.634849847500547,0.05049510036453781
