feature,value,importance,min,max,rule,importance_ratio
OWN_COMMIT,0.75,0.356186087558434,0.0,1.0,0.36450244784925023 < OWN_COMMIT <= 0.9806106315167405,0.27810391129905987
CountClassCoupled,21.0,0.12401165250738332,0.0,42.0,20.47194193978083 < CountClassCoupled <= 22.47692780684256,0.09682614457339024
MaxInheritanceTree,2.0,-0.09842533539206692,0.0,5.0,1.4975445324042342 < MaxInheritanceTree <= 2.4990705242078834,0.07684879252608376
AvgLineBlank,0.0,-0.09332128577862032,0.0,21.0,AvgLineBlank <= 0.49558335018002864,0.07286363922968757
CountClassDerived,0.0,-0.0869677384190275,0.0,118.0,CountClassDerived <= 8.500764909068277,0.06790289979306736
