feature,value,importance,min,max,rule,importance_ratio
MaxInheritanceTree,3.0,0.23051536859228236,0.0,5.0,2.4990705242078834 < MaxInheritanceTree <= 3.5005965160115324,0.18409583316173364
OWN_COMMIT,1.0,0.22045538490406433,0.0,1.0,OWN_COMMIT > 0.9806106315167405,0.17606165700252221
MINOR_COMMIT,0.0,-0.1538437634677412,0.0,1.0,MINOR_COMMIT <= 0.4997656113766242,0.12286380723891879
CountClassDerived,0.0,-0.09483161976758052,0.0,118.0,CountClassDerived <= 8.500764909068277,0.07573510676447784
AvgLineBlank,4.0,0.0837065992808486,0.0,21.0,1.5072801485159428 < AvgLineBlank <= 17.999846823274996,0.06685036329616387
