feature,value,importance,min,max,rule,importance_ratio
OWN_COMMIT,0.6,0.31513603739404944,0.0,1.0,0.36450244784925023 < OWN_COMMIT <= 0.9806106315167405,0.32941219057522364
MINOR_COMMIT,0.0,0.10998973416923731,0.0,1.0,MINOR_COMMIT <= 0.4997656113766242,0.11497244038824465
AvgLineBlank,3.0,0.10441772137134345,0.0,21.0,1.5072801485159428 < AvgLineBlank <= 17.999846823274996,0.10914800673462134
CountClassCoupled,27.0,0.05649391001834254,0.0,42.0,CountClassCoupled > 22.47692780684256,0.059053172106850856
CountDeclInstanceVariable,14.0,0.050830822679009284,0.0,161.0,11.481575803065907 < CountDeclInstanceVariable <= 101.48930761940565,0.05313353809325198
