feature,value,importance,min,max,rule,importance_ratio
OWN_COMMIT,0.5,0.29233845555669635,0.0,1.0,0.36450244784925023 < OWN_COMMIT <= 0.9806106315167405,0.31206899288427714
CountClassDerived,0.0,-0.12879642639795286,0.0,118.0,CountClassDerived <= 8.500764909068277,0.1374891681512217
AvgLineBlank,0.0,-0.09361591692160684,0.0,21.0,AvgLineBlank <= 0.49558335018002864,0.09993425208473161
MINOR_COMMIT,0.0,0.042224739799243204,0.0,1.0,MINOR_COMMIT <= 0.4997656113766242,0.04507457631209561
CountDeclInstanceVariable,0.0,-0.03442039659689109,0.0,161.0,CountDeclInstanceVariable <= 4.468987108470943,0.03674350156983018
