{
    "30": {
        "CountDeclInstanceVariable": [
            15.0,
            14.0,
            13.0,
            12.0,
            10.5,
            8.5,
            6.5,
            4.5,
            2.5,
            0.5
        ],
        "CountDeclClass": [
            7,
            6,
            5,
            4,
            3,
            2,
            1,
            0
        ],
        "CountClassCoupled": [
            11.0,
            10.0,
            9.0,
            8.0,
            7.0,
            6.0,
            5.0,
            4.0,
            2.5,
            0.5
        ],
        "CountInput_Mean": [
            9.0,
            9.245000000000001,
            9.833333333333336,
            10.789215686274549,
            11.96666666666665,
            17.0490909090909,
            21.0576923076923,
            23.4,
            27.6527777777778,
            37.125
        ]
    },
    "390": {
        "OWN_COMMIT": [
            0.0
        ],
        "CountDeclInstanceVariable": [
            8,
            7,
            6,
            5,
            4,
            3,
            2,
            1,
            0
        ],
        "CountClassCoupled": [
            11.0,
            10.0,
            9.0,
            8.0,
            7.0,
            6.0,
            5.0,
            4.0,
            2.5,
            0.5
        ]
    }
}