feature,value,importance,left,right,rec,rule,min,max
OWN_COMMIT,0.0,0.24987261426363838,0.333333333333333,0.333333333333333,-1,OWN_COMMIT <= 0.5145864139598059,0.333333333333333,1.0
ADEV,0.0,-0.041922747756629256,2.508258838423875,23.0,1,ADEV <= 2.508258838423875,1.0,23.0
