feature,value,importance,left,right,rec,rule,min,max
ADEV,10.0,0.1539210135284181,1.0,7.50418577217262,-1,7.50418577217262 < ADEV <= 13.001711795655172,1.0,23.0
OWN_COMMIT,0.8,0.1244390661430554,0.333333333333333,0.788684349671894,-1,0.788684349671894 < OWN_COMMIT <= 0.9368453960027526,0.333333333333333,1.0
