feature,value,importance,left,right,rec,rule,min,max
OWN_COMMIT,0.777777777777778,0.23424944661505495,0.333333333333333,0.6568210184374299,-1,0.6568210184374299 < OWN_COMMIT <= 0.788684349671894,0.333333333333333,1.0
ADEV,18.0,0.1360020615123176,1.0,13.001711795655172,-1,ADEV > 13.001711795655172,1.0,23.0
CountDeclClassVariable,1.0,-0.009972794374828736,1.499011836653526,23.0,1,0.4984295886989145 < CountDeclClassVariable <= 1.499011836653526,0.0,23.0
