feature,value,importance,left,right,rec,rule,min,max
OWN_COMMIT,1.0,-0.2539894139742971,1.0,1.0,1,OWN_COMMIT > 0.9368453960027526,0.333333333333333,1.0
ADEV,11.0,0.1481008777014089,1.0,7.50418577217262,-1,7.50418577217262 < ADEV <= 13.001711795655172,1.0,23.0
CountDeclInstanceVariable,22.0,0.04851509540924318,0.0,15.518730650170907,-1,15.518730650170907 < CountDeclInstanceVariable <= 62.50376577256388,0.0,68.0
