feature,value,importance,left,right,rec,rule,min,max
OWN_COMMIT,1.0,-0.25459291280559004,1.0,1.0,1,OWN_COMMIT > 0.9368453960027526,0.333333333333333,1.0
ADEV,2.0,-0.04032324594043233,2.508258838423875,23.0,1,ADEV <= 2.508258838423875,1.0,23.0
CountDeclInstanceVariable,13.0,0.0308441209125459,0.0,8.50148514487845,-1,8.50148514487845 < CountDeclInstanceVariable <= 13.48474644573831,0.0,68.0
