feature,value,importance,left,right,rec,rule,min,max
OWN_COMMIT,0.0,0.2366837193071336,0.333333333333333,0.333333333333333,-1,OWN_COMMIT <= 0.5145864139598059,0.333333333333333,1.0
ADEV,0.0,-0.031901716925887745,2.508258838423875,23.0,1,ADEV <= 2.508258838423875,1.0,23.0
CountDeclClassVariable,0.0,-0.005085852877665473,0.4984295886989145,23.0,1,CountDeclClassVariable <= 0.4984295886989145,0.0,23.0
