feature,value,importance,left,right,rec,rule,min,max
ADEV,22.0,0.15251167071518684,1.0,13.001711795655172,-1,ADEV > 13.001711795655172,1.0,23.0
OWN_COMMIT,0.818181818181818,0.1340709011714271,0.333333333333333,0.788684349671894,-1,0.788684349671894 < OWN_COMMIT <= 0.9368453960027526,0.333333333333333,1.0
