feature,value,importance,left,right,rec,rule,min,max
MAJOR_LINE,3.0,0.11633439409066727,0.0,2.503347321568387,-1,2.503347321568387 < MAJOR_LINE <= 5.505000175998428,0.0,10.0
CountClassCoupled,45.0,0.07371536456099377,0.0,42.45816087256249,-1,42.45816087256249 < CountClassCoupled <= 45.50484901245065,0.0,126.0
OWN_LINE,0.869918699186992,0.030699067883357935,0.281553398058252,0.8116920473637016,-1,0.8116920473637016 < OWN_LINE <= 0.8930537701690927,0.281553398058252,1.0
