feature,value,importance,left,right,rec,rule,min,max
MAJOR_LINE,2.0,0.038678718373070714,0.0,1.498903175727984,-1,1.498903175727984 < MAJOR_LINE <= 2.503347321568387,0.0,10.0
OWN_LINE,0.914331465172138,-0.015640581537469892,0.9680591083803126,1.0,1,0.8930537701690927 < OWN_LINE <= 0.9680591083803126,0.281553398058252,1.0
CountClassCoupled,0.0,-0.008124513551973892,0.5399343961701559,126.0,1,CountClassCoupled <= 0.5399343961701559,0.0,126.0
