feature,value,importance,left,right,rec,rule,min,max
MAJOR_LINE,5.0,0.1278584345682114,0.0,2.503347321568387,-1,2.503347321568387 < MAJOR_LINE <= 5.505000175998428,0.0,10.0
CountClassCoupled,42.0,0.0510247522686458,0.0,20.500994623023644,-1,20.500994623023644 < CountClassCoupled <= 42.45816087256249,0.0,126.0
OWN_LINE,0.740674955595027,0.047808612097042236,0.281553398058252,0.571420709704031,-1,0.571420709704031 < OWN_LINE <= 0.8116920473637016,0.281553398058252,1.0
