feature,value,importance,left,right,rec,rule,min,max
MAJOR_LINE,4.0,0.11649678654360217,0.0,2.503347321568387,-1,2.503347321568387 < MAJOR_LINE <= 5.505000175998428,0.0,10.0
CountClassCoupled,43.0,0.06521491330299103,0.0,42.45816087256249,-1,42.45816087256249 < CountClassCoupled <= 45.50484901245065,0.0,126.0
OWN_LINE,0.979223125564589,-0.037579754992503926,1.0,1.0,1,OWN_LINE > 0.9680591083803126,0.281553398058252,1.0
