feature,value,importance,left,right,rec,rule,min,max
MAJOR_LINE,7.0,0.06417773682437063,0.0,5.505000175998428,-1,MAJOR_LINE > 5.505000175998428,0.0,10.0
OWN_LINE,0.514598540145985,0.046994727118171674,0.281553398058252,0.441750463982939,-1,0.441750463982939 < OWN_LINE <= 0.571420709704031,0.281553398058252,1.0
CountClassCoupled,12.0,-0.003804119313525489,12.516570532282248,126.0,1,6.5282524642262025 < CountClassCoupled <= 12.516570532282248,0.0,126.0
