feature,value,importance,left,right,rec,rule,min,max
MAJOR_LINE,7.0,0.08426776482551865,0.0,5.505000175998428,-1,MAJOR_LINE > 5.505000175998428,0.0,10.0
OWN_LINE,0.514598540145985,0.061035693645931775,0.281553398058252,0.441750463982939,-1,0.441750463982939 < OWN_LINE <= 0.571420709704031,0.281553398058252,1.0
CountClassCoupled,12.0,0.004524713886157053,0.0,6.5282524642262025,-1,6.5282524642262025 < CountClassCoupled <= 12.516570532282248,0.0,126.0
