feature,value,importance,left,right,rec,rule,min,max
OWN_LINE,0.809885931558935,0.047605647062865415,0.281553398058252,0.571420709704031,-1,0.571420709704031 < OWN_LINE <= 0.8116920473637016,0.281553398058252,1.0
CountClassCoupled,5.0,-0.026324570107869916,6.5282524642262025,126.0,1,0.5399343961701559 < CountClassCoupled <= 6.5282524642262025,0.0,126.0
MAJOR_LINE,1.0,-0.02562554159863794,1.498903175727984,10.0,1,0.49445902988758095 < MAJOR_LINE <= 1.498903175727984,0.0,10.0
