feature,value,importance,left,right,rec,rule,min,max
MAJOR_LINE,4.0,0.11429519384406132,0.0,2.503347321568387,-1,2.503347321568387 < MAJOR_LINE <= 5.505000175998428,0.0,10.0
OWN_LINE,0.968571428571429,-0.04236956450020178,1.0,1.0,1,OWN_LINE > 0.9680591083803126,0.281553398058252,1.0
CountClassCoupled,2.0,-0.018396549717381812,6.5282524642262025,126.0,1,0.5399343961701559 < CountClassCoupled <= 6.5282524642262025,0.0,126.0
