feature,value,importance,left,right,rec,rule,min,max
OWN_LINE,0.980633802816901,-0.04622495074222251,1.0,1.0,1,OWN_LINE > 0.9680591083803126,0.281553398058252,1.0
MAJOR_LINE,1.0,-0.03540299594919163,1.498903175727984,10.0,1,0.49445902988758095 < MAJOR_LINE <= 1.498903175727984,0.0,10.0
CountClassCoupled,5.0,-0.026402759318773224,6.5282524642262025,126.0,1,0.5399343961701559 < CountClassCoupled <= 6.5282524642262025,0.0,126.0
