feature,value,importance,left,right,rec,rule,min,max
MAJOR_LINE,0.0,-0.03702455781514496,0.49445902988758095,10.0,1,MAJOR_LINE <= 0.49445902988758095,0.0,10.0
CountClassCoupled,4.0,-0.02844699396093013,6.5282524642262025,126.0,1,0.5399343961701559 < CountClassCoupled <= 6.5282524642262025,0.0,126.0
OWN_LINE,0.908433734939759,-0.01269113489525213,0.9680591083803126,1.0,1,0.8930537701690927 < OWN_LINE <= 0.9680591083803126,0.281553398058252,1.0
