feature,value,importance,left,right,rec,rule,min,max
MAJOR_LINE,1.0,-0.03399308434161049,1.498903175727984,10.0,1,0.49445902988758095 < MAJOR_LINE <= 1.498903175727984,0.0,10.0
OWN_LINE,0.97997138769671,-0.027898524574438692,1.0,1.0,1,OWN_LINE > 0.9680591083803126,0.281553398058252,1.0
CountClassCoupled,2.0,-0.02374018439740143,6.5282524642262025,126.0,1,0.5399343961701559 < CountClassCoupled <= 6.5282524642262025,0.0,126.0
