feature,value,importance,left,right,rec,rule,min,max
CountClassCoupled,27.0,0.05495079357849339,0.0,20.500994623023644,-1,20.500994623023644 < CountClassCoupled <= 42.45816087256249,0.0,126.0
MAJOR_LINE,1.0,-0.03040939336589302,1.498903175727984,10.0,1,0.49445902988758095 < MAJOR_LINE <= 1.498903175727984,0.0,10.0
OWN_LINE,0.954545454545455,-0.01154361706769782,0.9680591083803126,1.0,1,0.8930537701690927 < OWN_LINE <= 0.9680591083803126,0.281553398058252,1.0
