feature,value,importance,left,right,rec,rule,min,max
MAJOR_LINE,0.0,-0.03947523355092252,0.49445902988758095,10.0,1,MAJOR_LINE <= 0.49445902988758095,0.0,10.0
CountClassCoupled,3.0,-0.027772113827434716,6.5282524642262025,126.0,1,0.5399343961701559 < CountClassCoupled <= 6.5282524642262025,0.0,126.0
OWN_LINE,0.889705882352941,0.01233614564250343,0.281553398058252,0.8116920473637016,-1,0.8116920473637016 < OWN_LINE <= 0.8930537701690927,0.281553398058252,1.0
