feature,value,importance,left,right,rec,rule,min,max
OWN_LINE,0.8078125,0.03874599237990458,0.281553398058252,0.571420709704031,-1,0.571420709704031 < OWN_LINE <= 0.8116920473637016,0.281553398058252,1.0
CountClassCoupled,3.0,-0.030470623897726982,6.5282524642262025,126.0,1,0.5399343961701559 < CountClassCoupled <= 6.5282524642262025,0.0,126.0
MaxInheritanceTree,1.0,-0.029866868071950648,1.5001546410169164,7.0,1,0.49470484336951337 < MaxInheritanceTree <= 1.5001546410169164,0.0,7.0
MAJOR_LINE,1.0,-0.029101441396667004,1.498903175727984,10.0,1,0.49445902988758095 < MAJOR_LINE <= 1.498903175727984,0.0,10.0
