feature,value,importance,left,right,rec,rule,min,max
CountDeclClass,1.0,-0.05442989437158458,1.5005966587345618,13.0,1,CountDeclClass <= 1.5005966587345618,1.0,13.0
MAJOR_LINE,0.0,-0.0390486475791187,0.49445902988758095,10.0,1,MAJOR_LINE <= 0.49445902988758095,0.0,10.0
OWN_LINE,0.790307548928239,0.037431291045595456,0.281553398058252,0.571420709704031,-1,0.571420709704031 < OWN_LINE <= 0.8116920473637016,0.281553398058252,1.0
MaxInheritanceTree,1.0,-0.032876690142179296,1.5001546410169164,7.0,1,0.49470484336951337 < MaxInheritanceTree <= 1.5001546410169164,0.0,7.0
