feature,value,importance,left,right,rec,rule,min,max
MAJOR_LINE,0.0,-0.03918554050664964,0.49445902988758095,10.0,1,MAJOR_LINE <= 0.49445902988758095,0.0,10.0
CountDeclClass,1.0,-0.03240915224093772,1.5005966587345618,13.0,1,CountDeclClass <= 1.5005966587345618,1.0,13.0
CountClassCoupled,1.0,-0.026488641504002357,6.5282524642262025,126.0,1,0.5399343961701559 < CountClassCoupled <= 6.5282524642262025,0.0,126.0
OWN_LINE,0.928571428571429,-0.013317861817868393,0.9680591083803126,1.0,1,0.8930537701690927 < OWN_LINE <= 0.9680591083803126,0.281553398058252,1.0
