feature,value,importance,left,right,rec,rule,min,max
MAJOR_LINE,2.0,0.04045048396482616,0.0,1.498903175727984,-1,1.498903175727984 < MAJOR_LINE <= 2.503347321568387,0.0,10.0
OWN_LINE,0.993471164309032,-0.028418802611627225,1.0,1.0,1,OWN_LINE > 0.9680591083803126,0.281553398058252,1.0
CountClassCoupled,7.0,0.009639530717817419,0.0,6.5282524642262025,-1,6.5282524642262025 < CountClassCoupled <= 12.516570532282248,0.0,126.0
