feature,value,importance,left,right,rec,rule,min,max
MAJOR_LINE,0.0,-0.03470265039367617,0.49445902988758095,10.0,1,MAJOR_LINE <= 0.49445902988758095,0.0,10.0
CountDeclClass,1.0,-0.02493600305236066,1.5005966587345618,13.0,1,CountDeclClass <= 1.5005966587345618,1.0,13.0
CountClassCoupled,1.0,-0.02326170161981311,6.5282524642262025,126.0,1,0.5399343961701559 < CountClassCoupled <= 6.5282524642262025,0.0,126.0
MaxInheritanceTree,2.0,-0.0053969810445656475,2.505604438664319,7.0,1,1.5001546410169164 < MaxInheritanceTree <= 2.505604438664319,0.0,7.0
