feature,value,importance,left,right,rec,rule,min,max
MAJOR_LINE,2.0,0.042959783861524936,0.0,1.498903175727984,-1,1.498903175727984 < MAJOR_LINE <= 2.503347321568387,0.0,10.0
OWN_LINE,0.685393258426966,0.041739448648783845,0.281553398058252,0.571420709704031,-1,0.571420709704031 < OWN_LINE <= 0.8116920473637016,0.281553398058252,1.0
CountClassCoupled,0.0,-0.011463921164742319,0.5399343961701559,126.0,1,CountClassCoupled <= 0.5399343961701559,0.0,126.0
