feature,value,importance,left,right,rec,rule,min,max
CountDeclClass,1.0,-0.037663309193917534,1.5005966587345618,13.0,1,CountDeclClass <= 1.5005966587345618,1.0,13.0
MAJOR_LINE,0.0,-0.036899010284841195,0.49445902988758095,10.0,1,MAJOR_LINE <= 0.49445902988758095,0.0,10.0
CountClassCoupled,4.0,-0.026936738625513993,6.5282524642262025,126.0,1,0.5399343961701559 < CountClassCoupled <= 6.5282524642262025,0.0,126.0
MaxInheritanceTree,0.0,-0.02264096030135051,0.49470484336951337,7.0,1,MaxInheritanceTree <= 0.49470484336951337,0.0,7.0
