feature,value,importance,left,right,rec,rule,min,max
OWN_LINE,0.987252124645892,-0.04181130352688197,1.0,1.0,1,OWN_LINE > 0.9680591083803126,0.281553398058252,1.0
MAJOR_LINE,1.0,-0.025204961094378798,1.498903175727984,10.0,1,0.49445902988758095 < MAJOR_LINE <= 1.498903175727984,0.0,10.0
CountClassCoupled,18.0,0.024392514614489588,0.0,12.516570532282248,-1,12.516570532282248 < CountClassCoupled <= 20.500994623023644,0.0,126.0
