feature,value,importance,left,right,rec,rule,min,max
MAJOR_LINE,3.0,0.12534572455937723,0.0,2.503347321568387,-1,2.503347321568387 < MAJOR_LINE <= 5.505000175998428,0.0,10.0
OWN_LINE,0.990066225165563,-0.036848086649692996,1.0,1.0,1,OWN_LINE > 0.9680591083803126,0.281553398058252,1.0
CountClassCoupled,11.0,0.0023375862054558884,0.0,6.5282524642262025,-1,6.5282524642262025 < CountClassCoupled <= 12.516570532282248,0.0,126.0
