feature,value,importance,left,right,rec,rule,min,max
MAJOR_LINE,6.000000000000001,0.1428013419286843,0.0,5.505000175998428,-1,MAJOR_LINE > 5.505000175998428,0.0,10.0
CountClassCoupled,31.0,0.053172450352530806,0.0,20.500994623023644,-1,20.500994623023644 < CountClassCoupled <= 42.45816087256249,0.0,126.0
OWN_LINE,0.633699633699634,0.043261045929664205,0.281553398058252,0.571420709704031,-1,0.571420709704031 < OWN_LINE <= 0.8116920473637016,0.281553398058252,1.0
