feature,value,importance,left,right,rec,rule,min,max
CountClassCoupled,25.0,0.057502457681081344,0.0,20.500994623023644,-1,20.500994623023644 < CountClassCoupled <= 42.45816087256249,0.0,126.0
OWN_LINE,0.992094861660079,-0.03851113743218773,1.0,1.0,1,OWN_LINE > 0.9680591083803126,0.281553398058252,1.0
MAJOR_LINE,1.0,-0.026369690762591772,1.498903175727984,10.0,1,0.49445902988758095 < MAJOR_LINE <= 1.498903175727984,0.0,10.0
