feature,value,importance,left,right,rec,rule,min,max
CountClassCoupled,24.0,0.04782270972881791,0.0,20.500994623023644,-1,20.500994623023644 < CountClassCoupled <= 42.45816087256249,0.0,126.0
MAJOR_LINE,2.0,0.0387223982595175,0.0,1.498903175727984,-1,1.498903175727984 < MAJOR_LINE <= 2.503347321568387,0.0,10.0
OWN_LINE,0.918072289156627,-0.01314579578172305,0.9680591083803126,1.0,1,0.8930537701690927 < OWN_LINE <= 0.9680591083803126,0.281553398058252,1.0
