feature,value,importance,left,right,rec,rule,min,max
MAJOR_LINE,4.0,0.12677767981021876,0.0,2.503347321568387,-1,2.503347321568387 < MAJOR_LINE <= 5.505000175998428,0.0,10.0
CountClassCoupled,19.0,0.03674106571997865,0.0,12.516570532282248,-1,12.516570532282248 < CountClassCoupled <= 20.500994623023644,0.0,126.0
OWN_LINE,0.83175355450237,0.020218035990292843,0.281553398058252,0.8116920473637016,-1,0.8116920473637016 < OWN_LINE <= 0.8930537701690927,0.281553398058252,1.0
