feature,value,importance,left,right,rec,rule,min,max
MAJOR_LINE,6.000000000000001,0.11152445393395159,0.0,5.505000175998428,-1,MAJOR_LINE > 5.505000175998428,0.0,10.0
CountClassCoupled,68.0,0.07707175966356991,0.0,45.50484901245065,-1,CountClassCoupled > 45.50484901245065,0.0,126.0
OWN_LINE,0.935771826692793,-0.0177123226459423,0.9680591083803126,1.0,1,0.8930537701690927 < OWN_LINE <= 0.9680591083803126,0.281553398058252,1.0
