"Rule ID","Antecedent","Consequent","Antecedent Coverage %","Antecedent Coverage","Support %","Support","Confidence","Leverage","Lift","p-value","Consequent Coverage %","Consequent Coverage"
"000000","-0.245 < MINOR_COMMIT <= 0.09","target = 0",0.96907,2068,0.9194,1962,0.94874,0.01027,1.0113,7.01968e-16,0.93814,2002
"000001","0.95 < MINOR_LINE <= 1.23","target = 0",0.30319,647,0.29522,630,0.97372,0.01079,1.03793,1.19867e-06,0.93814,2002
"000002","MAJOR_LINE <= 0","target = 0",0.27507,587,0.26992,576,0.98126,0.01186,1.04596,1.7289e-08,0.93814,2002
"000003","-8.4 < CountDeclClassVariable <= 0","target = 0",0.24555,524,0.2418,516,0.98473,0.01144,1.04966,9.11627e-09,0.93814,2002
"000004","MAJOR_COMMIT <= 0.34","target = 0",0.20337,434,0.20244,432,0.99539,0.01164,1.06102,2.1763e-11,0.93814,2002
