feature,value,importance,min,max,rule,importance_ratio
MAJOR_LINE,6.0,0.45605822326042716,0.0,10.0,MAJOR_LINE > 5.505000175998428,0.24618704242647518
CountClassCoupled,51.0,0.24431456092061382,0.0,126.0,CountClassCoupled > 45.50484901245065,0.13188465004483094
MINOR_COMMIT,0.0,-0.21708398006158364,0.0,5.0,MINOR_COMMIT <= 0.5004848706369127,0.11718517567221012
CountDeclClass,1.0,-0.1641895003525386,1.0,13.0,CountDeclClass <= 1.5005966587345618,0.0886319452816664
CountDeclInstanceVariable,33.0,0.14958725511749424,0.0,1095.0,CountDeclInstanceVariable > 21.376447020001596,0.08074943514622512
