feature,value,importance,min,max,rule,importance_ratio
MAJOR_LINE,3.0,0.2997136195932004,0.0,10.0,2.503347321568387 < MAJOR_LINE <= 5.505000175998428,0.25318297981082183
MINOR_COMMIT,0.0,-0.236956538864006,0.0,5.0,MINOR_COMMIT <= 0.5004848706369127,0.20016895687515468
CountDeclClass,1.0,-0.17281303452112706,1.0,13.0,CountDeclClass <= 1.5005966587345618,0.14598375305598557
MaxInheritanceTree,5.0,0.13787632239450676,0.0,7.0,MaxInheritanceTree > 4.503613651938005,0.11647097718341631
OWN_LINE,0.976,-0.060625056931584265,0.281553398058252,1.0,OWN_LINE > 0.9680591083803126,0.05121299654641203
