feature,value,importance,min,max,rule,importance_ratio
MINOR_COMMIT,0.0,-0.2055184770481391,0.0,5.0,MINOR_COMMIT <= 0.5004848706369127,0.20656683804957515
CountDeclClass,1.0,-0.16915679629610705,1.0,13.0,CountDeclClass <= 1.5005966587345618,0.1700196743736006
OWN_LINE,0.67258883248731,0.12112478452155384,0.281553398058252,1.0,0.571420709704031 < OWN_LINE <= 0.8116920473637016,0.12174264867772895
MaxInheritanceTree,3.0,0.07245424695457398,0.0,7.0,2.505604438664319 < MaxInheritanceTree <= 3.4981638542906017,0.07282384003441078
MAJOR_LINE,1.0,-0.05550751804563763,0.0,10.0,0.49445902988758095 < MAJOR_LINE <= 1.498903175727984,0.05579066493365162
