feature,value,importance,min,max,rule,importance_ratio
MAJOR_LINE,5.0,0.3026881027896867,0.0,10.0,2.503347321568387 < MAJOR_LINE <= 5.505000175998428,0.2113925631169828
MINOR_COMMIT,0.0,-0.2261013778156617,0.0,5.0,MINOR_COMMIT <= 0.5004848706369127,0.1579056108919606
CountDeclClass,1.0,-0.16841336123859896,1.0,13.0,CountDeclClass <= 1.5005966587345618,0.11761721642594661
CountDeclInstanceVariable,33.0,0.1498289154708097,0.0,1095.0,CountDeclInstanceVariable > 21.376447020001596,0.1046381346954327
MaxInheritanceTree,1.0,-0.07077335161778348,0.0,7.0,0.49470484336951337 < MaxInheritanceTree <= 1.5001546410169164,0.049426984612136744
