feature,value,importance,min,max,rule,importance_ratio
MAJOR_LINE,4.0,0.29996055224307794,0.0,10.0,2.503347321568387 < MAJOR_LINE <= 5.505000175998428,0.22411221572161735
MINOR_COMMIT,0.0,-0.22943673228880207,0.0,5.0,MINOR_COMMIT <= 0.5004848706369127,0.17142112206641855
CountDeclClass,1.0,-0.17030897489684946,1.0,13.0,CountDeclClass <= 1.5005966587345618,0.1272444707678759
CountLineComment,485.0,0.13855586211923768,15.0,3202.0,442.57727842975316 < CountLineComment <= 1279.9881660055592,0.10352048303870877
OWN_LINE,0.972681524083393,-0.06517136439224194,0.281553398058252,1.0,OWN_LINE > 0.9680591083803126,0.04869206556104181
