feature,value,importance,min,max,rule,importance_ratio
MAJOR_LINE,3.0,0.2997106011587825,0.0,10.0,2.503347321568387 < MAJOR_LINE <= 5.505000175998428,0.2234847495179947
MINOR_COMMIT,0.0,-0.24126982772293779,0.0,5.0,MINOR_COMMIT <= 0.5004848706369127,0.17990730660322674
CountDeclClass,1.0,-0.1720913073951234,1.0,13.0,CountDeclClass <= 1.5005966587345618,0.12832306424505793
CountLineComment,459.0,0.1394786043265891,15.0,3202.0,442.57727842975316 < CountLineComment <= 1279.9881660055592,0.10400479939824722
OWN_LINE,0.978533094812165,-0.06334791437399197,0.281553398058252,1.0,OWN_LINE > 0.9680591083803126,0.04723654325746934
