feature,value,importance,min,max,rule,importance_ratio
MAJOR_LINE,8.0,0.44819962545714864,0.0,10.0,MAJOR_LINE > 5.505000175998428,0.20806237030252644
CountClassCoupled,71.0,0.22842186800592945,0.0,126.0,CountClassCoupled > 45.50484901245065,0.10603756136067626
MINOR_COMMIT,0.0,-0.18774644004815888,0.0,5.0,MINOR_COMMIT <= 0.5004848706369127,0.08715529222595443
CountDeclClassVariable,15.0,0.16871829250776688,0.0,321.0,10.46165607230859 < CountDeclClassVariable <= 159.54725729738055,0.07832208207839561
CountDeclClass,1.0,-0.1681244309696682,1.0,13.0,CountDeclClass <= 1.5005966587345618,0.07804640081444478
