feature,value,importance,min,max,rule,importance_ratio
MAJOR_LINE,3.0,0.2973025265910215,0.0,10.0,2.503347321568387 < MAJOR_LINE <= 5.505000175998428,0.2415565585642621
MINOR_COMMIT,0.0,-0.24251832103470533,0.0,5.0,MINOR_COMMIT <= 0.5004848706369127,0.19704471297182538
CountDeclClass,1.0,-0.16748774396899316,1.0,13.0,CountDeclClass <= 1.5005966587345618,0.13608280931462508
MaxInheritanceTree,4.0,0.12032292000015907,0.0,7.0,3.4981638542906017 < MaxInheritanceTree <= 4.503613651938005,0.09776166655866961
Added_lines,0.0,-0.049602963312870715,6.0,17843.0,Added_lines <= 6.5761356021680655,0.04030211666828213
