feature,value,importance,min,max,rule,importance_ratio
MAJOR_LINE,6.0,0.4470922288172981,0.0,10.0,MAJOR_LINE > 5.505000175998428,0.21609987010412848
OWN_LINE,0.405932864949258,0.28106693906065877,0.281553398058252,1.0,OWN_LINE <= 0.41251109484975157,0.135852347919905
MINOR_COMMIT,0.0,-0.2043449337975749,0.0,5.0,MINOR_COMMIT <= 0.5004848706369127,0.09876913711273201
CountDeclClassVariable,26.0,0.17526888389223408,0.0,321.0,10.46165607230859 < CountDeclClassVariable <= 159.54725729738055,0.08471536877883203
CountDeclClass,1.0,-0.1646551950600211,1.0,13.0,CountDeclClass <= 1.5005966587345618,0.07958529352783916
