feature,value,importance,min,max,rule,importance_ratio
MAJOR_LINE,4.0,0.3001202504181292,0.0,10.0,2.503347321568387 < MAJOR_LINE <= 5.505000175998428,0.2274437929120227
MINOR_COMMIT,0.0,-0.23195608955529265,0.0,5.0,MINOR_COMMIT <= 0.5004848706369127,0.17578611481229697
CountClassDerived,13.0,0.17960017962719724,0.0,49.0,8.495840489379086 < CountClassDerived <= 34.511990049447526,0.13610859648817217
CountDeclClass,1.0,-0.1648112617310561,1.0,13.0,CountDeclClass <= 1.5005966587345618,0.12490093031210914
MaxInheritanceTree,1.0,-0.06878272771166614,0.0,7.0,0.49470484336951337 < MaxInheritanceTree <= 1.5001546410169164,0.05212645416555747
