feature,value,importance,min,max,rule,importance_ratio
OWN_LINE,0.521367521367521,0.22501845370532275,0.281553398058252,1.0,0.441750463982939 < OWN_LINE <= 0.571420709704031,0.19568200163447977
MINOR_COMMIT,0.0,-0.20137098863639968,0.0,5.0,MINOR_COMMIT <= 0.5004848706369127,0.17511754026666598
CountDeclClass,1.0,-0.17418062271238016,1.0,13.0,CountDeclClass <= 1.5005966587345618,0.1514720785653165
MaxInheritanceTree,1.0,-0.06489949942065228,0.0,7.0,0.49470484336951337 < MaxInheritanceTree <= 1.5001546410169164,0.05643832202464642
MAJOR_LINE,1.0,-0.056483117960392834,0.0,10.0,0.49445902988758095 < MAJOR_LINE <= 1.498903175727984,0.04911921399797911
