feature,value,importance,min,max,rule,importance_ratio
MINOR_COMMIT,0.0,-0.19807299099270223,0.0,5.0,MINOR_COMMIT <= 0.5004848706369127,0.17863581272077939
CountDeclClassVariable,12.0,0.1766373164572026,0.0,321.0,10.46165607230859 < CountDeclClassVariable <= 159.54725729738055,0.159303650760302
CountDeclClass,1.0,-0.17062629469342888,1.0,13.0,CountDeclClass <= 1.5005966587345618,0.15388249892797787
OWN_LINE,0.625,0.12030465326920854,0.281553398058252,1.0,0.571420709704031 < OWN_LINE <= 0.8116920473637016,0.10849899021128244
MaxInheritanceTree,1.0,-0.0662276306857701,0.0,7.0,0.49470484336951337 < MaxInheritanceTree <= 1.5001546410169164,0.059728621115031556
