feature,value,importance,min,max,rule,importance_ratio
MAJOR_LINE,4.0,0.2956129549454623,0.0,10.0,2.503347321568387 < MAJOR_LINE <= 5.505000175998428,0.19312273299112923
OWN_LINE,0.429503916449086,0.2584487774100758,0.281553398058252,1.0,0.41251109484975157 < OWN_LINE <= 0.441750463982939,0.16884352798698624
Added_lines,281.0,0.23139892404059137,6.0,17843.0,251.74735011885954 < Added_lines <= 987.2609936689339,0.15117196954433304
MINOR_COMMIT,0.0,-0.2229070557011005,0.0,5.0,MINOR_COMMIT <= 0.5004848706369127,0.14562426673061205
CountDeclClass,1.0,-0.17329397132176416,1.0,13.0,CountDeclClass <= 1.5005966587345618,0.11321224186105038
