feature,value,importance,min,max,rule,importance_ratio
MINOR_COMMIT,0.0,-0.1889677021233956,0.0,5.0,MINOR_COMMIT <= 0.5004848706369127,0.16590273153951599
CountDeclClass,1.0,-0.1690611760387227,1.0,13.0,CountDeclClass <= 1.5005966587345618,0.14842595103258419
MaxInheritanceTree,4.0,0.12614733645867912,0.0,7.0,3.4981638542906017 < MaxInheritanceTree <= 4.503613651938005,0.11075007771043949
OWN_LINE,0.742424242424242,0.12061189475151733,0.281553398058252,1.0,0.571420709704031 < OWN_LINE <= 0.8116920473637016,0.10589027950589644
MAJOR_LINE,0.0,-0.11661727026439334,0.0,10.0,MAJOR_LINE <= 0.49445902988758095,0.10238322985433347
