feature,value,importance,min,max,rule,importance_ratio
OWN_LINE,0.313157894736842,0.32145792190939065,0.281553398058252,1.0,OWN_LINE <= 0.41251109484975157,0.22135312057163567
CountDeclClass,7.0,0.31849735781822075,1.0,13.0,CountDeclClass > 4.500762145713396,0.21931450196693533
MINOR_COMMIT,0.0,-0.21549445475069162,0.0,5.0,MINOR_COMMIT <= 0.5004848706369127,0.1483876015299882
CountClassDerived,21.0,0.18665639449774377,0.0,49.0,8.495840489379086 < CountClassDerived <= 34.511990049447526,0.12852996482809306
MAJOR_LINE,0.0,-0.11623356595167202,0.0,10.0,MAJOR_LINE <= 0.49445902988758095,0.08003741947234935
