feature,value,importance,min,max,rule,importance_ratio
MAJOR_LINE,5.0,0.2930425621278307,0.0,10.0,2.503347321568387 < MAJOR_LINE <= 5.505000175998428,0.17189302670956563
Added_lines,447.0,0.23312592564558496,6.0,17843.0,251.74735011885954 < Added_lines <= 987.2609936689339,0.13674710142006016
MINOR_COMMIT,0.0,-0.21510046492687634,0.0,5.0,MINOR_COMMIT <= 0.5004848706369127,0.12617371925238172
CountDeclClassMethod,29.0,0.17500963247750612,0.0,87.0,CountDeclClassMethod > 22.496979239989447,0.1026572222528019
CountDeclClass,1.0,-0.16681365275294566,1.0,13.0,CountDeclClass <= 1.5005966587345618,0.09784962109249545
