feature,value,importance,min,max,rule,importance_ratio
MAJOR_LINE,3.0,0.29571552701115933,0.0,10.0,2.503347321568387 < MAJOR_LINE <= 5.505000175998428,0.21856299938335644
MINOR_COMMIT,0.0,-0.22009409348889408,0.0,5.0,MINOR_COMMIT <= 0.5004848706369127,0.16267128650866633
CountDeclClass,1.0,-0.1703083188086678,1.0,13.0,CountDeclClass <= 1.5005966587345618,0.1258746788001925
CountDeclClassVariable,64.0,0.16806727691847786,0.0,321.0,10.46165607230859 < CountDeclClassVariable <= 159.54725729738055,0.12421832736604825
CountDeclMethodPrivate,28.0,0.09800040595569598,0.0,151.0,15.520842865118082 < CountDeclMethodPrivate <= 29.521787640350414,0.07243198516814833
