feature,value,importance,min,max,rule,importance_ratio
Added_lines,1382.0,0.33049165467133146,6.0,17843.0,Added_lines > 987.2609936689339,0.20231676063087378
MINOR_COMMIT,0.0,-0.18483309241035434,0.0,5.0,MINOR_COMMIT <= 0.5004848706369127,0.11314909767097865
CountDeclClassVariable,11.0,0.17534688764209394,0.0,321.0,10.46165607230859 < CountDeclClassVariable <= 159.54725729738055,0.10734193675702389
CountDeclClass,3.0,0.14494194900263535,1.0,13.0,2.498717478387095 < CountDeclClass <= 3.5026413260608633,0.08872897450587948
CountLineComment,576.0,0.13134191807417156,15.0,3202.0,442.57727842975316 < CountLineComment <= 1279.9881660055592,0.08040345656000933
