feature,value,importance,min,max,rule,importance_ratio
MAJOR_LINE,3.0,0.2973908275586774,0.0,10.0,2.503347321568387 < MAJOR_LINE <= 5.505000175998428,0.22670883995816557
MINOR_COMMIT,0.0,-0.2385054439535164,0.0,5.0,MINOR_COMMIT <= 0.5004848706369127,0.18181896518560348
CountDeclClass,1.0,-0.171281827219503,1.0,13.0,CountDeclClass <= 1.5005966587345618,0.13057263626325802
MaxInheritanceTree,4.0,0.12108609910864725,0.0,7.0,3.4981638542906017 < MaxInheritanceTree <= 4.503613651938005,0.0923071141411197
OWN_LINE,0.975389663658737,-0.06572492285345427,0.281553398058252,1.0,OWN_LINE > 0.9680591083803126,0.05010383520825497
