feature,value,importance,min,max,rule,importance_ratio
Added_lines,1432.0,0.34090579518422676,6.0,17843.0,Added_lines > 987.2609936689339,0.2836168898874102
MINOR_COMMIT,0.0,-0.17511413212591861,0.0,5.0,MINOR_COMMIT <= 0.5004848706369127,0.14568636330176413
MaxInheritanceTree,4.0,0.12558078284727162,0.0,7.0,3.4981638542906017 < MaxInheritanceTree <= 4.503613651938005,0.10447704780589585
OWN_LINE,0.741905642923219,0.12223801810674553,0.281553398058252,1.0,0.571420709704031 < OWN_LINE <= 0.8116920473637016,0.1016960316051564
CountDeclClass,2.0,0.09654327180207528,1.0,13.0,1.5005966587345618 < CountDeclClass <= 2.498717478387095,0.08031926378154569
