feature,value,importance,min,max,rule,importance_ratio
Added_lines,470.0,0.25666722588482244,6.0,17843.0,251.74735011885954 < Added_lines <= 987.2609936689339,0.22598394039331052
MINOR_COMMIT,0.0,-0.20055609427868146,0.0,5.0,MINOR_COMMIT <= 0.5004848706369127,0.17658061444637596
MaxInheritanceTree,4.0,0.1314101946009753,0.0,7.0,3.4981638542906017 < MaxInheritanceTree <= 4.503613651938005,0.1157007618771953
MAJOR_LINE,0.0,-0.11996368869622401,0.0,10.0,MAJOR_LINE <= 0.49445902988758095,0.10562262860882168
CountDeclClass,2.0,0.10352422542222865,1.0,13.0,1.5005966587345618 < CountDeclClass <= 2.498717478387095,0.0911484210982933
