feature,value,importance,min,max,rule,importance_ratio
MAJOR_LINE,3.0,0.287818731820064,0.0,10.0,2.503347321568387 < MAJOR_LINE <= 5.505000175998428,0.1706341913687405
MINOR_COMMIT,0.0,-0.22676276265980239,0.0,5.0,MINOR_COMMIT <= 0.5004848706369127,0.1344369784214985
Added_lines,742.0,0.22410509889318747,6.0,17843.0,251.74735011885954 < Added_lines <= 987.2609936689339,0.13286137455138677
CountDeclClass,1.0,-0.16685560136256808,1.0,13.0,CountDeclClass <= 1.5005966587345618,0.09892083963335
CountDeclClassVariable,38.0,0.1651502144327724,0.0,321.0,10.46165607230859 < CountDeclClassVariable <= 159.54725729738055,0.09790979591879971
