feature,value,importance,min,max,rule,importance_ratio
MAJOR_LINE,5.0,0.3006295064597337,0.0,10.0,2.503347321568387 < MAJOR_LINE <= 5.505000175998428,0.18386445136094784
OWN_LINE,0.533261802575107,0.22701673831545818,0.281553398058252,1.0,0.441750463982939 < OWN_LINE <= 0.571420709704031,0.138843018210903
MINOR_COMMIT,0.0,-0.22224693819805344,0.0,5.0,MINOR_COMMIT <= 0.5004848706369127,0.13592581726141645
CountDeclClass,1.0,-0.1704246434415829,1.0,13.0,CountDeclClass <= 1.5005966587345618,0.10423139742262395
CountDeclInstanceVariable,38.0,0.14840291882937123,0.0,1095.0,CountDeclInstanceVariable > 21.376447020001596,0.09076295128928173
