feature,value,importance,min,max,rule,importance_ratio
MINOR_COMMIT,0.0,-0.1856011199155328,0.0,5.0,MINOR_COMMIT <= 0.5004848706369127,0.17867579375443696
CountDeclClass,1.0,-0.17280158639431117,1.0,13.0,CountDeclClass <= 1.5005966587345618,0.16635384864639235
OWN_LINE,0.682012847965739,0.1224423848095678,0.281553398058252,1.0,0.571420709704031 < OWN_LINE <= 0.8116920473637016,0.11787369766406691
MaxInheritanceTree,1.0,-0.06696159285791897,0.0,7.0,0.49470484336951337 < MaxInheritanceTree <= 1.5001546410169164,0.06446305798367555
MAJOR_LINE,2.0,0.06315591914845921,0.0,10.0,1.498903175727984 < MAJOR_LINE <= 2.503347321568387,0.06079938520455882
