feature,value,importance,min,max,rule,importance_ratio
MAJOR_LINE,5.0,0.296958575611872,0.0,10.0,2.503347321568387 < MAJOR_LINE <= 5.505000175998428,0.22609994986277743
MINOR_COMMIT,0.0,-0.23400054411004387,0.0,5.0,MINOR_COMMIT <= 0.5004848706369127,0.17816461835503358
CountDeclClass,1.0,-0.17023629734442908,1.0,13.0,CountDeclClass <= 1.5005966587345618,0.12961544624563281
CountLineComment,508.0,0.14415776942605898,15.0,3202.0,442.57727842975316 < CountLineComment <= 1279.9881660055592,0.10975963355293888
MaxInheritanceTree,0.0,-0.07972217451501666,0.0,7.0,MaxInheritanceTree <= 0.49470484336951337,0.060699306708542275
