feature,value,importance,min,max,rule,importance_ratio
MAJOR_LINE,6.0,0.472280830874333,0.0,10.0,MAJOR_LINE > 5.505000175998428,0.35122203999419843
MINOR_COMMIT,0.0,-0.21057201053806393,0.0,5.0,MINOR_COMMIT <= 0.5004848706369127,0.1565965126510453
CountDeclClass,1.0,-0.15963173972466893,1.0,13.0,CountDeclClass <= 1.5005966587345618,0.11871365850298407
CountLineComment,504.0,0.13318777976882096,15.0,3202.0,442.57727842975316 < CountLineComment <= 1279.9881660055592,0.09904802535834954
CountDeclMethodPublic,37.0,0.04948054325373196,0.0,201.0,26.478380738109195 < CountDeclMethodPublic <= 61.45617024326406,0.03679729560360056
