feature,value,importance,min,max,rule,importance_ratio
MAJOR_LINE,3.0,0.3023205726103484,0.0,10.0,2.503347321568387 < MAJOR_LINE <= 5.505000175998428,0.26607067270712
MINOR_COMMIT,0.0,-0.22842089095532014,0.0,5.0,MINOR_COMMIT <= 0.5004848706369127,0.2010319694491124
CountDeclClass,1.0,-0.17522248983013441,1.0,13.0,CountDeclClass <= 1.5005966587345618,0.1542123492952279
OWN_LINE,0.971363115693013,-0.0636155552670711,0.281553398058252,1.0,OWN_LINE > 0.9680591083803126,0.05598770020312933
CountDeclMethodPublic,40.0,0.05544854715919339,0.0,201.0,26.478380738109195 < CountDeclMethodPublic <= 61.45617024326406,0.04879996129900837
