feature,value,importance,min,max,rule,importance_ratio
MAJOR_LINE,5.0,0.30226221207840054,0.0,10.0,2.503347321568387 < MAJOR_LINE <= 5.505000175998428,0.28503278872597404
MINOR_COMMIT,0.0,-0.22894718800779684,0.0,5.0,MINOR_COMMIT <= 0.5004848706369127,0.21589683678985908
CountDeclClass,1.0,-0.1669057033837867,1.0,13.0,CountDeclClass <= 1.5005966587345618,0.15739181475126424
CountDeclMethodPublic,33.0,0.056345099451985306,0.0,201.0,26.478380738109195 < CountDeclMethodPublic <= 61.45617024326406,0.05313333981581542
OWN_LINE,0.961605584642234,-0.045799713874078316,0.281553398058252,1.0,0.8930537701690927 < OWN_LINE <= 0.9680591083803126,0.04318905786673122
