feature,value,importance,min,max,rule,importance_ratio
MAJOR_LINE,3.0,0.30131093155125005,0.0,10.0,2.503347321568387 < MAJOR_LINE <= 5.505000175998428,0.2082016018829014
MINOR_COMMIT,0.0,-0.23496357929636763,0.0,5.0,MINOR_COMMIT <= 0.5004848706369127,0.16235651770676993
CountDeclClass,1.0,-0.17036386834755893,1.0,13.0,CountDeclClass <= 1.5005966587345618,0.11771902901205025
CountClassCoupled,43.0,0.1259820464696397,0.0,126.0,42.45816087256249 < CountClassCoupled <= 45.50484901245065,0.08705181636930985
CountClassBase,6.0,0.07351293230423256,0.0,6.0,CountClassBase > 5.500426941618492,0.05079639887624585
