feature,value,importance,min,max,rule,importance_ratio
MAJOR_LINE,3.0,0.3039518180422233,0.0,10.0,2.503347321568387 < MAJOR_LINE <= 5.505000175998428,0.23412366621500322
OWN_LINE,0.562780269058296,0.23163649909422188,0.281553398058252,1.0,0.441750463982939 < OWN_LINE <= 0.571420709704031,0.17842165494010614
MINOR_COMMIT,0.0,-0.22395391932674455,0.0,5.0,MINOR_COMMIT <= 0.5004848706369127,0.17250402709785012
CountDeclClass,1.0,-0.17059420598775077,1.0,13.0,CountDeclClass <= 1.5005966587345618,0.13140286904071552
MaxInheritanceTree,1.0,-0.06944306138206618,0.0,7.0,0.49470484336951337 < MaxInheritanceTree <= 1.5001546410169164,0.053489609730527535
