feature,value,importance,min,max,rule,importance_ratio
MAJOR_LINE,10.0,0.43098927433484174,0.0,10.0,MAJOR_LINE > 5.505000175998428,0.2658628750413287
Added_lines,497.0,0.2510836596192702,6.0,17843.0,251.74735011885954 < Added_lines <= 987.2609936689339,0.15488511570340274
CountDeclClass,1.0,-0.16205509724379466,1.0,13.0,CountDeclClass <= 1.5005966587345618,0.09996637186582151
CountLineComment,1044.0,0.13221014750277854,15.0,3202.0,442.57727842975316 < CountLineComment <= 1279.9881660055592,0.081556020109722
OWN_LINE,0.76875,0.12299575690814149,0.281553398058252,1.0,0.571420709704031 < OWN_LINE <= 0.8116920473637016,0.07587197059590342
