feature,value,importance,min,max,rule,importance_ratio
MINOR_COMMIT,0.0,-0.18517861979556852,0.0,5.0,MINOR_COMMIT <= 0.5004848706369127,0.14332573749989347
CountDeclClassVariable,14.0,0.18100649256853,0.0,321.0,10.46165607230859 < CountDeclClassVariable <= 159.54725729738055,0.14009656767230308
CountDeclClass,1.0,-0.17599138632830874,1.0,13.0,CountDeclClass <= 1.5005966587345618,0.13621494353387092
CountLineComment,1108.0,0.12530760115553868,15.0,3202.0,442.57727842975316 < CountLineComment <= 1279.9881660055592,0.09698638195806382
CountDeclMethodPrivate,19.0,0.08662321351993743,0.0,151.0,15.520842865118082 < CountDeclMethodPrivate <= 29.521787640350414,0.06704519115685129
