feature,value,importance,min,max,rule,importance_ratio
MINOR_COMMIT,0.0,-0.19895054958714073,0.0,5.0,MINOR_COMMIT <= 0.5004848706369127,0.18739497742712274
CountDeclClassVariable,11.0,0.18378959357795016,0.0,321.0,10.46165607230859 < CountDeclClassVariable <= 159.54725729738055,0.17311460969246883
CountDeclClass,1.0,-0.17721254127760314,1.0,13.0,CountDeclClass <= 1.5005966587345618,0.16691956992043394
OWN_LINE,0.977635782747604,-0.06545340029345209,0.281553398058252,1.0,OWN_LINE > 0.9680591083803126,0.061651694332955385
MAJOR_LINE,2.0,0.06426271944245152,0.0,10.0,1.498903175727984 < MAJOR_LINE <= 2.503347321568387,0.060530171363256675
