feature,value,importance,min,max,rule,importance_ratio
MAJOR_LINE,3.0,0.30558673182275065,0.0,10.0,2.503347321568387 < MAJOR_LINE <= 5.505000175998428,0.2168374250059172
MINOR_COMMIT,0.0,-0.22325492510475983,0.0,5.0,MINOR_COMMIT <= 0.5004848706369127,0.15841663933133154
CountDeclMethodDefault,29.0,0.20750553452587084,0.0,98.0,19.504767571919192 < CountDeclMethodDefault <= 37.47751491883885,0.1472412284155213
CountDeclClass,1.0,-0.16417565292339212,1.0,13.0,CountDeclClass <= 1.5005966587345618,0.11649532561911834
MaxInheritanceTree,1.0,-0.06905961611005285,0.0,7.0,0.49470484336951337 < MaxInheritanceTree <= 1.5001546410169164,0.04900313976290957
