feature,value,importance,min,max,rule,importance_ratio
Added_lines,401.0,0.25925256309016453,6.0,17843.0,251.74735011885954 < Added_lines <= 987.2609936689339,0.20160455420835954
MINOR_COMMIT,0.0,-0.19877098657690903,0.0,5.0,MINOR_COMMIT <= 0.5004848706369127,0.1545718031125373
CountDeclClass,1.0,-0.169617693881152,1.0,13.0,CountDeclClass <= 1.5005966587345618,0.13190110505818545
OWN_LINE,0.667883211678832,0.12362383498323869,0.281553398058252,1.0,0.571420709704031 < OWN_LINE <= 0.8116920473637016,0.09613454865885246
MaxInheritanceTree,4.0,0.12289379163672477,0.0,7.0,3.4981638542906017 < MaxInheritanceTree <= 4.503613651938005,0.09556683946565335
