feature,value,importance,min,max,rule,importance_ratio
MINOR_COMMIT,0.0,-0.21475048585880638,0.0,5.0,MINOR_COMMIT <= 0.5004848706369127,0.1877761017000657
CountDeclClass,1.0,-0.1701003118424944,1.0,13.0,CountDeclClass <= 1.5005966587345618,0.14873434780841177
CountLineComment,508.0,0.13153428451507002,15.0,3202.0,442.57727842975316 < CountLineComment <= 1279.9881660055592,0.1150125229629804
CountDeclMethodPublic,63.0,0.11578581349992982,0.0,201.0,CountDeclMethodPublic > 61.45617024326406,0.1012421862713848
MaxInheritanceTree,3.0,0.07087589021278497,0.0,7.0,2.505604438664319 < MaxInheritanceTree <= 3.4981638542906017,0.06197330970151489
