feature,value,importance,min,max,rule,importance_ratio
MAJOR_LINE,5.0,0.3005623129548111,0.0,10.0,2.503347321568387 < MAJOR_LINE <= 5.505000175998428,0.20753738617486753
MINOR_COMMIT,0.0,-0.22936558713417907,0.0,5.0,MINOR_COMMIT <= 0.5004848706369127,0.15837625803554484
CountDeclClass,1.0,-0.16940755331225751,1.0,13.0,CountDeclClass <= 1.5005966587345618,0.11697541340783944
CountLineComment,843.0,0.13277619946508862,15.0,3202.0,442.57727842975316 < CountLineComment <= 1279.9881660055592,0.091681572158251
CountClassCoupled,44.0,0.11597044512964619,0.0,126.0,42.45816087256249 < CountClassCoupled <= 45.50484901245065,0.08007724860488835
