,apache_zeppelin,apache_spark,apache_activemq,apache_kafka,apache_hbase,apache_zookeeper,apache_ignite,apache_hive,apache_cassandra,apache_hadoop-hdfs,apache_hadoop-mapreduce,apache_camel,apache_flink,apache_groovy
AUC-ROC,0.633956043956044,0.7887931034482759,0.6278965129358831,0.7484807379272924,0.7089032255829143,0.8418367346938775,0.7974592511013217,0.7815810606644918,0.751507118311242,0.6776484758311635,0.6937633700839231,0.7199003989497244,0.7799834875306573,0.6206058159431525
F1-score,0.4851063829787234,0.5027932960893855,0.2422145328719723,0.48398576512455516,0.4820627802690583,0.27906976744186046,0.4720496894409938,0.6403806934058464,0.5202913631633714,0.8654970760233918,0.8133971291866029,0.11320754716981132,0.3924268502581756,0.07567567567567568
Precision,0.3958333333333333,0.3813559322033898,0.4430379746835443,0.3695652173913043,0.47884187082405344,0.16666666666666666,0.8,0.49422875131164745,0.6596306068601583,0.783068783068783,0.8018867924528302,0.14150943396226415,0.5615763546798029,0.19444444444444445
Recall,0.6263736263736264,0.7377049180327869,0.16666666666666666,0.7010309278350515,0.4853273137697517,0.8571428571428571,0.33480176211453744,0.9092664092664092,0.42955326460481097,0.9673202614379085,0.8252427184466019,0.09433962264150944,0.30158730158730157,0.04697986577181208
TP,0.6263736263736264,0.7377049180327869,0.16666666666666666,0.7010309278350515,0.4853273137697517,0.8571428571428571,0.33480176211453744,0.9092664092664092,0.42955326460481097,0.9673202614379085,0.8252427184466019,0.09433962264150944,0.30158730158730157,0.04697986577181208
# of TP,57.0,45.0,35.0,68.0,215.0,12.0,304.0,471.0,250.0,444.0,170.0,15.0,114.0,7.0
