feature,value,importance,min,max,rule,importance_ratio
CountClassCoupled,36.0,0.15664762103181712,0.0,53.0,CountClassCoupled > 27.984016563916185,0.2658407660947941
Del_lines,7.0,0.10068597830758365,0.0,2007.0,6.090561726614824 < Del_lines <= 241.53603756884223,0.17087037410453398
MINOR_COMMIT,0.0,-0.07982709773606282,0.0,5.0,MINOR_COMMIT <= 0.49953774820611835,0.13547155505776004
CountLineComment,105.0,0.03459944009774728,16.0,1556.0,71.82961428486475 < CountLineComment <= 180.20318440140485,0.05871740407834126
MINOR_LINE,5.0,0.025880323150754773,1.0,6.0,4.505111416736479 < MINOR_LINE <= 5.501138614359887,0.043920519749100176
