feature,value,importance,min,max,rule,importance_ratio
CountLineComment,191.0,0.11533676673458913,16.0,1556.0,187.1390928888634 < CountLineComment <= 322.38930839430543,0.200249460202665
Del_lines,8.0,0.09844301807935389,0.0,2007.0,6.090561726614824 < Del_lines <= 241.53603756884223,0.17091827514530014
CountDeclInstanceVariable,12.0,0.08054859061078622,0.0,52.0,CountDeclInstanceVariable > 10.498677806146494,0.13984969621190282
MINOR_COMMIT,0.0,-0.07057709252369947,0.0,5.0,MINOR_COMMIT <= 0.49953774820611835,0.1225370285701438
MaxNesting_Min,0.0,-0.02552183278871467,0.0,3.0,MaxNesting_Min <= 0.4991042139307006,0.04431139682529436
