feature,value,importance,min,max,rule,importance_ratio
MaxNesting_Min,5.0,0.16662127189325132,0.0,3.0,MaxNesting_Min > 2.4994121638549673,0.1984532605785776
AvgEssential,17.0,0.11334119461994943,0.0,12.0,AvgEssential > 10.501194125494266,0.13499434600769686
Del_lines,13.0,0.09897460585471873,0.0,2007.0,6.090561726614824 < Del_lines <= 241.53603756884223,0.11788310713971968
AvgCyclomaticModified,26.0,0.07901954791359701,0.0,20.0,AvgCyclomaticModified > 17.004181974856568,0.09411575577784088
MINOR_COMMIT,0.0,-0.07684378474866206,0.0,5.0,MINOR_COMMIT <= 0.49953774820611835,0.09152432618771786
