feature,value,importance,min,max,rule,importance_ratio
CountClassCoupled,47.0,0.1479009500388897,0.0,53.0,CountClassCoupled > 27.984016563916185,0.20527231616734737
CountLineComment,509.0,0.12859833691692021,16.0,1556.0,CountLineComment > 322.38930839430543,0.17848214272635832
Del_lines,202.0,0.10029147417544822,0.0,2007.0,6.090561726614824 < Del_lines <= 241.53603756884223,0.13919493546470602
MINOR_COMMIT,3.0,0.08545891760725777,0.0,5.0,2.4994820872250076 < MINOR_COMMIT <= 4.499426426243896,0.11860877127417806
MAJOR_LINE,6.0,0.04798945802644639,0.0,6.0,MAJOR_LINE > 5.501529053517293,0.06660475945633959
