"Rule ID","Antecedent","Consequent","Antecedent Coverage %","Antecedent Coverage","Support %","Support","Confidence","Leverage","Lift","p-value","Consequent Coverage %","Consequent Coverage"
"b'000000'","b'-0.235 < MAJOR_LINE <= 0.12'","b'target = 0'",0.42093,929,0.42093,929,1,0.00782,1.01893,1.42095e-10,0.98142,2166
"b'000001'","b'-0.024 < OWN_COMMIT <= 0.028'","b'target = 0'",0.39737,877,0.39737,877,1,0.00738,1.01893,7.47924e-10,0.98142,2166
"b'000002'","b'-0.16 < CountDeclInstanceVariable <= 1.04'","b'target = 0'",0.32805,724,0.32805,724,1,0.00609,1.01893,6.93259e-08,0.98142,2166
"b'000003'","b'MINOR_LINE <= 1.02'","b'target = 0'",0.27775,613,0.27775,613,1,0.00516,1.01893,1.39044e-06,0.98142,2166
"b'000004'","b'-0.34 < CountDeclMethodPrivate <= 0.22'","b'target = 0'",0.51019,1126,0.50974,1125,0.99911,0.00902,1.01802,5.97365e-12,0.98142,2166
"b'000005'","b'-0.185 < AvgLineBlank <= 0.125'","b'target = 0'",0.47123,1040,0.46896,1035,0.99519,0.00649,1.01403,1.84723e-06,0.98142,2166
