"Rule ID","Antecedent","Consequent","Antecedent Coverage %","Antecedent Coverage","Support %","Support","Confidence","Leverage","Lift","p-value","Consequent Coverage %","Consequent Coverage"
"000000","CountInput_Mean <= 1","target = 0",0.21273,448,0.21273,448,1,0.00566,1.02732,1.24596e-06,0.97341,2050
"000001","-0.255 < CountDeclMethodPrivate <= 0.075","target = 0",0.51899,1093,0.51662,1088,0.99543,0.01143,1.02262,5.56954e-12,0.97341,2050
"000002","-0.038 < OWN_COMMIT <= 0.012","target = 0",0.47246,995,0.47009,990,0.99497,0.01019,1.02215,4.41339e-10,0.97341,2050
"000003","-0.0565 < MINOR_COMMIT <= 0.0024","target = 0",0.97436,2052,0.95442,2010,0.97953,0.00597,1.00629,2.37082e-11,0.97341,2050
