Antecedent,Antecedent Coverage %,Confidence,Lift
MAJOR_COMMIT <= 0.43,0.20134,0.98891,1.19803
1.25 < CountClassCoupled <= 4.3,0.19911,0.96188,1.16529
0.03 < MAJOR_LINE <= 0.7,0.14107,0.9557,1.15779
MAJOR_LINE <= 0.03,0.25491,0.95447,1.1563
1.04 < MAJOR_COMMIT <= 1.7,0.10402,0.9485,1.14907
0.43 < MAJOR_COMMIT <= 1.04,0.29152,0.94487,1.14468
CountClassBase <= 0.902,0.15134,0.94395,1.14357
4.3 < CountClassCoupled <= 8.2,0.20536,0.94348,1.14299
CountClassCoupled <= 1.25,0.2058,0.93492,1.13263
