feature,value,importance,left,right,rec,rule,min,max
MINOR_LINE,4.0,0.03255607961211371,1.0,3.4962585775144284,-1,3.4962585775144284 < MINOR_LINE <= 4.494567851334727,1.0,7.0
OWN_COMMIT,0.45454545454545503,0.032431485989598906,0.0,0.1422783512174683,-1,0.1422783512174683 < OWN_COMMIT <= 0.47314245730383975,0.0,1.0
CountClassBase,2.0,-0.006462943203851451,2.499285552932663,5.0,1,1.5010933622734564 < CountClassBase <= 2.499285552932663,0.0,5.0
