feature,value,importance,left,right,rec,rule,min,max
OWN_COMMIT,0.666666666666667,0.02616250729309474,0.0,0.47314245730383975,-1,0.47314245730383975 < OWN_COMMIT <= 0.8757602249511109,0.0,1.0
MINOR_LINE,1.0,-0.02392680492159007,1.4996400298738282,7.0,1,MINOR_LINE <= 1.4996400298738282,1.0,7.0
MAJOR_LINE,1.0,-0.000469612872991519,1.499206042722081,13.0,1,0.4986009014000341 < MAJOR_LINE <= 1.499206042722081,0.0,13.0
