feature,value,importance,left,right,rec,rule,min,max
OWN_COMMIT,0.8,0.020278637958765274,0.0,0.47314245730383975,-1,0.47314245730383975 < OWN_COMMIT <= 0.8757602249511109,0.0,1.0
MINOR_LINE,3.0,0.01417416372315087,1.0,2.4979493036941283,-1,2.4979493036941283 < MINOR_LINE <= 3.4962585775144284,1.0,7.0
CountClassBase,2.0,-0.0005493599461419081,2.499285552932663,5.0,1,1.5010933622734564 < CountClassBase <= 2.499285552932663,0.0,5.0
