feature,value,importance,left,right,rec,rule,min,max
MAJOR_LINE,3.9999999999999996,0.05571513723256801,0.0,2.4998111840441277,-1,2.4998111840441277 < MAJOR_LINE <= 6.502231749332315,0.0,13.0
OWN_COMMIT,0.75,0.025901759925600017,0.0,0.47314245730383975,-1,0.47314245730383975 < OWN_COMMIT <= 0.8757602249511109,0.0,1.0
PercentLackOfCohesion,86.0,-0.0005228645563524798,99.5594681206226,100.0,1,85.4235986405478 < PercentLackOfCohesion <= 99.5594681206226,0.0,100.0
MINOR_LINE,2.0,-5.035408629846641e-05,2.4979493036941283,7.0,1,1.4996400298738282 < MINOR_LINE <= 2.4979493036941283,1.0,7.0
