feature,value,importance,left,right,rec,rule,min,max
MINOR_LINE,5.0,0.03248451276993128,1.0,4.494567851334727,-1,4.494567851334727 < MINOR_LINE <= 5.505201931004661,1.0,7.0
OWN_COMMIT,0.571428571428571,0.020126270005727552,0.0,0.47314245730383975,-1,0.47314245730383975 < OWN_COMMIT <= 0.8757602249511109,0.0,1.0
CountClassBase,1.0,-0.010691188556188653,1.5010933622734564,5.0,1,0.5029011716142495 < CountClassBase <= 1.5010933622734564,0.0,5.0
