feature,value,importance,left,right,rec,rule,min,max
MAJOR_LINE,4.0,0.06955189167087208,0.0,2.4998111840441277,-1,2.4998111840441277 < MAJOR_LINE <= 6.502231749332315,0.0,13.0
OWN_COMMIT,0.75,0.028002341230011742,0.0,0.47314245730383975,-1,0.47314245730383975 < OWN_COMMIT <= 0.8757602249511109,0.0,1.0
MINOR_LINE,2.0,-0.0029960695828680954,2.4979493036941283,7.0,1,1.4996400298738282 < MINOR_LINE <= 2.4979493036941283,1.0,7.0
