feature,value,importance,left,right,rec,rule,min,max
OWN_COMMIT,0.5,0.04465698868264996,0.0,0.47314245730383975,-1,0.47314245730383975 < OWN_COMMIT <= 0.8757602249511109,0.0,1.0
MINOR_LINE,4.0,0.015057994747884329,1.0,3.4962585775144284,-1,3.4962585775144284 < MINOR_LINE <= 4.494567851334727,1.0,7.0
CountClassBase,2.0,-0.009498261054701128,2.499285552932663,5.0,1,1.5010933622734564 < CountClassBase <= 2.499285552932663,0.0,5.0
