feature,value,importance,left,right,rec,rule,min,max
MINOR_LINE,1.0,-0.027940963117119202,1.4996400298738282,7.0,1,MINOR_LINE <= 1.4996400298738282,1.0,7.0
MAJOR_LINE,1.1102230246251565e-16,-0.02729136081292584,0.4986009014000341,13.0,1,MAJOR_LINE <= 0.4986009014000341,0.0,13.0
OWN_COMMIT,1.0,0.022641751011926545,0.0,0.8757602249511109,-1,OWN_COMMIT > 0.8757602249511109,0.0,1.0
