feature,value,importance,left,right,rec,rule,min,max
OWN_COMMIT,0.6,0.021589146881564193,0.0,0.47314245730383975,-1,0.47314245730383975 < OWN_COMMIT <= 0.8757602249511109,0.0,1.0
CountClassBase,2.0,-0.006466462646032239,2.499285552932663,5.0,1,1.5010933622734564 < CountClassBase <= 2.499285552932663,0.0,5.0
MINOR_LINE,2.0,0.00041105387959138506,1.0,1.4996400298738282,-1,1.4996400298738282 < MINOR_LINE <= 2.4979493036941283,1.0,7.0
