feature,value,importance,left,right,rec,rule,min,max
OWN_COMMIT,1.0,0.028471242791638842,0.0,0.8757602249511109,-1,OWN_COMMIT > 0.8757602249511109,0.0,1.0
MAJOR_LINE,2.0,0.02526630835761905,0.0,1.499206042722081,-1,1.499206042722081 < MAJOR_LINE <= 2.4998111840441277,0.0,13.0
PercentLackOfCohesion,48.0,-0.01841383768768611,65.55697126314533,100.0,1,4.428887024983929 < PercentLackOfCohesion <= 65.55697126314533,0.0,100.0
