feature,value,importance,left,right,rec,rule,min,max
CountClassCoupled,56.0,0.15765672339973666,0.0,35.464692589333026,-1,CountClassCoupled > 35.464692589333026,0.0,132.0
CountDeclClassMethod,7.0,0.0650238761037974,0.0,1.5382515305679796,-1,1.5382515305679796 < CountDeclClassMethod <= 36.01015640726675,0.0,247.0
OWN_COMMIT,0.243243243243243,0.05321668179735217,0.0,0.12394271196938178,-1,0.12394271196938178 < OWN_COMMIT <= 0.48523577667359796,0.0,1.0
CountDeclMethodProtected,3.0,0.0267326113208065,0.0,2.5152148456649166,-1,2.5152148456649166 < CountDeclMethodProtected <= 23.98489973706664,0.0,83.0
