feature,value,importance,left,right,rec,rule,min,max
CountClassCoupled,122.99999999999999,0.16654774480983364,0.0,35.464692589333026,-1,CountClassCoupled > 35.464692589333026,0.0,132.0
CountDeclClassMethod,64.0,0.08642179447705192,0.0,47.46896135242978,-1,CountDeclClassMethod > 47.46896135242978,0.0,247.0
OWN_COMMIT,0.571428571428571,0.061361428046488545,0.0,0.48523577667359796,-1,0.48523577667359796 < OWN_COMMIT <= 0.9163585933794693,0.0,1.0
