feature,value,importance,left,right,rec,rule,min,max
CountClassCoupled,18.0,0.08897900587690732,0.0,14.528794990404752,-1,14.528794990404752 < CountClassCoupled <= 19.508692962965362,0.0,132.0
CountDeclClassMethod,66.0,0.07399690916580716,0.0,47.46896135242978,-1,CountDeclClassMethod > 47.46896135242978,0.0,247.0
OWN_COMMIT,0.75,0.06158271143943592,0.0,0.48523577667359796,-1,0.48523577667359796 < OWN_COMMIT <= 0.9163585933794693,0.0,1.0
