feature,value,importance,left,right,rec,rule,min,max
CountClassCoupled,88.0,0.16852498186265602,0.0,35.464692589333026,-1,CountClassCoupled > 35.464692589333026,0.0,132.0
CountDeclClassMethod,27.0,0.06454934708822366,0.0,1.5382515305679796,-1,1.5382515305679796 < CountDeclClassMethod <= 36.01015640726675,0.0,247.0
OWN_COMMIT,0.283950617283951,0.05275329496104129,0.0,0.12394271196938178,-1,0.12394271196938178 < OWN_COMMIT <= 0.48523577667359796,0.0,1.0
CountDeclMethodProtected,14.0,0.023507031931984217,0.0,2.5152148456649166,-1,2.5152148456649166 < CountDeclMethodProtected <= 23.98489973706664,0.0,83.0
