feature,value,importance,left,right,rec,rule,min,max
CountClassCoupled,60.0,0.1661944204410466,0.0,35.464692589333026,-1,CountClassCoupled > 35.464692589333026,0.0,132.0
OWN_COMMIT,0.25,0.05196248802815337,0.0,0.12394271196938178,-1,0.12394271196938178 < OWN_COMMIT <= 0.48523577667359796,0.0,1.0
CountDeclClassMethod,0.0,-0.04934475162836535,0.48786107726136896,247.0,1,CountDeclClassMethod <= 0.48786107726136896,0.0,247.0
CountDeclMethodProtected,0.0,-0.01558249511840552,0.5126907197084872,83.0,1,CountDeclMethodProtected <= 0.5126907197084872,0.0,83.0
