feature,value,importance,left,right,rec,rule,min,max
CountClassCoupled,18.0,0.08958699019267471,0.0,14.528794990404752,-1,14.528794990404752 < CountClassCoupled <= 19.508692962965362,0.0,132.0
OWN_COMMIT,0.6,0.06660590318977529,0.0,0.48523577667359796,-1,0.48523577667359796 < OWN_COMMIT <= 0.9163585933794693,0.0,1.0
MAJOR_LINE,2.0,0.011193808121001632,0.0,1.5046269532496872,-1,1.5046269532496872 < MAJOR_LINE <= 2.5028011892998445,0.0,11.0
CountDeclMethodProtected,1.0,0.0021461698760534306,0.0,0.5126907197084872,-1,0.5126907197084872 < CountDeclMethodProtected <= 1.4975386505067312,0.0,83.0
