feature,value,importance,left,right,rec,rule,min,max
OWN_COMMIT,0.25,0.064595341778301,0.0,0.1650142457143403,-1,0.1650142457143403 < OWN_COMMIT <= 0.524282117653962,0.0,1.0
RatioCommentToCode,0.24,0.031207467641938397,0.03,0.16254030530342767,-1,0.16254030530342767 < RatioCommentToCode <= 0.415554900473351,0.03,8.5
MAJOR_LINE,6.0,0.01934641038143731,0.0,4.499384532543117,-1,MAJOR_LINE > 4.499384532543117,0.0,5.0
