feature,value,importance,left,right,rec,rule,min,max
OWN_COMMIT,0.5,0.062284497967239935,0.0,0.1650142457143403,-1,0.1650142457143403 < OWN_COMMIT <= 0.524282117653962,0.0,1.0
RatioCommentToCode,0.4,0.03182336533574492,0.03,0.16254030530342767,-1,0.16254030530342767 < RatioCommentToCode <= 0.415554900473351,0.03,8.5
CountDeclClass,1.0,-0.020632708973316392,1.5073484207191286,30.0,1,CountDeclClass <= 1.5073484207191286,1.0,30.0
