feature,value,importance,left,right,rec,rule,min,max
OWN_COMMIT,1.0,0.11073080715243425,0.0,0.9158840980681497,-1,OWN_COMMIT > 0.9158840980681497,0.0,1.0
RatioCommentToCode,0.12,0.05962658662961187,0.03,0.04753367113528073,-1,0.04753367113528073 < RatioCommentToCode <= 0.16254030530342767,0.03,8.5
CountDeclClass,1.0,-0.018406996871647843,1.5073484207191286,30.0,1,CountDeclClass <= 1.5073484207191286,1.0,30.0
