feature,value,importance,left,right,rec,rule,min,max
OWN_COMMIT,1.0,0.11119122946258132,0.0,0.9158840980681497,-1,OWN_COMMIT > 0.9158840980681497,0.0,1.0
RatioCommentToCode,0.10999999999999999,0.0537428095104707,0.03,0.04753367113528073,-1,0.04753367113528073 < RatioCommentToCode <= 0.16254030530342767,0.03,8.5
MAJOR_LINE,2.0,0.013622083165638477,0.0,1.5022537083615126,-1,1.5022537083615126 < MAJOR_LINE <= 2.4961209246704383,0.0,5.0
