feature,value,importance,left,right,rec,rule,min,max
OWN_COMMIT,0.5,0.06792316252608706,0.0,0.1650142457143403,-1,0.1650142457143403 < OWN_COMMIT <= 0.524282117653962,0.0,1.0
RatioCommentToCode,0.06,0.053866794754442164,0.03,0.04753367113528073,-1,0.04753367113528073 < RatioCommentToCode <= 0.16254030530342767,0.03,8.5
MAJOR_LINE,5.0,0.006781430631519808,0.0,4.499384532543117,-1,MAJOR_LINE > 4.499384532543117,0.0,5.0
