feature,value,importance,left,right,rec,rule,min,max
OWN_COMMIT,1.0,0.10757124695263433,0.0,0.9158840980681497,-1,OWN_COMMIT > 0.9158840980681497,0.0,1.0
MAJOR_LINE,5.0,0.03800248826164883,0.0,4.499384532543117,-1,MAJOR_LINE > 4.499384532543117,0.0,5.0
RatioCommentToCode,0.19,0.028461380214297016,0.03,0.16254030530342767,-1,0.16254030530342767 < RatioCommentToCode <= 0.415554900473351,0.03,8.5
