feature,value,importance,left,right,rec,rule,min,max
OWN_COMMIT,1.0,0.10498155882316175,0.0,0.9158840980681497,-1,OWN_COMMIT > 0.9158840980681497,0.0,1.0
RatioCommentToCode,0.17000000000000004,0.02813393192846862,0.03,0.16254030530342767,-1,0.16254030530342767 < RatioCommentToCode <= 0.415554900473351,0.03,8.5
MAJOR_LINE,2.0,0.008112953368755713,0.0,1.5022537083615126,-1,1.5022537083615126 < MAJOR_LINE <= 2.4961209246704383,0.0,5.0
