Antecedent,Antecedent Coverage %,Confidence,Lift
Added_lines <= -26,0.06573,0.93793,1.33834
CountLineComment <= 29.5,0.19855,0.88356,1.26076
RatioCommentToCode > 1.89,0.20127,0.86712,1.2373
1.05 < CountClassCoupled <= 3.5 & 0.966 < CountDeclClass <= 1.1,0.16908,0.86595,1.23563
MaxNesting_Mean <= 0.085,0.20671,0.83333,1.18909
AvgLineComment <= 1.15,0.2058,0.8304,1.1849
29.5 < CountLineComment <= 57.5,0.20807,0.83007,1.18443
CountInput_Min > 2.095,0.18676,0.82767,1.18101
