feature,value,importance,min,max,rule,importance_ratio
CountLineComment,129.0,0.0707178482581777,16.0,1660.0,96.34853257472369 < CountLineComment <= 162.71438374811135,0.191414398731431
CountDeclMethodProtected,7.0,0.05918371726878489,0.0,41.0,5.5082303623629985 < CountDeclMethodProtected <= 35.992793397579746,0.1601945751281459
Del_lines,13.0,0.042017587105135416,0.0,1022.0,5.790636054362064 < Del_lines <= 31.539975543465964,0.11373042831439616
RatioCommentToCode,0.57,0.034587676327969996,0.17,15.6,0.23092925542923726 < RatioCommentToCode <= 0.8494220958511125,0.09361963678059354
CountClassCoupled,19.0,0.029628529187762494,0.0,57.0,9.520684688706993 < CountClassCoupled <= 27.481650794907907,0.08019654499479753
