feature,value,importance,min,max,rule,importance_ratio
OWN_COMMIT,0.333333333333333,0.23197408429052593,0.0,1.0,0.12361804521233677 < OWN_COMMIT <= 0.36450244784925023,0.2151508743393686
CountClassDerived,0.0,-0.13171646673237947,0.0,118.0,CountClassDerived <= 8.500764909068277,0.12216413341617917
MaxInheritanceTree,2.0,-0.09770341519239295,0.0,5.0,1.4975445324042342 < MaxInheritanceTree <= 2.4990705242078834,0.0906177742607613
AvgLineBlank,3.0,0.0909889438616885,0.0,21.0,1.5072801485159428 < AvgLineBlank <= 17.999846823274996,0.08439024939760276
MINOR_COMMIT,0.0,-0.059487020896156456,0.0,1.0,MINOR_COMMIT <= 0.4997656113766242,0.05517290690809751
