feature,value,importance,min,max,rule,importance_ratio
OWN_COMMIT,0.666666666666667,0.29856390216458256,0.0,1.0,0.36450244784925023 < OWN_COMMIT <= 0.9806106315167405,0.27581898845005526
CountClassDerived,0.0,-0.12041477337601818,0.0,118.0,CountClassDerived <= 8.500764909068277,0.11124144863536643
MaxInheritanceTree,2.0,-0.10155810062180842,0.0,5.0,1.4975445324042342 < MaxInheritanceTree <= 2.4990705242078834,0.09382129714721768
AvgLineBlank,15.0,0.09087979186643759,0.0,21.0,1.5072801485159428 < AvgLineBlank <= 17.999846823274996,0.08395647324214903
CountClassCoupled,21.0,0.06049277744609369,0.0,42.0,20.47194193978083 < CountClassCoupled <= 22.47692780684256,0.05588437370609621
