feature,value,importance,min,max,rule,importance_ratio
MaxInheritanceTree,3.0,0.22572000891065894,0.0,5.0,2.4990705242078834 < MaxInheritanceTree <= 3.5005965160115324,0.19613929408398326
OWN_COMMIT,1.0,0.2246741289704952,0.0,1.0,OWN_COMMIT > 0.9806106315167405,0.19523047720881864
CountClassDerived,59.0,0.10506388047794653,0.0,118.0,17.498646953591496 < CountClassDerived <= 81.0100131976823,0.09129520883026737
AvgLineBlank,0.0,-0.08061607100432418,0.0,21.0,AvgLineBlank <= 0.49558335018002864,0.07005129644873828
MINOR_COMMIT,0.0,-0.06947929955999968,0.0,1.0,MINOR_COMMIT <= 0.4997656113766242,0.06037400421396325
