feature,value,importance,min,max,rule,importance_ratio
OWN_COMMIT,1.0,0.22647264101667963,0.0,1.0,OWN_COMMIT > 0.9806106315167405,0.265074114108315
CountClassDerived,0.0,-0.12583234100782098,0.0,118.0,CountClassDerived <= 8.500764909068277,0.14728002538888116
MaxInheritanceTree,4.0,0.06128540975871601,0.0,5.0,MaxInheritanceTree > 3.5005965160115324,0.07173129445847845
CountClassCoupled,19.0,0.057187119107830094,0.0,42.0,12.518831333769295 < CountClassCoupled <= 20.47194193978083,0.06693446443625088
MINOR_COMMIT,0.0,-0.04672008433435998,0.0,1.0,MINOR_COMMIT <= 0.4997656113766242,0.05468336003148451
