feature,value,importance,min,max,rule,importance_ratio
OWN_COMMIT,0.5,0.30900978434461335,0.0,1.0,0.36450244784925023 < OWN_COMMIT <= 0.9806106315167405,0.25940496960985354
MaxInheritanceTree,3.0,0.23035152213702773,0.0,5.0,2.4990705242078834 < MaxInheritanceTree <= 3.5005965160115324,0.19337358435518037
CountClassDerived,0.0,-0.10655077931270013,0.0,118.0,CountClassDerived <= 8.500764909068277,0.0894463640629993
MINOR_COMMIT,0.0,-0.06032985018410838,0.0,1.0,MINOR_COMMIT <= 0.4997656113766242,0.050645202017689635
CountClassCoupled,13.0,0.05090725195430202,0.0,42.0,12.518831333769295 < CountClassCoupled <= 20.47194193978083,0.04273519744410343
