feature,value,importance,min,max,rule,importance_ratio
OWN_COMMIT,0.5,0.2975937503397652,0.0,1.0,0.36450244784925023 < OWN_COMMIT <= 0.9806106315167405,0.29391666942414557
CountClassDerived,0.0,-0.11583040980200811,0.0,118.0,CountClassDerived <= 8.500764909068277,0.11439920437902765
MaxInheritanceTree,1.0,-0.10869307914154266,0.0,5.0,0.49601854060058526 < MaxInheritanceTree <= 1.4975445324042342,0.10735006287686981
CountClassCoupled,23.0,0.06826919300720861,0.0,42.0,CountClassCoupled > 22.47692780684256,0.06742565598250647
MaxNesting_Mean,2.0,0.046660543036823314,0.0,5.0,0.8314816456055749 < MaxNesting_Mean <= 2.634849847500547,0.0460840034014403
