feature,value,importance,min,max,rule,importance_ratio
OWN_COMMIT,1.0,0.22231749380787252,0.0,1.0,OWN_COMMIT > 0.9806106315167405,0.19606517971866524
CountDeclMethodDefault,14.0,0.14472785128659676,0.0,68.0,9.500311389067832 < CountDeclMethodDefault <= 16.006001868825344,0.12763769367302044
CountClassDerived,0.0,-0.11877955998946216,0.0,118.0,CountClassDerived <= 8.500764909068277,0.1047535008484933
MaxInheritanceTree,1.0,-0.10155361424775207,0.0,5.0,0.49601854060058526 < MaxInheritanceTree <= 1.4975445324042342,0.08956167725501968
CountDeclInstanceVariable,16.0,0.09924952691389055,0.0,161.0,11.481575803065907 < CountDeclInstanceVariable <= 101.48930761940565,0.08752966758513979
