feature,value,importance,min,max,rule,importance_ratio
OWN_COMMIT,1.0,0.22433216167941578,0.0,1.0,OWN_COMMIT > 0.9806106315167405,0.22403842712334132
CountClassDerived,3.0,-0.13305078718741697,0.0,118.0,CountClassDerived <= 8.500764909068277,0.1328765740312771
MaxInheritanceTree,2.0,-0.09936289017535707,0.0,5.0,1.4975445324042342 < MaxInheritanceTree <= 2.4990705242078834,0.09923278705408621
AvgLineBlank,0.0,-0.08037961572281549,0.0,21.0,AvgLineBlank <= 0.49558335018002864,0.08027436879537975
MINOR_COMMIT,0.0,-0.07109954784778061,0.0,1.0,MINOR_COMMIT <= 0.4997656113766242,0.07100645199399035
