feature,value,importance,min,max,rule,importance_ratio
OWN_COMMIT,0.75,0.2939794896398142,0.0,1.0,0.36450244784925023 < OWN_COMMIT <= 0.9806106315167405,0.2356593715495443
CountDeclMethodDefault,10.0,0.16951687113946948,0.0,68.0,9.500311389067832 < CountDeclMethodDefault <= 16.006001868825344,0.13588784499461964
CountClassDerived,0.0,-0.12433599638706357,0.0,118.0,CountClassDerived <= 8.500764909068277,0.09967002393759353
CountDeclInstanceVariable,19.0,0.09363661956198704,0.0,161.0,11.481575803065907 < CountDeclInstanceVariable <= 101.48930761940565,0.07506083824772089
AvgLineBlank,2.0,0.08872731599911121,0.0,21.0,1.5072801485159428 < AvgLineBlank <= 17.999846823274996,0.07112545012322714
