feature,value,importance,min,max,rule,importance_ratio
OWN_COMMIT,0.666666666666667,0.30817067545658555,0.0,1.0,0.36450244784925023 < OWN_COMMIT <= 0.9806106315167405,0.24679484329680176
MaxInheritanceTree,3.0,0.23070557529934008,0.0,5.0,2.4990705242078834 < MaxInheritanceTree <= 3.5005965160115324,0.18475783336406482
CountClassDerived,2.0,-0.10902746088691452,0.0,118.0,CountClassDerived <= 8.500764909068277,0.08731335350051797
CountDeclInstanceVariable,17.0,0.09394691795800549,0.0,161.0,11.481575803065907 < CountDeclInstanceVariable <= 101.48930761940565,0.07523627892664238
AvgLineBlank,0.0,-0.07986811762414706,0.0,21.0,AvgLineBlank <= 0.49558335018002864,0.06396143807082888
