feature,value,importance,min,max,rule,importance_ratio
OWN_COMMIT,0.25,0.24190572647248698,0.0,1.0,0.12361804521233677 < OWN_COMMIT <= 0.36450244784925023,0.1927888364638313
MaxInheritanceTree,3.0,0.22746618030454377,0.0,5.0,2.4990705242078834 < MaxInheritanceTree <= 3.5005965160115324,0.18128111671954422
CountClassDerived,3.0,-0.11812831376589839,0.0,118.0,CountClassDerived <= 8.500764909068277,0.09414336938795909
CountDeclMethodPublic,60.0,0.10740608640256245,0.0,82.0,CountDeclMethodPublic > 52.98285999938886,0.08559819863974494
CountDeclInstanceVariable,35.0,0.09700360133545281,0.0,161.0,11.481575803065907 < CountDeclInstanceVariable <= 101.48930761940565,0.07730784924758807
