feature,value,importance,min,max,rule,importance_ratio
OWN_COMMIT,0.5,0.2993848154998098,0.0,1.0,0.36450244784925023 < OWN_COMMIT <= 0.9806106315167405,0.3297424662490978
CountClassDerived,0.0,-0.11768288795614334,0.0,118.0,CountClassDerived <= 8.500764909068277,0.12961594476724425
MaxInheritanceTree,4.0,0.05850753747963012,0.0,5.0,MaxInheritanceTree > 3.5005965160115324,0.06444020773226897
MINOR_LINE,2.0,0.04297842436561818,1.0,9.0,1.5030258965239727 < MINOR_LINE <= 2.5038446058378865,0.047336440968657814
CountDeclInstanceVariable,0.0,-0.03616485884534263,0.0,161.0,CountDeclInstanceVariable <= 4.468987108470943,0.03983197921145522
