feature,value,importance,min,max,rule,importance_ratio
OWN_COMMIT,0.5,0.29818259755432963,0.0,1.0,0.36450244784925023 < OWN_COMMIT <= 0.9806106315167405,0.3207397037695562
CountClassDerived,0.0,-0.11702592530420101,0.0,118.0,CountClassDerived <= 8.500764909068277,0.12587877670690925
AvgLineBlank,0.0,-0.0734962557096871,0.0,21.0,AvgLineBlank <= 0.49558335018002864,0.0790561470650597
MaxInheritanceTree,4.0,0.05942688651931252,0.0,5.0,MaxInheritanceTree > 3.5005965160115324,0.06392244931288603
MINOR_COMMIT,0.0,-0.03700798603434943,0.0,1.0,MINOR_COMMIT <= 0.4997656113766242,0.03980758962837319
