feature,value,importance,min,max,rule,importance_ratio
OWN_COMMIT,0.666666666666667,0.29880348847934024,0.0,1.0,0.36450244784925023 < OWN_COMMIT <= 0.9806106315167405,0.28832306944701513
CountClassDerived,0.0,-0.11147549177827318,0.0,118.0,CountClassDerived <= 8.500764909068277,0.1075655311830454
MaxInheritanceTree,1.0,-0.10546187678389644,0.0,5.0,0.49601854060058526 < MaxInheritanceTree <= 1.4975445324042342,0.10176284145383505
AvgLineBlank,0.0,-0.07419278948200905,0.0,21.0,AvgLineBlank <= 0.49558335018002864,0.07159050552975091
MaxNesting_Mean,1.26666666666667,0.047839126261209855,0.0,5.0,0.8314816456055749 < MaxNesting_Mean <= 2.634849847500547,0.04616118705136541
