feature,value,importance,min,max,rule,importance_ratio
CountLineComment,155.0,0.1903359970159471,0.0,1043.0,115.41967126776413 < CountLineComment <= 699.3640439784572,0.24103913146722517
CountClassCoupled,28.0,0.1636841054174085,0.0,71.0,13.494783233669544 < CountClassCoupled <= 29.979533932174256,0.20728750852891076
Del_lines,1.0,0.1618913104319713,0.0,199.0,0.46980096366411606 < Del_lines <= 1.5441651624251138,0.20501713533117888
CountDeclMethodDefault,0.0,-0.05983334611611573,0.0,45.0,CountDeclMethodDefault <= 9.512909076575847,0.07577220287656915
AvgEssential,1.0,-0.030196335392643252,0.0,4.0,0.5014991464925511 < AvgEssential <= 1.4996372156384044,0.03824026232896943
