feature,value,importance,min,max,rule,importance_ratio
Del_lines,23.0,0.2956371354330205,0.0,199.0,2.5289990112893617 < Del_lines <= 26.52313278361831,0.4690460527993979
CountDeclMethodDefault,0.0,-0.062205519360095725,0.0,45.0,CountDeclMethodDefault <= 9.512909076575847,0.0986927886290517
CountLineComment,22.0,-0.05022935548220729,0.0,1043.0,CountLineComment <= 28.48796808168277,0.07969188609908191
CountClassCoupled,4.0,-0.03917197872848966,0.0,71.0,1.5280753191994587 < CountClassCoupled <= 4.51975229781698,0.06214869446637139
AvgCyclomaticModified,1.0,-0.02860401234729234,0.0,14.0,0.5018422207484594 < AvgCyclomaticModified <= 1.5033808693140704,0.04538198175297356
