feature,value,importance,min,max,rule,importance_ratio
Del_lines,18.0,0.29297679910326707,0.0,199.0,2.5289990112893617 < Del_lines <= 26.52313278361831,0.33104167058955325
CountClassCoupled,42.0,0.1572298602815518,0.0,71.0,CountClassCoupled > 29.979533932174256,0.1776578752088173
CountDeclInstanceVariable,19.0,0.08861370509581303,0.0,146.0,15.513666320810996 < CountDeclInstanceVariable <= 21.48866785028532,0.1001267986469746
MAJOR_LINE,3.0,0.0620925174949115,0.0,4.0,MAJOR_LINE > 2.4984912888350683,0.07015985834216641
CountDeclMethodDefault,0.0,-0.05771046147915153,0.0,45.0,CountDeclMethodDefault <= 9.512909076575847,0.06520846577963497
