feature,value,importance,min,max,rule,importance_ratio
Del_lines,40.0,0.22059764326640344,0.0,199.0,Del_lines > 26.52313278361831,0.2790902090029886
CountClassCoupled,40.0,0.18301308162293353,0.0,71.0,CountClassCoupled > 29.979533932174256,0.23153991331966542
CountDeclMethodDefault,1.0,-0.06978168829129637,0.0,45.0,CountDeclMethodDefault <= 9.512909076575847,0.08828465110245974
MAJOR_LINE,3.0,0.06095282879647133,0.0,4.0,MAJOR_LINE > 2.4984912888350683,0.07711477546288616
CountLineComment,70.0,0.04829244041109235,0.0,1043.0,62.623453625955555 < CountLineComment <= 100.40005762828412,0.061097421930838905
