feature,value,importance,min,max,rule,importance_ratio
Del_lines,55.0,0.22602306931239968,0.0,199.0,Del_lines > 26.52313278361831,0.3197832204566253
CountClassCoupled,15.0,0.1739003407232268,0.0,71.0,13.494783233669544 < CountClassCoupled <= 29.979533932174256,0.24603865067470387
CountDeclMethodDefault,0.0,-0.06517978241514107,0.0,45.0,CountDeclMethodDefault <= 9.512909076575847,0.09221802355301635
MAJOR_LINE,2.0,0.03973535746360013,0.0,4.0,1.500645087288425 < MAJOR_LINE <= 2.4984912888350683,0.056218600226787374
AvgEssential,1.0,-0.02827011265610532,0.0,4.0,0.5014991464925511 < AvgEssential <= 1.4996372156384044,0.039997278575780344
