feature,value,importance,min,max,rule,importance_ratio
Del_lines,4.0,0.29467514732689265,0.0,199.0,2.5289990112893617 < Del_lines <= 26.52313278361831,0.40062843235462975
MAJOR_LINE,3.0,0.0680712795598174,0.0,4.0,MAJOR_LINE > 2.4984912888350683,0.09254696320952535
CountClassCoupled,8.0,0.05712098474553923,0.0,71.0,5.496626413283925 < CountClassCoupled <= 11.47998037051897,0.07765938451460862
CountDeclMethodDefault,0.0,-0.05668908521519974,0.0,45.0,CountDeclMethodDefault <= 9.512909076575847,0.07707219135175034
CountLineComment,95.0,0.04279363166004877,0.0,1043.0,62.623453625955555 < CountLineComment <= 100.40005762828412,0.05818049374794412
