feature,value,importance,min,max,rule,importance_ratio
Del_lines,5.0,0.296385910268579,0.0,199.0,2.5289990112893617 < Del_lines <= 26.52313278361831,0.4725176698428507
CountDeclMethodDefault,0.0,-0.0628668093339302,0.0,45.0,CountDeclMethodDefault <= 9.512909076575847,0.10022635094227245
CountLineComment,21.0,-0.050333804378969504,0.0,1043.0,CountLineComment <= 28.48796808168277,0.08024542036402577
CountClassCoupled,2.0,-0.037970070203031135,0.0,71.0,1.5280753191994587 < CountClassCoupled <= 4.51975229781698,0.060534352256649014
AvgCyclomaticModified,1.0,-0.028693555997079862,0.0,14.0,0.5018422207484594 < AvgCyclomaticModified <= 1.5033808693140704,0.04574513075523512
