feature,value,importance,min,max,rule,importance_ratio
Del_lines,4.0,0.29390184627781407,0.0,199.0,2.5289990112893617 < Del_lines <= 26.52313278361831,0.4812901586084786
CountDeclMethodDefault,0.0,-0.05872841963206622,0.0,45.0,CountDeclMethodDefault <= 9.512909076575847,0.0961729596377705
CountDeclClassMethod,4.0,0.04010795974707695,0.0,173.0,3.513483336520013 < CountDeclClassMethod <= 12.99358836470865,0.06568031658394628
CountClassCoupled,0.0,-0.02226622107185248,0.0,71.0,CountClassCoupled <= 0.4901465715158291,0.03646289809677965
AvgCyclomaticModified,2.0,0.020159009035777217,0.0,14.0,1.5033808693140704 < AvgCyclomaticModified <= 2.4951958416800153,0.03301215279555519
