feature,value,importance,min,max,rule,importance_ratio
CountClassCoupled,48.0,0.12792951288369672,0.0,179.0,CountClassCoupled > 35.479593397145734,0.22950732543080507
MAJOR_LINE,12.0,0.12471807871493598,0.0,14.0,5.504393127137301 < MAJOR_LINE <= 12.505866390406352,0.22374596786556955
CountDeclClass,26.0,0.10686442801110961,0.0,143.0,4.5102450435820245 < CountDeclClass <= 29.998187178098068,0.19171627018403334
CountDeclMethodPrivate,3.0,0.04414205276842491,0.0,153.0,2.49002830831246 < CountDeclMethodPrivate <= 18.017461345159308,0.0791914566196847
MINOR_COMMIT,0.0,-0.04305861201304152,0.0,4.0,MINOR_COMMIT <= 0.499295501027108,0.07724774883540797
