feature,value,importance,min,max,rule,importance_ratio
MAJOR_COMMIT,4.0,0.49826621450528114,0.0,6.0,3.499655327458867 < MAJOR_COMMIT <= 5.500531086221038,0.43538228443368854
CountClassCoupled,10.0,0.09497100956902195,0.0,64.0,9.496381019578344 < CountClassCoupled <= 10.492249034455536,0.08298514709087548
MAJOR_LINE,4.0,-0.0883428883507097,0.0,5.0,3.4989545588170152 < MAJOR_LINE <= 4.503660837248878,0.07719353113634521
MINOR_LINE,4.0,0.06722855481688843,1.0,6.0,3.4997824579426986 < MINOR_LINE <= 5.497357685947588,0.05874394234097143
CountClassDerived,1.0,0.04693094372254189,0.0,353.0,CountClassDerived <= 1.5328970488957623,0.04100800113215903
