feature,value,importance,min,max,rule,importance_ratio
MAJOR_COMMIT,5.0,0.39853275736433574,0.0,6.0,3.499655327458867 < MAJOR_COMMIT <= 5.500531086221038,0.3198379125998259
CountDeclMethodPublic,22.0,0.08289222336863203,0.0,130.0,19.46203008474309 < CountDeclMethodPublic <= 97.97323714609264,0.06652420711491133
MINOR_LINE,4.0,0.07818883356072188,1.0,6.0,3.4997824579426986 < MINOR_LINE <= 5.497357685947588,0.0627495553441159
CountDeclMethodProtected,6.0,0.07763101352664935,0.0,26.0,3.501447528341921 < CountDeclMethodProtected <= 7.490195375254914,0.06230188324688596
CountDeclMethodPrivate,0.0,0.054948222048762416,0.0,15.0,CountDeclMethodPrivate <= 0.49821395562185433,0.044098068016731176
