feature,value,importance,min,max,rule,importance_ratio
CountClassCoupled,10.0,0.27975465769846974,0.0,64.0,9.496381019578344 < CountClassCoupled <= 10.492249034455536,0.1570738678547048
CountLineComment,44.0,0.17143021247640752,16.0,692.0,36.479094822821615 < CountLineComment <= 44.36451351633542,0.09625293377544539
MINOR_COMMIT,0.0,0.1665672916606162,0.0,2.0,MINOR_COMMIT <= 0.500035945883076,0.09352254927392695
AvgLineComment,6.0,0.1460346062072765,0.0,12.0,4.492200179919929 < AvgLineComment <= 10.493859774973892,0.08199406089009355
AvgEssential,3.0,0.14510756566171015,0.0,8.0,1.4993301057392507 < AvgEssential <= 5.001687658712416,0.08147355536804718
