feature,value,importance,min,max,rule,importance_ratio
Added_lines,0.0,-0.49336022357212056,6.0,17843.0,Added_lines <= 6.5761356021680655,0.3913333107487189
PercentLackOfCohesion,16.0,0.07609561141133256,0.0,100.0,5.953448835664766 < PercentLackOfCohesion <= 19.64541462809734,0.06035903610436003
MaxNesting_Min,0.0,0.06565697123463421,0.0,5.0,MaxNesting_Min <= 0.500511766194675,0.05207910710950704
AvgLineBlank,2.0,0.06078877286480673,0.0,38.0,1.4893549233110666 < AvgLineBlank <= 14.489587531491791,0.048217652345982485
CountLineComment,63.0,0.060017100643167634,15.0,3202.0,32.460664258012386 < CountLineComment <= 71.11039753074189,0.047605561968853204
