feature,value,importance,min,max,rule,importance_ratio
Added_lines,4.0,-0.4949194476420656,6.0,17843.0,Added_lines <= 6.5761356021680655,0.43279765403516857
MAJOR_LINE,3.0,0.1407436864229385,0.0,10.0,2.503347321568387 < MAJOR_LINE <= 5.505000175998428,0.1230776798008611
AvgLineComment,8.0,0.07214695795671372,0.0,72.0,5.5024963826059325 < AvgLineComment <= 11.482862578537805,0.06309114401990953
MaxInheritanceTree,3.0,0.06106321340910811,0.0,7.0,2.505604438664319 < MaxInheritanceTree <= 3.4981638542906017,0.05339861999204372
CountDeclClass,1.0,-0.06038236730414955,1.0,13.0,CountDeclClass <= 1.5005966587345618,0.052803233008588274
