feature,value,importance,min,max,rule,importance_ratio
Added_lines,0.0,-0.4768340319751189,6.0,17843.0,Added_lines <= 6.5761356021680655,0.3622017508784652
OWN_LINE,0.369369369369369,0.2882758779821357,0.281553398058252,1.0,OWN_LINE <= 0.41251109484975157,0.218973522734226
CountDeclClass,1.0,-0.10226988330130778,1.0,13.0,CountDeclClass <= 1.5005966587345618,0.07768390741834225
MINOR_COMMIT,0.0,-0.04856865346207453,0.0,5.0,MINOR_COMMIT <= 0.5004848706369127,0.036892608627168526
CountDeclMethodDefault,2.0,0.04571701621083353,0.0,98.0,0.5251436229312023 < CountDeclMethodDefault <= 6.516059405237756,0.034726513222879854
