feature,value,importance,min,max,rule,importance_ratio
Added_lines,22.0,0.26051910556790076,6.0,17843.0,6.5761356021680655 < Added_lines <= 24.088365210503166,0.20199963633792248
CountDeclInstanceVariable,19.0,0.15812877645742235,0.0,1095.0,16.41644128235478 < CountDeclInstanceVariable <= 21.376447020001596,0.12260887841346713
MAJOR_LINE,5.0,0.13640728408714273,0.0,10.0,2.503347321568387 < MAJOR_LINE <= 5.505000175998428,0.10576660671155605
MaxNesting_Min,0.0,-0.08314070836791392,0.0,5.0,MaxNesting_Min <= 0.500511766194675,0.06446511022132559
MINOR_COMMIT,0.0,0.06401372888962392,0.0,5.0,MINOR_COMMIT <= 0.5004848706369127,0.049634555316589515
