feature,value,importance,min,max,rule,importance_ratio
Added_lines,1.0,-0.45798683281288227,6.0,17843.0,Added_lines <= 6.5761356021680655,0.3300260443371732
CountDeclClass,1.0,-0.11997589090620643,1.0,13.0,CountDeclClass <= 1.5005966587345618,0.08645481890476263
OWN_LINE,0.67258883248731,0.0967597122857758,0.281553398058252,1.0,0.571420709704031 < OWN_LINE <= 0.8116920473637016,0.06972520345344599
MaxInheritanceTree,3.0,0.08739704718242133,0.0,7.0,2.505604438664319 < MaxInheritanceTree <= 3.4981638542906017,0.0629784520031129
CountDeclInstanceVariable,15.0,0.08372975129673126,0.0,1095.0,12.5006472789494 < CountDeclInstanceVariable <= 16.41644128235478,0.06033579272154624
