feature,value,importance,min,max,rule,importance_ratio
Added_lines,12.0,0.30723289580301166,6.0,17843.0,6.5761356021680655 < Added_lines <= 24.088365210503166,0.2141251937626764
MAJOR_LINE,3.0,0.17567999606876683,0.0,10.0,2.503347321568387 < MAJOR_LINE <= 5.505000175998428,0.12243973126683064
MaxNesting_Min,0.0,0.12570610061162282,0.0,5.0,MaxNesting_Min <= 0.500511766194675,0.08761055055729608
OWN_LINE,0.476973684210526,0.10514928529086782,0.281553398058252,1.0,0.441750463982939 < OWN_LINE <= 0.571420709704031,0.07328352983838689
CountDeclMethodProtected,1.0,0.10083528720001834,0.0,91.0,0.49788124088499186 < CountDeclMethodProtected <= 1.4901518593036855,0.07027689972255699
