feature,value,importance,min,max,rule,importance_ratio
Added_lines,1.0,-0.4656941335757891,6.0,17843.0,Added_lines <= 6.5761356021680655,0.294733696225252
MAJOR_LINE,3.0,0.16221077727823574,0.0,10.0,2.503347321568387 < MAJOR_LINE <= 5.505000175998428,0.10266176554058931
CountDeclClass,1.0,-0.11633431684255649,1.0,13.0,CountDeclClass <= 1.5005966587345618,0.07362695969041264
AvgLineComment,13.0,0.08664695544456716,0.0,72.0,11.482862578537805 < AvgLineComment <= 45.48359623181341,0.05483809136428786
MaxInheritanceTree,1.0,-0.07903526395110468,0.0,7.0,0.49470484336951337 < MaxInheritanceTree <= 1.5001546410169164,0.0500207191737288
