feature,value,importance,min,max,rule,importance_ratio
Added_lines,170.0,0.45424260089336804,6.0,17843.0,24.088365210503166 < Added_lines <= 251.74735011885954,0.3799988993851691
CountDeclClass,2.0,0.10683891148125946,1.0,13.0,1.5005966587345618 < CountDeclClass <= 2.498717478387095,0.08937662098302071
MaxInheritanceTree,4.0,0.08851115515196066,0.0,7.0,3.4981638542906017 < MaxInheritanceTree <= 4.503613651938005,0.07404444557799301
AvgLineComment,6.0,0.06431490738348342,0.0,72.0,5.5024963826059325 < AvgLineComment <= 11.482862578537805,0.05380295457034841
OWN_LINE,0.7550226830849,0.05480492125010896,0.281553398058252,1.0,0.571420709704031 < OWN_LINE <= 0.8116920473637016,0.045847328530995844
