feature,value,importance,min,max,rule,importance_ratio
Added_lines,46.0,0.4499922344687684,6.0,17843.0,24.088365210503166 < Added_lines <= 251.74735011885954,0.30051803931097043
MAJOR_LINE,3.0,0.17979187639073815,0.0,10.0,2.503347321568387 < MAJOR_LINE <= 5.505000175998428,0.12007029908142774
CountDeclMethodProtected,6.0,0.13435224453732464,0.0,91.0,4.516577245480702 < CountDeclMethodProtected <= 86.4781303268648,0.08972437747297853
MaxInheritanceTree,1.0,-0.09575769021258426,0.0,7.0,0.49470484336951337 < MaxInheritanceTree <= 1.5001546410169164,0.06394979981289073
CountDeclClass,1.0,-0.08813118748510017,1.0,13.0,CountDeclClass <= 1.5005966587345618,0.05885659715091822
