feature,value,importance,min,max,rule,importance_ratio
Added_lines,103.0,0.42178428459095435,6.0,17843.0,24.088365210503166 < Added_lines <= 251.74735011885954,0.38349075824067147
AvgLineComment,11.0,0.08889911908579828,0.0,72.0,5.5024963826059325 < AvgLineComment <= 11.482862578537805,0.08082802472880866
OWN_LINE,0.700729927007299,0.08862668219837008,0.281553398058252,1.0,0.571420709704031 < OWN_LINE <= 0.8116920473637016,0.08058032221273723
MINOR_COMMIT,0.0,0.06021412385135106,0.0,5.0,MINOR_COMMIT <= 0.5004848706369127,0.0547473219277159
CountLineComment,50.0,0.0533869789761222,15.0,3202.0,32.460664258012386 < CountLineComment <= 71.11039753074189,0.04854000918404764
