feature,value,importance,min,max,rule,importance_ratio
Added_lines,0.0,-0.4428249556377492,6.0,17843.0,Added_lines <= 6.5761356021680655,0.31273522632503054
CountDeclClass,3.0,0.20169053786072558,1.0,13.0,2.498717478387095 < CountDeclClass <= 3.5026413260608633,0.1424394339172925
AvgLineBlank,1.0,0.08766753278924626,0.0,38.0,0.48706941610438936 < AvgLineBlank <= 1.4893549233110666,0.061913235374724644
CountLineComment,191.0,0.07642364471245369,15.0,3202.0,146.26265667216038 < CountLineComment <= 442.57727842975316,0.05397249075836753
CountDeclMethodPublic,15.0,-0.07572023597745488,0.0,201.0,13.53505774941753 < CountDeclMethodPublic <= 18.465847459395306,0.053475724062773226
