feature,value,importance,min,max,rule,importance_ratio
Added_lines,447.0,0.29919069819862215,6.0,17843.0,251.74735011885954 < Added_lines <= 987.2609936689339,0.139274921425762
CountLineComment,444.0,0.2712651223272941,15.0,3202.0,442.57727842975316 < CountLineComment <= 1279.9881660055592,0.1262754117195265
CountDeclClass,1.0,-0.23068924435456958,1.0,13.0,CountDeclClass <= 1.5005966587345618,0.10738711656042739
CountDeclClassMethod,29.0,-0.15801025577824518,0.0,87.0,CountDeclClassMethod > 22.496979239989447,0.07355464621888103
MAJOR_LINE,5.0,0.14761811796530425,0.0,10.0,2.503347321568387 < MAJOR_LINE <= 5.505000175998428,0.0687170487064671
