feature,value,importance,min,max,rule,importance_ratio
Added_lines,78.0,0.432198060112956,6.0,17843.0,24.088365210503166 < Added_lines <= 251.74735011885954,0.4629011354409883
AvgLineComment,6.0,0.07359391594232592,0.0,72.0,5.5024963826059325 < AvgLineComment <= 11.482862578537805,0.07882198092779016
CountLineComment,144.0,0.056970711239799784,15.0,3202.0,137.67382705599826 < CountLineComment <= 146.26265667216038,0.06101787433495574
OWN_LINE,0.756544502617801,0.05129945705201493,0.281553398058252,1.0,0.571420709704031 < OWN_LINE <= 0.8116920473637016,0.05494373785638395
CountDeclMethodDefault,4.0,0.03628308973918712,0.0,98.0,0.5251436229312023 < CountDeclMethodDefault <= 6.516059405237756,0.03886061735952136
