feature,value,importance,min,max,rule,importance_ratio
Added_lines,175.0,0.42909517722875573,6.0,17843.0,24.088365210503166 < Added_lines <= 251.74735011885954,0.3583030495348381
MINOR_COMMIT,0.0,0.1285423963460489,0.0,5.0,MINOR_COMMIT <= 0.5004848706369127,0.10733547019278555
PercentLackOfCohesion,66.0,0.10070985344664123,0.0,100.0,65.66563298599571 < PercentLackOfCohesion <= 66.42629775224196,0.08409474056824699
CountDeclClass,1.0,-0.07534161058809334,1.0,13.0,CountDeclClass <= 1.5005966587345618,0.06291175073307494
AvgLineComment,6.0,0.07336589697593014,0.0,72.0,5.5024963826059325 < AvgLineComment <= 11.482862578537805,0.061261990377301526
