feature,value,importance,min,max,rule,importance_ratio
Added_lines,8.0,0.27826706201203233,6.0,17843.0,6.5761356021680655 < Added_lines <= 24.088365210503166,0.258635340172365
MINOR_COMMIT,0.0,-0.12381451999476757,0.0,5.0,MINOR_COMMIT <= 0.5004848706369127,0.11507941423458924
CountDeclClass,1.0,-0.09851815077955775,1.0,13.0,CountDeclClass <= 1.5005966587345618,0.09156770210525848
CountInput_Mean,1.0,-0.07982548324184133,0.0,337.0,0.8617895506076416 < CountInput_Mean <= 1.055543781056215,0.07419380096011625
AvgLineComment,8.0,0.06742826611769011,0.0,72.0,5.5024963826059325 < AvgLineComment <= 11.482862578537805,0.0626712066404304
