feature,value,importance,min,max,rule,importance_ratio
Added_lines,216.0,0.4246400776017981,6.0,17843.0,24.088365210503166 < Added_lines <= 251.74735011885954,0.31252364685602463
OWN_LINE,0.990654205607477,-0.118255683092848,0.281553398058252,1.0,OWN_LINE > 0.9680591083803126,0.08703299403662008
MINOR_COMMIT,0.0,0.0939447367544664,0.0,5.0,MINOR_COMMIT <= 0.5004848706369127,0.0691407930670337
CountDeclInstanceVariable,6.0,-0.08098267573031209,0.0,1095.0,5.452218072819715 < CountDeclInstanceVariable <= 6.4964298070611495,0.059601065670323444
CountDeclMethodProtected,3.0,-0.07385880266852728,0.0,91.0,2.4824224777223796 < CountDeclMethodProtected <= 4.516577245480702,0.054358087189389406
