feature,value,importance,min,max,rule,importance_ratio
Added_lines,206.0,0.4130106762390261,6.0,17843.0,24.088365210503166 < Added_lines <= 251.74735011885954,0.30521455636687245
CountDeclClass,1.0,-0.12297296157186,1.0,13.0,CountDeclClass <= 1.5005966587345618,0.09087691934034593
MaxInheritanceTree,5.0,0.10754629929545352,0.0,7.0,MaxInheritanceTree > 4.503613651938005,0.07947662837016771
MaxNesting_Min,0.0,-0.07863594904042515,0.0,5.0,MaxNesting_Min <= 0.500511766194675,0.05811190286754497
CountDeclMethodProtected,2.0,0.06106422994870962,0.0,91.0,1.4901518593036855 < CountDeclMethodProtected <= 2.4824224777223796,0.04512641664229934
