feature,value,importance,min,max,rule,importance_ratio
Added_lines,124.0,0.44528248464385634,6.0,17843.0,24.088365210503166 < Added_lines <= 251.74735011885954,0.43323709325744914
OWN_LINE,1.0,-0.06405551960232438,0.281553398058252,1.0,OWN_LINE > 0.9680591083803126,0.06232274584481448
MAJOR_LINE,0.0,-0.05594736535847619,0.0,10.0,MAJOR_LINE <= 0.49445902988758095,0.054433926280987734
MaxInheritanceTree,1.0,-0.053485843381141006,0.0,7.0,0.49470484336951337 < MaxInheritanceTree <= 1.5001546410169164,0.05203899123811722
CountDeclMethodDefault,0.0,-0.03699457766300944,0.0,98.0,CountDeclMethodDefault <= 0.5251436229312023,0.035993832781965676
