feature,value,importance,min,max,rule,importance_ratio
Added_lines,106.0,0.4317531232241657,6.0,17843.0,24.088365210503166 < Added_lines <= 251.74735011885954,0.34130265715540004
MINOR_COMMIT,0.0,0.1630098869139686,0.0,5.0,MINOR_COMMIT <= 0.5004848706369127,0.12886000020306224
MaxInheritanceTree,4.0,0.09485026307147573,0.0,7.0,3.4981638542906017 < MaxInheritanceTree <= 4.503613651938005,0.07497953130353048
OWN_LINE,1.0,-0.06366464928370738,0.281553398058252,1.0,OWN_LINE > 0.9680591083803126,0.05032717263313076
AvgLineComment,6.0,0.06216865605933997,0.0,72.0,5.5024963826059325 < AvgLineComment <= 11.482862578537805,0.04914458370650017
