feature,value,importance,min,max,rule,importance_ratio
Added_lines,885.0,0.44479427919787545,6.0,17843.0,251.74735011885954 < Added_lines <= 987.2609936689339,0.3440899969441802
MINOR_COMMIT,0.0,-0.1483694425248681,0.0,5.0,MINOR_COMMIT <= 0.5004848706369127,0.11477764758363698
OWN_LINE,0.727513227513228,0.09089115324862657,0.281553398058252,1.0,0.571420709704031 < OWN_LINE <= 0.8116920473637016,0.0703128122510311
AvgLineComment,11.0,0.0843498842390748,0.0,72.0,5.5024963826059325 < AvgLineComment <= 11.482862578537805,0.06525252856760176
CountDeclMethodPublic,7.0,-0.06782677084326348,0.0,201.0,2.440780901967532 < CountDeclMethodPublic <= 7.525657790382115,0.05247035419223444
