feature,value,importance,min,max,rule,importance_ratio
Added_lines,36.0,0.4122671059472668,6.0,17843.0,24.088365210503166 < Added_lines <= 251.74735011885954,0.24544952477693552
CountDeclClass,1.0,-0.2491464855739753,1.0,13.0,CountDeclClass <= 1.5005966587345618,0.14833316944718344
MaxInheritanceTree,4.0,0.1370166716854805,0.0,7.0,3.4981638542906017 < MaxInheritanceTree <= 4.503613651938005,0.0815749703688955
MAJOR_LINE,3.0,0.09567234811499885,0.0,10.0,2.503347321568387 < MAJOR_LINE <= 5.505000175998428,0.05695999520787305
CountDeclMethodPublic,11.0,0.09371461692107085,0.0,201.0,7.525657790382115 < CountDeclMethodPublic <= 13.53505774941753,0.055794430009343546
