feature,value,importance,min,max,rule,importance_ratio
Added_lines,1183.0,0.28729862947268286,6.0,17843.0,Added_lines > 987.2609936689339,0.22565291785321023
MaxInheritanceTree,4.0,0.12531979023595732,0.0,7.0,3.4981638542906017 < MaxInheritanceTree <= 4.503613651938005,0.09842990334969502
CountDeclClassVariable,7.0,0.091119424005308,0.0,321.0,3.541436439257825 < CountDeclClassVariable <= 10.46165607230859,0.07156791502152511
MINOR_COMMIT,0.0,0.08816851100236651,0.0,5.0,MINOR_COMMIT <= 0.5004848706369127,0.06925017988068262
OWN_LINE,0.987951807228916,-0.07910147655970858,0.281553398058252,1.0,OWN_LINE > 0.9680591083803126,0.062128660428896094
