feature,value,importance,min,max,rule,importance_ratio
Added_lines,761.0,0.45796474284151967,6.0,17843.0,251.74735011885954 < Added_lines <= 987.2609936689339,0.32326607005294594
CountDeclMethodPublic,26.0,0.1479474389918585,0.0,201.0,25.553857667488366 < CountDeclMethodPublic <= 26.478380738109195,0.10443246543511008
CountDeclClass,2.0,0.09926615647774574,1.0,13.0,1.5005966587345618 < CountDeclClass <= 2.498717478387095,0.07006954311530111
MaxInheritanceTree,4.0,0.0747078103159515,0.0,7.0,3.4981638542906017 < MaxInheritanceTree <= 4.503613651938005,0.05273440940726728
OWN_LINE,0.97997138769671,-0.06287425763604117,0.281553398058252,1.0,OWN_LINE > 0.9680591083803126,0.044381395055411575
