feature,value,importance,min,max,rule,importance_ratio
Added_lines,2112.0,0.37559253226786893,6.0,17843.0,Added_lines > 987.2609936689339,0.31984831183773677
CountDeclClass,2.0,0.09330662574931918,1.0,13.0,1.5005966587345618 < CountDeclClass <= 2.498717478387095,0.07945836023148302
MaxInheritanceTree,4.0,0.0926003406970744,0.0,7.0,3.4981638542906017 < MaxInheritanceTree <= 4.503613651938005,0.07885689970650217
OWN_LINE,0.998538723818802,-0.07370579554854118,0.281553398058252,1.0,OWN_LINE > 0.9680591083803126,0.06276662141420064
CountLineComment,441.0,0.07274763663790978,15.0,3202.0,146.26265667216038 < CountLineComment <= 442.57727842975316,0.06195066932860602
