feature,value,importance,min,max,rule,importance_ratio
Added_lines,14.0,0.27226255453993486,6.0,17843.0,6.5761356021680655 < Added_lines <= 24.088365210503166,0.3021905648086038
CountDeclClass,1.0,-0.08118861560238691,1.0,13.0,CountDeclClass <= 1.5005966587345618,0.09011313967273919
MaxInheritanceTree,1.0,-0.0669660597876441,0.0,7.0,0.49470484336951337 < MaxInheritanceTree <= 1.5001546410169164,0.07432719297161614
MINOR_COMMIT,0.0,0.05531262528826687,0.0,5.0,MINOR_COMMIT <= 0.5004848706369127,0.061392773990359056
MAJOR_LINE,0.0,-0.048326978191627144,0.0,10.0,MAJOR_LINE <= 0.49445902988758095,0.053639241209274734
