feature,value,importance,min,max,rule,importance_ratio
Added_lines,85.0,0.4292130406514878,6.0,17843.0,24.088365210503166 < Added_lines <= 251.74735011885954,0.3674373055584168
CountDeclClass,1.0,-0.1155054223792394,1.0,13.0,CountDeclClass <= 1.5005966587345618,0.09888096855583614
MINOR_COMMIT,0.0,0.10843128100002365,0.0,5.0,MINOR_COMMIT <= 0.5004848706369127,0.09282499354731137
AvgLineComment,2.0,-0.043238619968466896,0.0,72.0,1.470788834786691 < AvgLineComment <= 5.5024963826059325,0.03701537584497146
MAJOR_LINE,0.0,-0.042428365786829604,0.0,10.0,MAJOR_LINE <= 0.49445902988758095,0.03632173985276966
