feature,value,importance,min,max,rule,importance_ratio
MINOR_COMMIT,0.0,-0.2804667393252239,0.0,5.0,MINOR_COMMIT <= 0.5004848706369127,0.21863814804527798
Added_lines,8.0,0.23259488194946015,6.0,17843.0,6.5761356021680655 < Added_lines <= 24.088365210503166,0.18131959018238722
CountDeclClass,1.0,-0.08963643581598026,1.0,13.0,CountDeclClass <= 1.5005966587345618,0.06987617986837272
OWN_LINE,0.979942693409742,-0.07333589743473189,0.281553398058252,1.0,OWN_LINE > 0.9680591083803126,0.05716907765585523
CountLineComment,156.0,0.06350462756936083,15.0,3202.0,146.26265667216038 < CountLineComment <= 442.57727842975316,0.04950510066710589
