feature,value,importance,min,max,rule,importance_ratio
Added_lines,0.0,-0.41171063677518904,6.0,17843.0,Added_lines <= 6.5761356021680655,0.2780672767742753
OWN_LINE,0.435897435897436,0.2552118043220089,0.281553398058252,1.0,0.41251109484975157 < OWN_LINE <= 0.441750463982939,0.17236875875815816
MaxInheritanceTree,2.0,0.11763314973087084,0.0,7.0,1.5001546410169164 < MaxInheritanceTree <= 2.505604438664319,0.07944883294794446
CountDeclMethodProtected,0.0,0.11014772895625635,0.0,91.0,CountDeclMethodProtected <= 0.49788124088499186,0.07439321770659427
MAJOR_LINE,0.0,-0.05770220834976533,0.0,10.0,MAJOR_LINE <= 0.49445902988758095,0.03897177897893947
