feature,value,importance,min,max,rule,importance_ratio
Added_lines,80.0,0.45214188259671945,6.0,17843.0,24.088365210503166 < Added_lines <= 251.74735011885954,0.24601360981529485
MAJOR_LINE,4.0,0.16283193806991406,0.0,10.0,2.503347321568387 < MAJOR_LINE <= 5.505000175998428,0.088598014074113
CountLineComment,524.0,0.15982813622241318,15.0,3202.0,442.57727842975316 < CountLineComment <= 1279.9881660055592,0.08696362415334412
CountDeclMethodPublic,56.0,0.14100825159822164,0.0,201.0,26.478380738109195 < CountDeclMethodPublic <= 61.45617024326406,0.07672359125456855
MaxNesting_Min,0.0,-0.1270819851197693,0.0,5.0,MaxNesting_Min <= 0.500511766194675,0.06914621074750854
