feature,value,importance,min,max,rule,importance_ratio
Added_lines,0.0,-0.48636721459341337,6.0,17843.0,Added_lines <= 6.5761356021680655,0.36363875363475706
OWN_LINE,0.288235294117647,0.3275785388555307,0.281553398058252,1.0,OWN_LINE <= 0.41251109484975157,0.24491834155906364
CountDeclClass,1.0,-0.07697365585706134,1.0,13.0,CountDeclClass <= 1.5005966587345618,0.057550351748054625
MaxInheritanceTree,1.0,-0.05851893785442505,0.0,7.0,0.49470484336951337 < MaxInheritanceTree <= 1.5001546410169164,0.04375244257202264
MINOR_COMMIT,0.0,0.03993526509475417,0.0,5.0,MINOR_COMMIT <= 0.5004848706369127,0.029858118700023677
