feature,value,importance,min,max,rule,importance_ratio
Added_lines,19.0,0.30696550341554435,6.0,17843.0,6.5761356021680655 < Added_lines <= 24.088365210503166,0.22187533153067493
MINOR_COMMIT,0.0,-0.2186348741377286,0.0,5.0,MINOR_COMMIT <= 0.5004848706369127,0.158029761141621
MAJOR_LINE,4.0,0.1861347543345699,0.0,10.0,2.503347321568387 < MAJOR_LINE <= 5.505000175998428,0.13453860407062312
CountDeclClass,1.0,-0.11572896270361151,1.0,13.0,CountDeclClass <= 1.5005966587345618,0.08364914520315003
CountLineComment,166.0,0.09517593466973868,15.0,3202.0,146.26265667216038 < CountLineComment <= 442.57727842975316,0.0687933719705417
