feature,value,importance,min,max,rule,importance_ratio
Added_lines,48.0,0.3952802284291824,6.0,17843.0,24.088365210503166 < Added_lines <= 251.74735011885954,0.261067162310456
MAJOR_LINE,3.0,0.14342810843528395,0.0,10.0,2.503347321568387 < MAJOR_LINE <= 5.505000175998428,0.09472866733951611
CountLineComment,491.0,0.11569398081654063,15.0,3202.0,442.57727842975316 < CountLineComment <= 1279.9881660055592,0.0764113585650436
CountDeclMethodDefault,15.0,0.0974791330347424,0.0,98.0,6.516059405237756 < CountDeclMethodDefault <= 19.504767571919192,0.06438116256660417
MINOR_COMMIT,0.0,0.087194586132058,0.0,5.0,MINOR_COMMIT <= 0.5004848706369127,0.057588620763533355
