feature,value,importance,min,max,rule,importance_ratio
Added_lines,1.0,-0.47855284374189794,6.0,17843.0,Added_lines <= 6.5761356021680655,0.34456795508182186
CountLineComment,508.0,0.11199020654565503,15.0,3202.0,442.57727842975316 < CountLineComment <= 1279.9881660055592,0.08063526727142246
CountDeclClass,1.0,-0.09823205966258888,1.0,13.0,CountDeclClass <= 1.5005966587345618,0.0707291166775912
CountDeclInstanceVariable,21.0,0.08836134318058952,0.0,1095.0,16.41644128235478 < CountDeclInstanceVariable <= 21.376447020001596,0.063621996454878
MaxInheritanceTree,3.0,0.06855298986466211,0.0,7.0,2.505604438664319 < MaxInheritanceTree <= 3.4981638542906017,0.04935957197059577
