feature,value,importance,min,max,rule,importance_ratio
Added_lines,303.0,0.4195084945079007,6.0,17843.0,251.74735011885954 < Added_lines <= 987.2609936689339,0.33147031428407814
MaxInheritanceTree,4.0,0.15046294193340945,0.0,7.0,3.4981638542906017 < MaxInheritanceTree <= 4.503613651938005,0.11888674318568522
MINOR_COMMIT,0.0,0.10683417925007564,0.0,5.0,MINOR_COMMIT <= 0.5004848706369127,0.08441392590594417
CountDeclClass,1.0,-0.09290187258933238,1.0,13.0,CountDeclClass <= 1.5005966587345618,0.07340545735763507
CountDeclInstanceVariable,1.0,-0.05934093325726107,0.0,1095.0,0.49221233517289953 < CountDeclInstanceVariable <= 5.452218072819715,0.0468876269591828
