feature,value,importance,min,max,rule,importance_ratio
Added_lines,42.0,0.4392366877426505,6.0,17843.0,24.088365210503166 < Added_lines <= 251.74735011885954,0.4764401360987551
CountDeclClass,1.0,-0.046022206582764166,1.0,13.0,CountDeclClass <= 1.5005966587345618,0.04992029805284422
MaxNesting_Mean,0.8,0.043220524919334306,0.0,5.0,0.7556304811597957 < MaxNesting_Mean <= 2.486347451800019,0.04688131330890136
MAJOR_LINE,2.0,0.037157306851584825,0.0,10.0,1.498903175727984 < MAJOR_LINE <= 2.503347321568387,0.0403045392779317
CountLineComment,90.0,0.03648344440051886,15.0,3202.0,71.11039753074189 < CountLineComment <= 137.67382705599826,0.039573600522456384
