Antecedent,Antecedent Coverage %,Confidence,Lift
CountLineComment <= 27.5,0.16823,0.97207,1.27139
-2 < Added_lines <= 80 & 0.08 < MAJOR_LINE <= 0.76,0.11278,0.96667,1.26433
MaxNesting_Mean <= 0.105,0.2063,0.96128,1.25728
-118 < Added_lines <= -2,0.04652,0.9596,1.25508
CountDeclMethodPrivate <= -0.68,0.09352,0.95477,1.24878
AvgLineComment <= 0.85,0.17951,0.95026,1.24287
27.5 < CountLineComment <= 66,0.2218,0.94703,1.23865
MaxInheritanceTree <= 0.875,0.17857,0.94474,1.23565
