feature,value,importance,left,right,rec,rule,min,max
OWN_COMMIT,1.0,0.18918828701205107,0.0,0.9806106315167405,-1,OWN_COMMIT > 0.9806106315167405,0.0,1.0
CountClassCoupled,4.0,-0.06989720138993888,8.508859599645833,42.0,1,0.4889161313989083 < CountClassCoupled <= 8.508859599645833,0.0,42.0
MAJOR_LINE,0.0,-0.04834333037650025,0.49910133276318186,11.0,1,MAJOR_LINE <= 0.49910133276318186,0.0,11.0
CountDeclMethodPublic,4.0,0.010673934942474988,0.0,0.5356186667481531,-1,0.5356186667481531 < CountDeclMethodPublic <= 9.533919875779645,0.0,82.0
