feature,value,importance,left,right,rec,rule,min,max
CountClassCoupled,18.0,0.11065432268105045,0.0,12.518831333769295,-1,12.518831333769295 < CountClassCoupled <= 20.47194193978083,0.0,42.0
MAJOR_LINE,0.0,-0.044879089941402404,0.49910133276318186,11.0,1,MAJOR_LINE <= 0.49910133276318186,0.0,11.0
OWN_COMMIT,0.75,0.037462616621648064,0.0,0.36450244784925023,-1,0.36450244784925023 < OWN_COMMIT <= 0.9806106315167405,0.0,1.0
CountDeclMethodPublic,23.0,-0.0229026816148837,25.473767731778292,82.0,1,9.533919875779645 < CountDeclMethodPublic <= 25.473767731778292,0.0,82.0
