feature,value,importance,left,right,rec,rule,min,max
MAJOR_LINE,3.0,0.0751376316491649,0.0,2.4941625536953684,-1,2.4941625536953684 < MAJOR_LINE <= 4.502888577510651,0.0,11.0
CountClassCoupled,4.0,-0.06607037124892826,8.508859599645833,42.0,1,0.4889161313989083 < CountClassCoupled <= 8.508859599645833,0.0,42.0
OWN_COMMIT,0.375,0.04978479922741189,0.0,0.36450244784925023,-1,0.36450244784925023 < OWN_COMMIT <= 0.9806106315167405,0.0,1.0
CountDeclMethodPublic,9.0,0.014757107354999875,0.0,0.5356186667481531,-1,0.5356186667481531 < CountDeclMethodPublic <= 9.533919875779645,0.0,82.0
