feature,value,importance,left,right,rec,rule,min,max
CountClassCoupled,21.0,0.14693409698178006,0.0,20.47194193978083,-1,20.47194193978083 < CountClassCoupled <= 22.47692780684256,0.0,42.0
MAJOR_LINE,5.0,0.10985203733524966,0.0,4.502888577510651,-1,4.502888577510651 < MAJOR_LINE <= 7.495480408908931,0.0,11.0
OWN_COMMIT,0.75,0.048689243818760906,0.0,0.36450244784925023,-1,0.36450244784925023 < OWN_COMMIT <= 0.9806106315167405,0.0,1.0
MaxInheritanceTree,2.0,-0.01110486768058131,2.4990705242078834,5.0,1,1.4975445324042342 < MaxInheritanceTree <= 2.4990705242078834,0.0,5.0
