feature,value,importance,left,right,rec,rule,min,max
CountClassCoupled,2.0,-0.07466390050554199,8.508859599645833,42.0,1,0.4889161313989083 < CountClassCoupled <= 8.508859599645833,0.0,42.0
OWN_COMMIT,0.4,0.03476734124413017,0.0,0.36450244784925023,-1,0.36450244784925023 < OWN_COMMIT <= 0.9806106315167405,0.0,1.0
CountDeclMethodPublic,6.0,0.011992302230470812,0.0,0.5356186667481531,-1,0.5356186667481531 < CountDeclMethodPublic <= 9.533919875779645,0.0,82.0
MAJOR_LINE,2.0,0.009112706519666275,0.0,0.49910133276318186,-1,0.49910133276318186 < MAJOR_LINE <= 2.4941625536953684,0.0,11.0
