feature,value,importance,left,right,rec,rule,min,max
MAJOR_LINE,4.0,0.07325443243011324,0.0,2.4941625536953684,-1,2.4941625536953684 < MAJOR_LINE <= 4.502888577510651,0.0,11.0
OWN_COMMIT,0.4,0.04401258169598725,0.0,0.36450244784925023,-1,0.36450244784925023 < OWN_COMMIT <= 0.9806106315167405,0.0,1.0
CountDeclMethodPublic,35.0,-0.01786739445848156,52.98285999938886,82.0,1,26.502145012810463 < CountDeclMethodPublic <= 52.98285999938886,0.0,82.0
