feature,value,importance,left,right,rec,rule,min,max
OWN_COMMIT,1.0,0.19148284830647577,0.0,0.9806106315167405,-1,OWN_COMMIT > 0.9806106315167405,0.0,1.0
CountDeclMethodPublic,17.0,-0.025306623599970726,25.473767731778292,82.0,1,9.533919875779645 < CountDeclMethodPublic <= 25.473767731778292,0.0,82.0
MAJOR_LINE,1.0,0.007691255430607126,0.0,0.49910133276318186,-1,0.49910133276318186 < MAJOR_LINE <= 2.4941625536953684,0.0,11.0
