feature,value,importance,left,right,rec,rule,min,max
OWN_COMMIT,1.0,0.18596332354290346,0.0,0.9806106315167405,-1,OWN_COMMIT > 0.9806106315167405,0.0,1.0
CountClassCoupled,22.0,0.1571146482336236,0.0,20.47194193978083,-1,20.47194193978083 < CountClassCoupled <= 22.47692780684256,0.0,42.0
MAJOR_LINE,1.0,0.016732668599138828,0.0,0.49910133276318186,-1,0.49910133276318186 < MAJOR_LINE <= 2.4941625536953684,0.0,11.0
MaxInheritanceTree,2.0,-0.005365543903865962,2.4990705242078834,5.0,1,1.4975445324042342 < MaxInheritanceTree <= 2.4990705242078834,0.0,5.0
