feature,value,importance,left,right,rec,rule,min,max
CountClassCoupled,24.0,0.2070940499030182,0.0,22.47692780684256,-1,CountClassCoupled > 22.47692780684256,0.0,42.0
CountDeclMethodPublic,6.0,0.013718422995642044,0.0,0.5356186667481531,-1,0.5356186667481531 < CountDeclMethodPublic <= 9.533919875779645,0.0,82.0
MAJOR_LINE,2.0,0.011315138100568965,0.0,0.49910133276318186,-1,0.49910133276318186 < MAJOR_LINE <= 2.4941625536953684,0.0,11.0
MaxInheritanceTree,2.0,-0.0074018582841747955,2.4990705242078834,5.0,1,1.4975445324042342 < MaxInheritanceTree <= 2.4990705242078834,0.0,5.0
OWN_COMMIT,0.25,-0.004031844635636971,0.36450244784925023,1.0,1,0.12361804521233677 < OWN_COMMIT <= 0.36450244784925023,0.0,1.0
