feature,value,importance,left,right,rec,rule,min,max
CountClassCoupled,2.0,-0.06754283901243019,3.5277271998526603,71.0,1,1.5363269248292477 < CountClassCoupled <= 3.5277271998526603,0.0,71.0
RatioCommentToCode,0.3,0.036355545047557884,0.0,0.24340607599558495,-1,0.24340607599558495 < RatioCommentToCode <= 0.9515288232774337,0.0,17.89
MAJOR_LINE,0.0,0.009335824001814992,0.0,0.0,-1,MAJOR_LINE <= 0.5069200848499238,0.0,13.0
