feature,value,importance,left,right,rec,rule,min,max
RatioCommentToCode,0.79,0.03027983831842485,0.0,0.24340607599558495,-1,0.24340607599558495 < RatioCommentToCode <= 0.9515288232774337,0.0,17.89
CountClassCoupled,0.0,-0.029185272913075374,0.4640344690474105,71.0,1,CountClassCoupled <= 0.4640344690474105,0.0,71.0
MAJOR_LINE,0.0,0.009546177531131858,0.0,0.0,-1,MAJOR_LINE <= 0.5069200848499238,0.0,13.0
