feature,value,importance,left,right,rec,rule,min,max
CountClassCoupled,0.0,-0.03402105946184087,0.4640344690474105,71.0,1,CountClassCoupled <= 0.4640344690474105,0.0,71.0
RatioCommentToCode,0.71,0.027800112728392275,0.0,0.24340607599558495,-1,0.24340607599558495 < RatioCommentToCode <= 0.9515288232774337,0.0,17.89
MAJOR_LINE,0.0,0.018167685931499946,0.0,0.0,-1,MAJOR_LINE <= 0.5069200848499238,0.0,13.0
