feature,value,importance,left,right,rec,rule,min,max
Added_lines,301.0,0.12117159791699264,0.0,134.0061958090498,-1,134.0061958090498 < Added_lines <= 623.7822426910362,0.0,1401.0
CountClassCoupled,16.0,0.08274327659308339,0.0,9.501928024922897,-1,9.501928024922897 < CountClassCoupled <= 21.526921993333502,0.0,71.0
RatioCommentToCode,0.13,0.03122061985095774,0.0,0.07999313431515842,-1,0.07999313431515842 < RatioCommentToCode <= 0.24340607599558495,0.0,17.89
MAJOR_LINE,1.0,-0.015305861140089467,1.493592487717048,13.0,1,0.5069200848499238 < MAJOR_LINE <= 1.493592487717048,0.0,13.0
