feature,value,importance,left,right,rec,rule,min,max
CountClassCoupled,28.0,0.1881299573802963,0.0,21.526921993333502,-1,21.526921993333502 < CountClassCoupled <= 36.46242405600909,0.0,71.0
Added_lines,296.0,0.14022373536301797,0.0,134.0061958090498,-1,134.0061958090498 < Added_lines <= 623.7822426910362,0.0,1401.0
RatioCommentToCode,0.17,0.023948372945256792,0.0,0.07999313431515842,-1,0.07999313431515842 < RatioCommentToCode <= 0.24340607599558495,0.0,17.89
MAJOR_LINE,3.0,0.007334284667207533,0.0,2.495214472445795,-1,2.495214472445795 < MAJOR_LINE <= 6.501702411360784,0.0,13.0
