feature,value,importance,left,right,rec,rule,min,max
Added_lines,372.0,0.11316317139366608,0.0,134.0061958090498,-1,134.0061958090498 < Added_lines <= 623.7822426910362,0.0,1401.0
CountClassCoupled,19.0,0.09483429044962154,0.0,9.501928024922897,-1,9.501928024922897 < CountClassCoupled <= 21.526921993333502,0.0,71.0
RatioCommentToCode,0.24,0.029264194099183488,0.0,0.07999313431515842,-1,0.07999313431515842 < RatioCommentToCode <= 0.24340607599558495,0.0,17.89
MAJOR_LINE,3.0,-5.9603397590263005e-05,6.501702411360784,13.0,1,2.495214472445795 < MAJOR_LINE <= 6.501702411360784,0.0,13.0
