feature,value,importance,left,right,rec,rule,min,max
CountClassCoupled,52.0,0.24376855905500963,0.0,36.46242405600909,-1,CountClassCoupled > 36.46242405600909,0.0,71.0
Added_lines,783.0,0.2039473409068981,0.0,752.9050186871963,-1,752.9050186871963 < Added_lines <= 962.1729659913178,0.0,1401.0
RatioCommentToCode,0.12,0.03122688042835828,0.0,0.07999313431515842,-1,0.07999313431515842 < RatioCommentToCode <= 0.24340607599558495,0.0,17.89
MAJOR_LINE,9.0,-0.001984883147199037,13.0,13.0,1,MAJOR_LINE > 6.501702411360784,0.0,13.0
