feature,value,importance,left,right,rec,rule,min,max
CountClassCoupled,22.0,0.1813436752351569,0.0,21.526921993333502,-1,21.526921993333502 < CountClassCoupled <= 36.46242405600909,0.0,71.0
Added_lines,32.0,-0.06783636509059554,53.861024501088394,1401.0,1,0.4309102957807909 < Added_lines <= 53.861024501088394,0.0,1401.0
RatioCommentToCode,0.41,0.0324970143609752,0.0,0.24340607599558495,-1,0.24340607599558495 < RatioCommentToCode <= 0.9515288232774337,0.0,17.89
MAJOR_LINE,2.0,-0.014922386945987002,2.495214472445795,13.0,1,1.493592487717048 < MAJOR_LINE <= 2.495214472445795,0.0,13.0
