feature,value,importance,left,right,rec,rule,min,max
Added_lines,347.0,0.1448834581666024,0.0,134.0061958090498,-1,134.0061958090498 < Added_lines <= 623.7822426910362,0.0,1401.0
CountClassCoupled,12.0,0.08500825630349992,0.0,9.501928024922897,-1,9.501928024922897 < CountClassCoupled <= 21.526921993333502,0.0,71.0
RatioCommentToCode,0.99,-0.03637564394342402,2.4494807886813446,17.89,1,0.9515288232774337 < RatioCommentToCode <= 2.4494807886813446,0.0,17.89
MAJOR_LINE,2.0,-0.019274317198894997,2.495214472445795,13.0,1,1.493592487717048 < MAJOR_LINE <= 2.495214472445795,0.0,13.0
