feature,value,importance,left,right,rec,rule,min,max
Added_lines,10.0,-0.07616291062274715,53.861024501088394,1401.0,1,0.4309102957807909 < Added_lines <= 53.861024501088394,0.0,1401.0
CountClassCoupled,3.0,-0.05180340906800118,3.5277271998526603,71.0,1,1.5363269248292477 < CountClassCoupled <= 3.5277271998526603,0.0,71.0
MINOR_LINE,5.0,0.039079895073378015,1.0,3.5043945735014814,-1,3.5043945735014814 < MINOR_LINE <= 6.500273313638594,1.0,8.0
RatioCommentToCode,0.010000000000000009,0.015546349709706964,0.0,0.0,-1,RatioCommentToCode <= 0.07999313431515842,0.0,17.89
MAJOR_LINE,4.0,-0.005100934230012792,6.501702411360784,13.0,1,2.495214472445795 < MAJOR_LINE <= 6.501702411360784,0.0,13.0
