feature,value,importance,left,right,rec,rule,min,max
CountClassCoupled,4.0,-0.080164446718627,5.519127474876073,71.0,1,3.5277271998526603 < CountClassCoupled <= 5.519127474876073,0.0,71.0
RatioCommentToCode,0.83,0.027774707485765212,0.0,0.24340607599558495,-1,0.24340607599558495 < RatioCommentToCode <= 0.9515288232774337,0.0,17.89
MINOR_LINE,2.0,-0.00472662891643343,2.5057683267891098,8.0,1,1.4940022610410497 < MINOR_LINE <= 2.5057683267891098,1.0,8.0
MAJOR_LINE,1.0,-0.0018755297602506904,1.493592487717048,13.0,1,0.5069200848499238 < MAJOR_LINE <= 1.493592487717048,0.0,13.0
