feature,value,importance,left,right,rec,rule,min,max
CountClassCoupled,27.0,0.17291640745085118,0.0,21.526921993333502,-1,21.526921993333502 < CountClassCoupled <= 36.46242405600909,0.0,71.0
Added_lines,30.0,-0.07771706904120061,53.861024501088394,1401.0,1,0.4309102957807909 < Added_lines <= 53.861024501088394,0.0,1401.0
RatioCommentToCode,0.17000000000000004,0.03585385632353971,0.0,0.07999313431515842,-1,0.07999313431515842 < RatioCommentToCode <= 0.24340607599558495,0.0,17.89
MAJOR_LINE,2.0,-0.016124865243485585,2.495214472445795,13.0,1,1.493592487717048 < MAJOR_LINE <= 2.495214472445795,0.0,13.0
