feature,value,importance,left,right,rec,rule,min,max
CountClassCoupled,24.0,0.19028916974700924,0.0,21.526921993333502,-1,21.526921993333502 < CountClassCoupled <= 36.46242405600909,0.0,71.0
Added_lines,252.0,0.11741431098535077,0.0,134.0061958090498,-1,134.0061958090498 < Added_lines <= 623.7822426910362,0.0,1401.0
RatioCommentToCode,0.20999999999999996,0.021701606373080853,0.0,0.07999313431515842,-1,0.07999313431515842 < RatioCommentToCode <= 0.24340607599558495,0.0,17.89
MINOR_LINE,3.0,-0.0016970270529117664,3.5043945735014814,8.0,1,2.5057683267891098 < MINOR_LINE <= 3.5043945735014814,1.0,8.0
MAJOR_LINE,2.0,0.00044081625261626175,0.0,1.493592487717048,-1,1.493592487717048 < MAJOR_LINE <= 2.495214472445795,0.0,13.0
