feature,value,importance,left,right,rec,rule,min,max
Added_lines,417.0,0.11167772811286752,0.0,134.0061958090498,-1,134.0061958090498 < Added_lines <= 623.7822426910362,0.0,1401.0
CountClassCoupled,16.0,0.09600242171216572,0.0,9.501928024922897,-1,9.501928024922897 < CountClassCoupled <= 21.526921993333502,0.0,71.0
RatioCommentToCode,0.19000000000000006,0.057575257852009,0.0,0.07999313431515842,-1,0.07999313431515842 < RatioCommentToCode <= 0.24340607599558495,0.0,17.89
MAJOR_LINE,2.0,0.001815473385172849,0.0,1.493592487717048,-1,1.493592487717048 < MAJOR_LINE <= 2.495214472445795,0.0,13.0
