feature,value,importance,left,right,rec,rule,min,max
CountClassCoupled,4.0,-0.07197326987787844,5.519127474876073,71.0,1,3.5277271998526603 < CountClassCoupled <= 5.519127474876073,0.0,71.0
RatioCommentToCode,0.5,0.022847947799530904,0.0,0.24340607599558495,-1,0.24340607599558495 < RatioCommentToCode <= 0.9515288232774337,0.0,17.89
MAJOR_LINE,1.0,0.0014939442245321085,0.0,0.5069200848499238,-1,0.5069200848499238 < MAJOR_LINE <= 1.493592487717048,0.0,13.0
