Antecedent,Antecedent Coverage %,Confidence,Lift
MAJOR_COMMIT <= 0.28,0.2058,0.98915,1.11791
MAJOR_LINE <= -0.09,0.11071,0.97581,1.10283
1.1 < CountClassCoupled <= 4.2,0.19777,0.97291,1.09956
CountInput_Min > 2.23,0.18839,0.95261,1.07661
CountOutput_Min > 2.37,0.18482,0.94928,1.07284
-40.5 < CountLineComment <= 28,0.27723,0.94847,1.07193
-0.09 < MAJOR_LINE <= 0.56,0.29241,0.94504,1.06806
0.28 < MAJOR_COMMIT <= 1,0.29554,0.93505,1.05676
28 < CountLineComment <= 76.5,0.42946,0.92516,1.04558
