Antecedent,Antecedent Coverage %,Confidence,Lift
MAJOR_COMMIT <= 0.15,0.21787,0.97588,1.11006
0.15 < MAJOR_COMMIT <= 0.865,0.14333,0.97,1.10338
CountLineComment <= 17.6,0.12088,0.96838,1.10153
0.03 < MAJOR_LINE <= 0.74,0.15002,0.96815,1.10127
MAJOR_LINE <= 0.03,0.24749,0.96139,1.09358
CountClassCoupled <= -0.1,0.12327,0.96124,1.09341
-0.1 < CountClassCoupled <= 3.4,0.25944,0.95764,1.08932
3.4 < CountClassCoupled <= 6.8,0.22695,0.95579,1.08721
OWN_COMMIT <= 0.1,0.20258,0.94575,1.0758
