Antecedent,Antecedent Coverage %,Confidence,Lift
MAJOR_COMMIT <= 0.195,0.20625,0.97619,1.12022
1.05 < CountClassCoupled <= 3.7,0.1942,0.96322,1.10533
0.195 < MAJOR_COMMIT <= 0.895,0.1308,0.95563,1.09663
-0.04 < MAJOR_LINE <= 0.6,0.28571,0.95156,1.09196
OWN_COMMIT <= 0.152,0.20134,0.95122,1.09156
3.7 < CountClassCoupled <= 6.9,0.19732,0.94796,1.08783
37 < CountLineComment <= 57,0.20759,0.93333,1.07104
14 < CountLineComment <= 37,0.31473,0.92199,1.05802
