feature,value,importance,left,right,rec,rule,min,max
CountClassCoupled,15.0,0.04397141253699638,0.0,11.526431435925135,-1,11.526431435925135 < CountClassCoupled <= 21.451774790022068,0.0,179.0
CountOutput_Mean,6.52380952380952,0.02171544011282934,0.0,5.854835329245367,-1,CountOutput_Mean > 5.854835329245367,0.0,23.0
OWN_COMMIT,0.888888888888889,0.006378491696039178,0.0,0.1235272457668039,-1,0.1235272457668039 < OWN_COMMIT <= 0.9231694651958171,0.0,1.0
PercentLackOfCohesion,94.0,-0.006050317768598871,100.0,100.0,1,PercentLackOfCohesion > 91.4949723320631,0.0,100.0
MaxNesting_Mean,0.73469387755102,0.004144728448148865,0.0,0.11681451905522194,-1,0.11681451905522194 < MaxNesting_Mean <= 1.4436052574965041,0.0,4.0
