feature,value,importance,left,right,rec,rule,min,max
CountClassCoupled,89.0,0.13128610155329237,0.0,35.479593397145734,-1,CountClassCoupled > 35.479593397145734,0.0,179.0
OWN_COMMIT,0.763048016701461,0.009293584616751869,0.0,0.1235272457668039,-1,0.1235272457668039 < OWN_COMMIT <= 0.9231694651958171,0.0,1.0
CountOutput_Mean,3.8625,0.003220793469871202,0.0,2.760764501646995,-1,2.760764501646995 < CountOutput_Mean <= 4.904687594786025,0.0,23.0
PercentLackOfCohesion,100.0,0.0002803081816169996,0.0,91.4949723320631,-1,PercentLackOfCohesion > 91.4949723320631,0.0,100.0
