feature,value,importance,left,right,rec,rule,min,max
CountClassCoupled,64.0,0.12422526581505351,0.0,35.479593397145734,-1,CountClassCoupled > 35.479593397145734,0.0,179.0
CountOutput_Mean,7.72357723577236,0.022046414786540153,0.0,5.854835329245367,-1,CountOutput_Mean > 5.854835329245367,0.0,23.0
OWN_COMMIT,0.87823275862069,0.009417876450083473,0.0,0.1235272457668039,-1,0.1235272457668039 < OWN_COMMIT <= 0.9231694651958171,0.0,1.0
PercentLackOfCohesion,97.0,-0.004352839005260391,100.0,100.0,1,PercentLackOfCohesion > 91.4949723320631,0.0,100.0
