feature,value,importance,left,right,rec,rule,min,max
CountClassCoupled,76.0,0.12411503135068004,0.0,35.479593397145734,-1,CountClassCoupled > 35.479593397145734,0.0,179.0
OWN_COMMIT,0.737628384687208,0.006148568167021149,0.0,0.1235272457668039,-1,0.1235272457668039 < OWN_COMMIT <= 0.9231694651958171,0.0,1.0
CountOutput_Mean,4.2953216374269,0.0029734620187838,0.0,2.760764501646995,-1,2.760764501646995 < CountOutput_Mean <= 4.904687594786025,0.0,23.0
MaxNesting_Mean,0.633053221288515,0.002723609750474604,0.0,0.11681451905522194,-1,0.11681451905522194 < MaxNesting_Mean <= 1.4436052574965041,0.0,4.0
PercentLackOfCohesion,100.0,-0.0017329916667960527,100.0,100.0,1,PercentLackOfCohesion > 91.4949723320631,0.0,100.0
