feature,value,importance,left,right,rec,rule,min,max
CountClassCoupled,54.0,0.12805057006133527,0.0,35.479593397145734,-1,CountClassCoupled > 35.479593397145734,0.0,179.0
CountOutput_Mean,6.14485165794066,0.016145895001301716,0.0,5.854835329245367,-1,CountOutput_Mean > 5.854835329245367,0.0,23.0
OWN_COMMIT,0.478550295857988,0.008218139089686974,0.0,0.1235272457668039,-1,0.1235272457668039 < OWN_COMMIT <= 0.9231694651958171,0.0,1.0
PercentLackOfCohesion,100.0,-0.002384104338167241,100.0,100.0,1,PercentLackOfCohesion > 91.4949723320631,0.0,100.0
