feature,value,importance,left,right,rec,rule,min,max
CountClassCoupled,19.0,0.04609631654302138,0.0,11.526431435925135,-1,11.526431435925135 < CountClassCoupled <= 21.451774790022068,0.0,179.0
OWN_COMMIT,0.66798418972332,0.013464848564746104,0.0,0.1235272457668039,-1,0.1235272457668039 < OWN_COMMIT <= 0.9231694651958171,0.0,1.0
PercentLackOfCohesion,100.0,-0.004293659182332134,100.0,100.0,1,PercentLackOfCohesion > 91.4949723320631,0.0,100.0
CountOutput_Mean,4.83333333333333,4.919225616000734e-05,0.0,2.760764501646995,-1,2.760764501646995 < CountOutput_Mean <= 4.904687594786025,0.0,23.0
