feature,value,importance,min,max,rule,importance_ratio
CountClassCoupled,30.0,0.15116447983375778,0.0,230.0,23.495360010578608 < CountClassCoupled <= 42.555205635341274,0.24097419869964368
MAJOR_COMMIT,4.0,0.10067274074051777,0.0,10.0,2.504428889822858 < MAJOR_COMMIT <= 4.498890104152141,0.16048434829083205
CountOutput_Mean,4.95833333333333,0.06701428264346715,0.0,28.0,CountOutput_Mean > 4.581772384689348,0.10682875420998626
CountLineComment,112.0,0.06663329856977292,0.0,4740.0,97.54858712745128 < CountLineComment <= 235.90883570083076,0.10622142018563903
MAJOR_LINE,6.0,0.05950107746277727,0.0,21.0,5.505998299347475 < MAJOR_LINE <= 7.493770580251528,0.09485180962569087
