feature,value,importance,min,max,rule,importance_ratio
CountClassCoupled,25.0,0.14981198530261722,0.0,230.0,23.495360010578608 < CountClassCoupled <= 42.555205635341274,0.28094683262312725
MAJOR_COMMIT,3.0,0.10088041883698168,0.0,10.0,2.504428889822858 < MAJOR_COMMIT <= 4.498890104152141,0.18918402348579869
CountOutput_Mean,10.7142857142857,0.06672211002448163,0.0,28.0,CountOutput_Mean > 4.581772384689348,0.12512593995363358
MAJOR_LINE,5.0,0.029346310455247,0.0,21.0,3.496382367004915 < MAJOR_LINE <= 5.505998299347475,0.055034001150991836
CountLineComment,56.0,-0.024857741119292166,0.0,4740.0,25.926811395348956 < CountLineComment <= 97.54858712745128,0.046616454748422576
