feature,value,importance,min,max,rule,importance_ratio
MAJOR_COMMIT,6.0,0.16861147115094907,0.0,10.0,5.496120711316784 < MAJOR_COMMIT <= 7.505691480300078,0.217385901634427
CountClassCoupled,71.0,0.13356054691986585,0.0,230.0,CountClassCoupled > 42.555205635341274,0.17219575700735948
MAJOR_LINE,10.0,0.10911781324693484,0.0,21.0,7.493770580251528 < MAJOR_LINE <= 11.993562776583781,0.14068244618912118
CountLineComment,609.0,0.0835866638778171,0.0,4740.0,CountLineComment > 423.10211318246184,0.1077658724383343
CountOutput_Mean,11.1694915254237,0.06701124606261638,0.0,28.0,CountOutput_Mean > 4.581772384689348,0.0863956648117195
