feature,value,importance,min,max,rule,importance_ratio
MAJOR_COMMIT,6.0,0.17599701504582557,0.0,10.0,5.496120711316784 < MAJOR_COMMIT <= 7.505691480300078,0.22321607459059453
CountClassCoupled,30.0,0.14842298264066875,0.0,230.0,23.495360010578608 < CountClassCoupled <= 42.555205635341274,0.1882440765001136
AvgLineComment,31.0,0.07486249755282426,0.0,41.0,10.487645881505212 < AvgLineComment <= 37.51398548531001,0.09494770597920872
CountLineComment,306.0,0.067097370915929,0.0,4740.0,274.975258827432 < CountLineComment <= 423.10211318246184,0.08509923732117318
CountOutput_Mean,24.5555555555556,0.06586892294394339,0.0,28.0,CountOutput_Mean > 4.581772384689348,0.08354120331659641
