feature,value,importance,min,max,rule,importance_ratio
MAJOR_COMMIT,9.0,0.19283165901582228,0.0,10.0,MAJOR_COMMIT > 7.505691480300078,0.2878123645295019
CountClassCoupled,46.0,0.14033465774220782,0.0,230.0,CountClassCoupled > 42.555205635341274,0.20945756457402623
CountOutput_Mean,11.35,0.0661685434605289,0.0,28.0,CountOutput_Mean > 4.581772384689348,0.0987603646001164
CountLineComment,203.0,0.06233161645013025,0.0,4740.0,97.54858712745128 < CountLineComment <= 235.90883570083076,0.09303352990385245
MAJOR_LINE,5.0,0.029638650224181336,0.0,21.0,3.496382367004915 < MAJOR_LINE <= 5.505998299347475,0.044237393621057546
