feature,value,importance,min,max,rule,importance_ratio
MAJOR_COMMIT,6.0,0.16890202412788036,0.0,10.0,5.496120711316784 < MAJOR_COMMIT <= 7.505691480300078,0.2420150153217286
CountClassCoupled,49.0,0.13151199624907245,0.0,230.0,CountClassCoupled > 42.555205635341274,0.18843988372284173
MAJOR_LINE,8.0,0.10188521034552696,0.0,21.0,7.493770580251528 < MAJOR_LINE <= 11.993562776583781,0.14598848575172307
CountOutput_Mean,11.4411764705882,0.06706730684416615,0.0,28.0,CountOutput_Mean > 4.581772384689348,0.09609887967469699
CountLineComment,195.0,0.06137529686907976,0.0,4740.0,97.54858712745128 < CountLineComment <= 235.90883570083076,0.08794295680494511
