feature,value,importance,min,max,rule,importance_ratio
CountLineComment,186.0,0.06495801997883419,0.0,4740.0,97.54858712745128 < CountLineComment <= 235.90883570083076,0.1624088263611282
CountClassBase,3.0,0.05670425571887422,0.0,7.0,2.4973382875892316 < CountClassBase <= 3.5016059418631427,0.1417726652380166
CountOutput_Mean,2.66666666666667,-0.05607985490461549,0.0,28.0,CountOutput_Mean <= 3.873264548197767,0.14021153077831885
CountClassCoupled,5.0,-0.02723096087570256,0.0,230.0,3.475666045000562 < CountClassCoupled <= 9.508998472982986,0.06808317738055575
OWN_COMMIT,0.666666666666667,0.025875944948091607,0.0,1.0,0.48027660302735486 < OWN_COMMIT <= 0.8170956133193726,0.06469535018730638
