feature,value,importance,min,max,rule,importance_ratio
CountClassCoupled,23.0,0.10649783799685879,0.0,230.0,16.502179241780798 < CountClassCoupled <= 23.495360010578608,0.1941303954594011
MAJOR_COMMIT,3.0,0.09841088261680174,0.0,10.0,2.504428889822858 < MAJOR_COMMIT <= 4.498890104152141,0.17938902722581018
CountOutput_Mean,6.375,0.06719475909089623,0.0,28.0,CountOutput_Mean > 4.581772384689348,0.12248647860344009
CountClassBase,3.0,0.04941386603224529,0.0,7.0,2.4973382875892316 < CountClassBase <= 3.5016059418631427,0.0900744422088699
OWN_COMMIT,0.333333333333333,0.04261170455633661,0.0,1.0,0.30578000733389993 < OWN_COMMIT <= 0.48027660302735486,0.07767507033302201
