feature,value,importance,min,max,rule,importance_ratio
CountClassCoupled,34.0,0.1501482603221252,0.0,230.0,23.495360010578608 < CountClassCoupled <= 42.555205635341274,0.20169697979834525
MAJOR_COMMIT,5.0,0.14835312934846034,0.0,10.0,4.498890104152141 < MAJOR_COMMIT <= 5.496120711316784,0.19928554662586706
MAJOR_LINE,10.0,0.11294215753327186,0.0,21.0,7.493770580251528 < MAJOR_LINE <= 11.993562776583781,0.1517173227148812
CountOutput_Mean,10.5,0.06412531283913167,0.0,28.0,CountOutput_Mean > 4.581772384689348,0.08614073783158598
CountLineComment,143.0,0.063592986845447,0.0,4740.0,97.54858712745128 < CountLineComment <= 235.90883570083076,0.08542565432036843
