feature,value,importance,min,max,rule,importance_ratio
MAJOR_COMMIT,4.0,0.10149546460581071,0.0,10.0,2.504428889822858 < MAJOR_COMMIT <= 4.498890104152141,0.20982295564899736
CountOutput_Mean,5.15625,0.06849924413969001,0.0,28.0,CountOutput_Mean > 4.581772384689348,0.14160941989805098
CountClassBase,3.0,0.04753739487681885,0.0,7.0,2.4973382875892316 < CountClassBase <= 3.5016059418631427,0.09827470356085832
CountClassCoupled,11.0,0.03469527102282445,0.0,230.0,9.508998472982986 < CountClassCoupled <= 16.502179241780798,0.07172600609619022
MAJOR_LINE,4.0,0.02870321216040903,0.0,21.0,3.496382367004915 < MAJOR_LINE <= 5.505998299347475,0.05933854123933402
