feature,value,importance,min,max,rule,importance_ratio
CountLineComment,109.0,0.06516840436353898,0.0,4740.0,97.54858712745128 < CountLineComment <= 235.90883570083076,0.18217506283085486
CountOutput_Mean,3.36842105263158,-0.057030297770024545,0.0,28.0,CountOutput_Mean <= 3.873264548197767,0.15942538690312627
CountClassCoupled,4.0,-0.027191707152660727,0.0,230.0,3.475666045000562 < CountClassCoupled <= 9.508998472982986,0.07601307730937307
OWN_COMMIT,0.666666666666667,0.02630989279990054,0.0,1.0,0.48027660302735486 < OWN_COMMIT <= 0.8170956133193726,0.0735480087429695
MAJOR_LINE,1.0,-0.01726603630689843,0.0,21.0,0.5038021199295812 < MAJOR_LINE <= 1.5086100861008611,0.048266353607529525
