feature,value,importance,min,max,rule,importance_ratio
MAJOR_COMMIT,6.0,0.1744292424045559,0.0,10.0,5.496120711316784 < MAJOR_COMMIT <= 7.505691480300078,0.27291466917078655
CountLineComment,202.0,0.06315473668828392,0.0,4740.0,97.54858712745128 < CountLineComment <= 235.90883570083076,0.09881287009133372
MAJOR_LINE,6.0,0.05830243884276612,0.0,21.0,5.505998299347475 < MAJOR_LINE <= 7.493770580251528,0.09122089042684471
CountOutput_Mean,0.777777777777778,-0.05620694435816245,0.0,28.0,CountOutput_Mean <= 3.873264548197767,0.08794224760221774
CountDeclMethodDefault,34.0,0.055972251283552835,0.0,263.0,29.44901082321957 < CountDeclMethodDefault <= 35.491676583161556,0.08757504321646914
