feature,value,importance,min,max,rule,importance_ratio
CountClassCoupled,19.0,0.10434990808161286,0.0,230.0,16.502179241780798 < CountClassCoupled <= 23.495360010578608,0.20275813924121838
MAJOR_COMMIT,4.0,0.09857263264026321,0.0,10.0,2.504428889822858 < MAJOR_COMMIT <= 4.498890104152141,0.1915325460432264
CountOutput_Mean,7.0,0.06716014753916177,0.0,28.0,CountOutput_Mean > 4.581772384689348,0.13049620068238071
MaxNesting_Mean,1.14285714285714,0.02642121341060492,0.0,6.4,MaxNesting_Mean > 1.0140054051166967,0.05133800466253921
CountClassBase,1.0,-0.026106324936756603,0.0,7.0,0.4965281148435172 < CountClassBase <= 1.500795769117428,0.05072615744389042
