feature,value,importance,min,max,rule,importance_ratio
CountDeclMethodProtected,9.0,0.07521069960563204,0.0,40.0,CountDeclMethodProtected > 7.5042608019255965,0.12205513865112083
CountDeclClass,4.0,0.06866992614795132,1.0,18.0,3.4963557339364515 < CountDeclClass <= 6.495598182757843,0.11144049185952247
AvgEssential,2.0,0.059869301207697075,0.0,4.0,1.4996285479475124 < AvgEssential <= 2.498613057615133,0.09715846147113864
CountDeclInstanceVariable,13.0,0.053416140892170776,0.0,68.0,10.490012821429584 < CountDeclInstanceVariable <= 21.475771289759166,0.08668599703217612
CountClassCoupled,25.0,0.052083542943608195,0.0,70.0,9.4837322829943 < CountClassCoupled <= 27.470932970550695,0.08452340011138076
