feature,value,importance,min,max,rule,importance_ratio
CountDeclInstanceVariable,16.0,0.07071464244932185,0.0,68.0,10.490012821429584 < CountDeclInstanceVariable <= 21.475771289759166,0.11066556696847361
CountClassCoupled,18.0,0.06837531545955965,0.0,70.0,9.4837322829943 < CountClassCoupled <= 27.470932970550695,0.10700461446019759
CountDeclClass,3.0,0.0665664267668859,1.0,18.0,2.5042986162493754 < CountDeclClass <= 3.4963557339364515,0.10417377652021843
CountClassBase,3.0,0.04723898491181016,0.0,9.0,2.498839323741331 < CountClassBase <= 4.502788861793099,0.07392710854795216
CountDeclMethodPrivate,1.0,0.04562384004058081,0.0,21.0,0.49663938447691225 < CountDeclMethodPrivate <= 1.5024396360368288,0.07139947188431613
