feature,value,importance,min,max,rule,importance_ratio
MAJOR_LINE,3.0,0.15235638539620755,0.0,4.0,2.4977331463124495 < MAJOR_LINE <= 3.4980203506026695,0.236533712580384
CountDeclMethodPrivate,6.0,0.12657341920060455,0.0,21.0,4.49844038536424 < CountDeclMethodPrivate <= 9.998241760915272,0.1965055857662628
CountDeclInstanceVariable,22.0,0.0914544562799233,0.0,68.0,CountDeclInstanceVariable > 21.475771289759166,0.1419832980393688
CountClassBase,4.0,0.03326984032729748,0.0,9.0,2.498839323741331 < CountClassBase <= 4.502788861793099,0.05165151975158461
CountDeclMethodProtected,8.0,0.028780620899735557,0.0,40.0,CountDeclMethodProtected > 7.5042608019255965,0.0446819940895795
