feature,value,importance,min,max,rule,importance_ratio
CountDeclClass,10.0,0.15196684091668564,1.0,18.0,6.495598182757843 < CountDeclClass <= 12.50561862828071,0.29354782436706095
CountClassCoupled,42.0,0.12694971502307636,0.0,70.0,38.52109038952732 < CountClassCoupled <= 52.51795645356438,0.2452233159829458
CountDeclInstanceVariable,37.0,0.07083332920205632,0.0,68.0,CountDeclInstanceVariable > 21.475771289759166,0.13682570193940521
MaxNesting_Min,0.0,-0.029202174360676122,0.0,3.0,MaxNesting_Min <= 0.49971537055981996,0.05640858689076579
CountDeclMethodProtected,29.0,0.0276602621071927,0.0,40.0,CountDeclMethodProtected > 7.5042608019255965,0.05343014116770758
