feature,value,importance,min,max,rule,importance_ratio
CountDeclClass,3.0,0.0896669992928317,1.0,18.0,2.5042986162493754 < CountDeclClass <= 3.4963557339364515,0.1588581651136499
CountDeclInstanceVariable,11.0,0.08186981814247692,0.0,68.0,10.490012821429584 < CountDeclInstanceVariable <= 21.475771289759166,0.14504432166653097
CountClassCoupled,24.0,0.06172681812860559,0.0,70.0,9.4837322829943 < CountClassCoupled <= 27.470932970550695,0.10935805974939293
RatioCommentToCode,0.13,0.04504080866583759,0.03,7.5,RatioCommentToCode <= 0.19810732927548025,0.07979636071597573
CountDeclMethodPublic,37.0,0.04128849185739411,0.0,143.0,19.495309567525048 < CountDeclMethodPublic <= 71.96116224848815,0.07314858430084493
