feature,value,importance,min,max,rule,importance_ratio
CountClassCoupled,31.0,0.12647870384642138,0.0,70.0,27.470932970550695 < CountClassCoupled <= 38.52109038952732,0.24746471303322815
CountClassBase,5.0,0.12526325314968995,0.0,9.0,CountClassBase > 4.502788861793099,0.24508659601648589
MaxNesting_Min,0.0,-0.03169313520499429,0.0,3.0,MaxNesting_Min <= 0.49971537055981996,0.062009906570125894
CountDeclClass,6.0,0.03136379939710898,1.0,18.0,3.4963557339364515 < CountDeclClass <= 6.495598182757843,0.06136553729125611
CountDeclInstanceVariable,18.0,0.023179891898398322,0.0,68.0,10.490012821429584 < CountDeclInstanceVariable <= 21.475771289759166,0.04535313157338853
