feature,value,importance,min,max,rule,importance_ratio
CountDeclMethodProtected,7.0,0.18158658739734007,0.0,40.0,6.509690068776928 < CountDeclMethodProtected <= 7.5042608019255965,0.3417445863197409
CountDeclMethodPrivate,3.0,0.054444468524861,0.0,21.0,1.5024396360368288 < CountDeclMethodPrivate <= 4.49844038536424,0.10246407865308738
CountDeclInstanceVariable,12.0,0.032743074421595374,0.0,68.0,10.490012821429584 < CountDeclInstanceVariable <= 21.475771289759166,0.06162221881817529
CountDeclMethodPublic,25.0,0.03007172914990041,0.0,143.0,19.495309567525048 < CountDeclMethodPublic <= 71.96116224848815,0.05659476718819899
RatioCommentToCode,0.12,0.029356138224988945,0.03,7.5,RatioCommentToCode <= 0.19810732927548025,0.05524803047094951
