Antecedent,Antecedent Coverage %,Confidence,Lift
3.02 < CountOutput_Mean <= 4.32 & -0.63 < CountClassDerived <= 0.12,0.10893,0.97131,1.16537
OWN_COMMIT <= 0.135,0.20313,0.95385,1.14441
Added_lines <= -3.5,0.11741,0.95057,1.14048
0.95 < CountClassCoupled <= 3.1,0.22411,0.9502,1.14004
1.1 < MaxInheritanceTree <= 1.94,0.15759,0.93768,1.12501
CountClassCoupled <= 0.95,0.18393,0.93689,1.12407
MaxInheritanceTree <= 1.1,0.21964,0.93089,1.11687
1.68 < CountOutput_Mean <= 3.02,0.20313,0.92527,1.11013
-0.08 < MAJOR_LINE <= 0.47,0.31339,0.9245,1.1092
