Antecedent,Antecedent Coverage %,Confidence,Lift
Added_lines <= -2,0.11786,0.95833,1.15848
RatioCommentToCode > 1.67,0.20045,0.95768,1.1577
-2 < Added_lines <= 26,0.31027,0.95108,1.14971
3.05 < CountClassCoupled <= 6.35,0.19464,0.94266,1.13954
OWN_COMMIT <= 0.16,0.20714,0.9375,1.1333
CountDeclMethodPublic <= 0.9,0.14554,0.92638,1.11986
CountClassCoupled <= 0.7,0.19866,0.9236,1.11649
1.58 < CountOutput_Mean <= 2.92,0.21116,0.91332,1.10407
MaxInheritanceTree <= 1.09,0.22143,0.90524,1.0943
