Antecedent,Antecedent Coverage %,Confidence,Lift
RatioCommentToCode > 1.56,0.20134,0.96674,1.14335
Added_lines <= -6,0.11384,0.96078,1.1363
0.8 < CountClassCoupled <= 3.05,0.23214,0.95769,1.13265
3.05 < CountClassCoupled <= 5.85,0.17232,0.95596,1.1306
CountOutput_Mean <= 1.6,0.19286,0.95139,1.12519
MaxInheritanceTree <= 1.075,0.22634,0.94675,1.1197
OWN_COMMIT <= 0.075,0.20045,0.94432,1.11683
CountClassCoupled <= 0.8,0.18929,0.94104,1.11295
1.075 < MaxInheritanceTree <= 1.87,0.16652,0.93834,1.10976
