feature,value,importance,left,right,rec,rule,min,max
CountClassCoupled,37.0,0.016177837519508714,0.0,18.441101210186808,-1,18.441101210186808 < CountClassCoupled <= 44.53474392232296,0.0,242.0
PercentLackOfCohesion,100.0,0.005028598582912647,0.0,99.46744332878954,-1,PercentLackOfCohesion > 99.46744332878954,0.0,100.0
CountInput_Mean,6.475,-0.004494390716357399,9.03539252913872,45.75,1,3.3221428542360463 < CountInput_Mean <= 9.03539252913872,0.0,45.75
RatioCommentToCode,0.42,-0.0007117643958857194,0.4691813612981043,43.0,1,0.3453902620365129 < RatioCommentToCode <= 0.4691813612981043,0.0,43.0
