Antecedent,Antecedent Coverage %,Confidence,Lift
CountDeclClass <= 0.665,0.08657,0.99454,1.09161
CountClassCoupled <= 1.05,0.21618,0.99344,1.09041
CountOutput_Mean <= 1.82,0.20057,0.99057,1.08726
AvgLineBlank <= -0.23,0.09981,0.99052,1.08721
RatioCommentToCode > 1.44,0.1982,0.99045,1.08713
CountDeclClassVariable <= -0.225,0.09555,0.9901,1.08674
1.82 < CountOutput_Mean <= 3.08,0.21287,0.98667,1.08298
AvgLineComment <= -0.01,0.12394,0.98473,1.08085
CountInput_Mean <= 1.62,0.19347,0.98289,1.07883
