feature,value,importance,min,max,rule,importance_ratio
MAJOR_COMMIT,3.0,0.09143138570906001,0.0,10.0,2.504428889822858 < MAJOR_COMMIT <= 4.498890104152141,0.18216029759612887
CountOutput_Mean,13.8888888888889,0.06462630819187085,0.0,28.0,CountOutput_Mean > 4.581772384689348,0.12875608787370488
RatioCommentToCode,0.11,0.03463462636290641,0.0,267.0,0.06654115773676095 < RatioCommentToCode <= 0.06654115773676095,0.0690031524346961
OWN_COMMIT,0.333333333333333,0.0322646752675424,0.0,1.0,0.30578000733389993 < OWN_COMMIT <= 0.48027660302735486,0.06428145874634372
CountClassCoupled,14.0,0.031032675285377783,0.0,230.0,9.508998472982986 < CountClassCoupled <= 16.502179241780798,0.061826924325268075
