feature,value,importance,min,max,rule,importance_ratio
MAJOR_COMMIT,4.0,0.08314105420685437,0.0,10.0,2.504428889822858 < MAJOR_COMMIT <= 4.498890104152141,0.15877791597883753
CountOutput_Mean,4.83783783783784,0.06594105774454721,0.0,28.0,CountOutput_Mean > 4.581772384689348,0.12593037009213454
MAJOR_LINE,6.0,0.06045196719159027,0.0,21.0,5.505998299347475 < MAJOR_LINE <= 7.493770580251528,0.1154476264352015
OWN_COMMIT,0.4,0.03861577576056828,0.0,1.0,0.30578000733389993 < OWN_COMMIT <= 0.48027660302735486,0.07374614692657647
CountLineComment,236.0,0.03512440460815248,0.0,4740.0,97.54858712745128 < CountLineComment <= 235.90883570083076,0.06707853077980513
