feature,value,importance,min,max,rule,importance_ratio
MAJOR_COMMIT,8.0,0.16361837333030396,0.0,10.0,MAJOR_COMMIT > 7.505691480300078,0.21103466729009945
CountClassCoupled,58.0,0.1450825415810422,0.0,230.0,CountClassCoupled > 42.555205635341274,0.1871271866903872
MAJOR_LINE,10.0,0.10049825866175428,0.0,21.0,7.493770580251528 < MAJOR_LINE <= 11.993562776583781,0.12962246322485346
CountLineComment,751.0,0.08503618479215841,0.0,4740.0,CountLineComment > 423.10211318246184,0.1096795097027703
CountOutput_Mean,5.605,0.060892545289550286,0.0,28.0,CountOutput_Mean > 4.581772384689348,0.07853908930927815
