feature,value,importance,min,max,rule,importance_ratio
CountClassCoupled,23.0,0.10546494742687823,0.0,230.0,16.502179241780798 < CountClassCoupled <= 23.495360010578608,0.1726340447205782
MAJOR_COMMIT,3.0,0.10009676389346761,0.0,10.0,2.504428889822858 < MAJOR_COMMIT <= 4.498890104152141,0.16384694285606904
MAJOR_LINE,6.0,0.06783798518300033,0.0,21.0,5.505998299347475 < MAJOR_LINE <= 7.493770580251528,0.11104301527249763
CountOutput_Mean,3.32558139534884,-0.048251929878758336,0.0,28.0,CountOutput_Mean <= 3.873264548197767,0.07898288506064195
RatioCommentToCode,0.12,0.03946619350625404,0.0,267.0,0.06654115773676095 < RatioCommentToCode <= 0.06654115773676095,0.06460164045910552
