feature,value,importance,min,max,rule,importance_ratio
CountClassCoupled,25.0,0.1503126779766768,0.0,230.0,23.495360010578608 < CountClassCoupled <= 42.555205635341274,0.25866862886074504
MAJOR_COMMIT,3.0,0.09948906328643017,0.0,10.0,2.504428889822858 < MAJOR_COMMIT <= 4.498890104152141,0.17120777790236627
CountOutput_Mean,10.625,0.06383632245956786,0.0,28.0,CountOutput_Mean > 4.581772384689348,0.10985403376747069
MAJOR_LINE,4.0,0.036596071959999164,0.0,21.0,3.496382367004915 < MAJOR_LINE <= 5.505998299347475,0.06297709470022861
CountClassBase,1.0,-0.024356084362716315,0.0,7.0,0.4965281148435172 < CountClassBase <= 1.500795769117428,0.04191366311428517
