feature,value,importance,min,max,rule,importance_ratio
CountOutput_Mean,24.3333333333333,0.06136908878608222,0.0,28.0,CountOutput_Mean > 4.581772384689348,0.11848781011831046
RatioCommentToCode,0.08,0.04130582257652801,0.0,267.0,0.06654115773676095 < RatioCommentToCode <= 0.06654115773676095,0.07975084132808936
OWN_COMMIT,0.666666666666667,0.03646504839718472,0.0,1.0,0.48027660302735486 < OWN_COMMIT <= 0.8170956133193726,0.07040456060055594
MINOR_LINE,2.0,-0.03483118218223002,1.0,7.0,1.5005580521741972 < MINOR_LINE <= 2.4972751068731913,0.06724998826347767
CountClassCoupled,15.0,0.031919104756390926,0.0,230.0,9.508998472982986 < CountClassCoupled <= 16.502179241780798,0.06162752125430655
