feature,value,importance,min,max,rule,importance_ratio
MAJOR_COMMIT,8.0,0.15890180476379698,0.0,10.0,MAJOR_COMMIT > 7.505691480300078,0.22139214852723468
CountClassCoupled,88.0,0.13625926775267838,0.0,230.0,CountClassCoupled > 42.555205635341274,0.18984511906177026
MAJOR_LINE,17.0,0.10570201785994951,0.0,21.0,MAJOR_LINE > 11.993562776583781,0.14727080584430216
CountLineComment,478.0,0.08128005332971976,0.0,4740.0,CountLineComment > 423.10211318246184,0.11324456425037828
CountOutput_Mean,13.212962962963,0.05653127494221163,0.0,28.0,CountOutput_Mean > 4.581772384689348,0.0787629847064614
