feature,value,importance,min,max,rule,importance_ratio
MAJOR_COMMIT,7.0,0.17139480856527078,0.0,10.0,5.496120711316784 < MAJOR_COMMIT <= 7.505691480300078,0.23349026404428924
CountClassCoupled,34.0,0.15042822497952835,0.0,230.0,23.495360010578608 < CountClassCoupled <= 42.555205635341274,0.2049275953233323
CountLineComment,155.0,0.06504692550866141,0.0,4740.0,97.54858712745128 < CountLineComment <= 235.90883570083076,0.08861309125651096
CountOutput_Mean,8.28947368421053,0.05923049973173347,0.0,28.0,CountOutput_Mean > 4.581772384689348,0.08068940440848295
MAJOR_LINE,7.0,0.046956444478565444,0.0,21.0,5.505998299347475 < MAJOR_LINE <= 7.493770580251528,0.06396852221872273
