feature,value,importance,min,max,rule,importance_ratio
CountClassCoupled,28.0,0.14261010997832838,0.0,230.0,23.495360010578608 < CountClassCoupled <= 42.555205635341274,0.23908809139095433
MAJOR_COMMIT,4.0,0.0923102890598786,0.0,10.0,2.504428889822858 < MAJOR_COMMIT <= 4.498890104152141,0.15475965084402193
CountLineComment,106.0,0.0635077500928718,0.0,4740.0,97.54858712745128 < CountLineComment <= 235.90883570083076,0.10647174145329412
CountOutput_Mean,8.78947368421053,0.06094549492622669,0.0,28.0,CountOutput_Mean > 4.581772384689348,0.10217608038450395
MAJOR_LINE,5.0,0.04526777529722138,0.0,21.0,3.496382367004915 < MAJOR_LINE <= 5.505998299347475,0.07589213695278656
