feature,value,importance,min,max,rule,importance_ratio
CountClassCoupled,35.0,0.10728087904810091,0.0,230.0,23.495360010578608 < CountClassCoupled <= 42.555205635341274,0.13278282601099067
CountOutput_Mean,5.8125,0.06348155170527121,0.0,28.0,CountOutput_Mean > 4.581772384689348,0.07857187515409299
MAJOR_COMMIT,3.0,0.06203191744215805,0.0,10.0,2.504428889822858 < MAJOR_COMMIT <= 4.498890104152141,0.0767776455034185
CountClassDerived,0.0,-0.059926893803032705,0.0,48.0,CountClassDerived <= 5.5085274972528095,0.07417223259011006
CountLineComment,115.0,0.05230961229817241,0.0,4740.0,97.54858712745128 < CountLineComment <= 235.90883570083076,0.06474423224455822
