feature,value,importance,min,max,rule,importance_ratio
MAJOR_COMMIT,6.0,0.1684914211607096,0.0,10.0,5.496120711316784 < MAJOR_COMMIT <= 7.505691480300078,0.2006553427106729
CountClassCoupled,72.0,0.1619329845351292,0.0,230.0,CountClassCoupled > 42.555205635341274,0.1928449429901028
MAJOR_LINE,15.0,0.09667422454664674,0.0,21.0,MAJOR_LINE > 11.993562776583781,0.1151287081803035
CountDeclMethodDefault,42.0,0.06994503359898442,0.0,263.0,35.491676583161556 < CountDeclMethodDefault <= 43.47662776594204,0.08329708771538646
CountLineComment,531.0,0.0636835704162337,0.0,4740.0,CountLineComment > 423.10211318246184,0.07584035174538868
