feature,value,importance,min,max,rule,importance_ratio
CountClassCoupled,23.0,0.1270646926022271,0.0,230.0,16.502179241780798 < CountClassCoupled <= 23.495360010578608,0.14524924498062666
CountLineComment,700.0,0.10346464120827573,0.0,4740.0,CountLineComment > 423.10211318246184,0.11827173001345677
CountInput_Mean,0.88135593220339,0.10084214254262168,0.0,57.3076923076923,0.8492549229691786 < CountInput_Mean <= 0.8892725957587202,0.11527391887215571
MAJOR_COMMIT,3.0,0.09438162549570848,0.0,10.0,2.504428889822858 < MAJOR_COMMIT <= 4.498890104152141,0.10788882074591066
AvgLineComment,11.0,0.0868779030655676,0.0,41.0,10.487645881505212 < AvgLineComment <= 37.51398548531001,0.09931122145218638
