feature,value,importance,min,max,rule,importance_ratio
MAJOR_COMMIT,7.0,0.15498312202127554,0.0,10.0,5.496120711316784 < MAJOR_COMMIT <= 7.505691480300078,0.23984820809660964
CountClassCoupled,23.0,0.11189050710753841,0.0,230.0,16.502179241780798 < CountClassCoupled <= 23.495360010578608,0.17315909811830996
CountOutput_Mean,9.5,0.058265411640331166,0.0,28.0,CountOutput_Mean > 4.581772384689348,0.09017017074947266
CountClassDerived,2.0,-0.04872207441440896,0.0,48.0,CountClassDerived <= 5.5085274972528095,0.07540112813988521
MAJOR_LINE,5.0,0.03848937150168276,0.0,21.0,3.496382367004915 < MAJOR_LINE <= 5.505998299347475,0.059565239524443446
