feature,value,importance,left,right,rec,rule,min,max
CountDeclMethodPublic,14.0,0.02841488136925214,0.0,13.483597281164696,-1,13.483597281164696 < CountDeclMethodPublic <= 19.495309567525048,0.0,143.0
CountClassCoupled,13.0,0.026249640113859666,0.0,9.4837322829943,-1,9.4837322829943 < CountClassCoupled <= 27.470932970550695,0.0,70.0
CountDeclInstanceVariable,12.0,0.01821984425307803,0.0,10.490012821429584,-1,10.490012821429584 < CountDeclInstanceVariable <= 21.475771289759166,0.0,68.0
PercentLackOfCohesion,85.0,0.010804686062550143,0.0,66.63065265359873,-1,66.63065265359873 < PercentLackOfCohesion <= 89.61016607129046,0.0,100.0
MAJOR_LINE,2.0,0.0028935587349433853,0.0,1.49744594202223,-1,1.49744594202223 < MAJOR_LINE <= 2.4977331463124495,0.0,4.0
