feature,value,importance,left,right,rec,rule,min,max
CountDeclMethodPublic,44.0,0.043741801879009265,0.0,19.495309567525048,-1,19.495309567525048 < CountDeclMethodPublic <= 71.96116224848815,0.0,143.0
CountClassCoupled,13.0,0.02683219741391775,0.0,9.4837322829943,-1,9.4837322829943 < CountClassCoupled <= 27.470932970550695,0.0,70.0
CountDeclInstanceVariable,19.0,0.016454287437738153,0.0,10.490012821429584,-1,10.490012821429584 < CountDeclInstanceVariable <= 21.475771289759166,0.0,68.0
