feature,value,importance,left,right,rec,rule,min,max
CountDeclMethodPublic,26.0,0.04059137323272823,0.0,19.495309567525048,-1,19.495309567525048 < CountDeclMethodPublic <= 71.96116224848815,0.0,143.0
CountClassCoupled,14.0,0.036119425258697865,0.0,9.4837322829943,-1,9.4837322829943 < CountClassCoupled <= 27.470932970550695,0.0,70.0
MAJOR_LINE,0.0,0.015324438270238301,0.0,0.0,-1,MAJOR_LINE <= 0.49715873773201025,0.0,4.0
PercentLackOfCohesion,82.0,0.0068185276712484704,0.0,66.63065265359873,-1,66.63065265359873 < PercentLackOfCohesion <= 89.61016607129046,0.0,100.0
CountDeclInstanceVariable,8.0,0.00011662621920454285,0.0,6.5096655502956775,-1,6.5096655502956775 < CountDeclInstanceVariable <= 10.490012821429584,0.0,68.0
