feature,value,importance,left,right,rec,rule,min,max
CountDeclInstanceVariable,31.0,0.08478423053339865,0.0,21.475771289759166,-1,CountDeclInstanceVariable > 21.475771289759166,0.0,68.0
CountDeclMethodPublic,77.0,0.07521934946543667,0.0,71.96116224848815,-1,CountDeclMethodPublic > 71.96116224848815,0.0,143.0
CountClassCoupled,18.0,0.030467695639881887,0.0,9.4837322829943,-1,9.4837322829943 < CountClassCoupled <= 27.470932970550695,0.0,70.0
