feature,value,importance,left,right,rec,rule,min,max
CountDeclInstanceVariable,71.0,0.08881376285893308,0.0,21.475771289759166,-1,CountDeclInstanceVariable > 21.475771289759166,0.0,68.0
CountDeclMethodPublic,157.0,0.061058635956423364,0.0,71.96116224848815,-1,CountDeclMethodPublic > 71.96116224848815,0.0,143.0
CountClassCoupled,64.0,0.05320627203552307,0.0,52.51795645356438,-1,CountClassCoupled > 52.51795645356438,0.0,70.0
MAJOR_LINE,3.0,0.025902841093216104,0.0,2.4977331463124495,-1,2.4977331463124495 < MAJOR_LINE <= 3.4980203506026695,0.0,4.0
