feature,value,importance,min,max,rule,importance_ratio
CountClassCoupled,22.0,0.15118495991287728,0.0,71.0,21.526921993333502 < CountClassCoupled <= 36.46242405600909,0.26636610764451946
Added_lines,22.0,-0.04776594393380414,0.0,1401.0,0.4309102957807909 < Added_lines <= 53.861024501088394,0.08415670825289577
CountDeclClass,1.0,-0.03988253115326132,1.0,34.0,CountDeclClass <= 1.4901027318234341,0.07026727124462236
RatioCommentToCode,0.22,0.03950075390467544,0.0,17.89,0.07999313431515842 < RatioCommentToCode <= 0.24340607599558495,0.06959463476178929
OWN_COMMIT,0.428571428571429,0.0324175308554494,0.0,1.0,0.10191642891537722 < OWN_COMMIT <= 0.6839985370312259,0.057115016721161815
