feature,value,importance,min,max,rule,importance_ratio
CountClassCoupled,52.0,0.1142384350645645,0.0,71.0,CountClassCoupled > 36.46242405600909,0.15306138747055162
CountDeclMethodPublic,90.0,0.11263026474721556,0.0,148.0,CountDeclMethodPublic > 47.97160621632762,0.1509066942631099
CountDeclClass,34.0,0.08744706067847698,1.0,34.0,CountDeclClass > 5.505916789178754,0.11716519427200214
MaxInheritanceTree,4.0,0.0674732750625529,0.0,6.0,3.5043507807030476 < MaxInheritanceTree <= 4.500181337601978,0.0904034889170152
MAJOR_LINE,9.0,0.04543388205234695,0.0,13.0,MAJOR_LINE > 6.501702411360784,0.060874197210206045
