feature,value,importance,min,max,rule,importance_ratio
CountClassCoupled,25.0,0.14761259676295466,0.0,71.0,21.526921993333502 < CountClassCoupled <= 36.46242405600909,0.23313409923629683
CountOutput_Mean,9.0,0.08294116090763821,0.0,22.0,CountOutput_Mean > 7.862476607160486,0.1309943274615417
Added_lines,37.0,-0.04704162800524259,0.0,1401.0,0.4309102957807909 < Added_lines <= 53.861024501088394,0.07429587861815533
CountClassDerived,0.0,-0.040723760470950596,0.0,174.0,CountClassDerived <= 4.520645138566945,0.06431766274091079
CountDeclClass,4.0,0.03431612837473484,1.0,34.0,2.4940562461622644 < CountDeclClass <= 4.501963274839924,0.054197675898678487
