feature,value,importance,min,max,rule,importance_ratio
Added_lines,353.0,0.11263971215964402,0.0,1401.0,134.0061958090498 < Added_lines <= 623.7822426910362,0.17048017575751745
CountOutput_Mean,11.2,0.09538950074247084,0.0,22.0,CountOutput_Mean > 7.862476607160486,0.14437198515697683
CountClassCoupled,7.0,0.08708106167084226,0.0,71.0,5.519127474876073 < CountClassCoupled <= 9.501928024922897,0.1317971647313496
CountDeclClass,1.0,-0.042033847105878853,1.0,34.0,CountDeclClass <= 1.4901027318234341,0.06361821692351784
CountDeclMethodProtected,4.0,0.03165377408937693,0.0,25.0,2.4932134264215544 < CountDeclMethodProtected <= 6.491302142346524,0.04790797904825528
