feature,value,importance,min,max,rule,importance_ratio
Added_lines,339.0,0.09970581352300208,0.0,1401.0,134.0061958090498 < Added_lines <= 623.7822426910362,0.15190964047183067
MaxInheritanceTree,4.0,0.08729168122555261,0.0,6.0,3.5043507807030476 < MaxInheritanceTree <= 4.500181337601978,0.13299573457766503
CountDeclClass,5.0,0.07677301043179648,1.0,34.0,4.501963274839924 < CountDeclClass <= 5.505916789178754,0.11696971320477478
PercentLackOfCohesion,100.0,0.06652268085002683,0.0,100.0,PercentLackOfCohesion > 99.41790724863138,0.10135253075106389
CountClassCoupled,6.0,0.05491068984445891,0.0,71.0,5.519127474876073 < CountClassCoupled <= 9.501928024922897,0.08366075013677698
