feature,value,importance,min,max,rule,importance_ratio
CountClassCoupled,16.0,0.09333426334495994,0.0,71.0,9.501928024922897 < CountClassCoupled <= 21.526921993333502,0.15205377156852365
CountDeclMethodPublic,26.0,0.07181465213705913,0.0,148.0,25.49405915268499 < CountDeclMethodPublic <= 47.97160621632762,0.11699549897300435
CountDeclInstanceVariable,7.0,0.05096749944667671,0.0,60.0,5.515405866258188 < CountDeclInstanceVariable <= 7.516396436789253,0.08303274960922832
Added_lines,46.0,-0.039457639719336385,0.0,1401.0,0.4309102957807909 < Added_lines <= 53.861024501088394,0.06428167664796879
OWN_COMMIT,0.5,0.039169725895007196,0.0,1.0,0.10191642891537722 < OWN_COMMIT <= 0.6839985370312259,0.06381262721952718
