feature,value,importance,min,max,rule,importance_ratio
AvgEssential,1.0,-0.06813410109876801,0.0,55.0,0.5091365578885154 < AvgEssential <= 2.501750234500038,0.09543465455338282
CountClassDerived,0.0,-0.0629075715562398,0.0,174.0,CountClassDerived <= 4.520645138566945,0.08811391452217326
MaxInheritanceTree,4.0,0.05273583986454421,0.0,6.0,3.5043507807030476 < MaxInheritanceTree <= 4.500181337601978,0.07386648651546228
PercentLackOfCohesion,87.0,0.04913538490218417,0.0,100.0,83.37562359230674 < PercentLackOfCohesion <= 99.41790724863138,0.0688233705129521
CountClassCoupled,4.0,-0.04563455485952886,0.0,71.0,3.5277271998526603 < CountClassCoupled <= 5.519127474876073,0.06391979799371393
