feature,value,importance,min,max,rule,importance_ratio
CountClassCoupled,35.0,0.1493349925928539,0.0,71.0,21.526921993333502 < CountClassCoupled <= 36.46242405600909,0.170763921874023
Added_lines,537.0,0.10157233732152596,0.0,1401.0,134.0061958090498 < Added_lines <= 623.7822426910362,0.11614753095561456
CountDeclMethodPublic,40.0,0.08935429875560133,0.0,148.0,25.49405915268499 < CountDeclMethodPublic <= 47.97160621632762,0.1021762563943086
CountDeclMethodDefault,31.0,0.07411997901666954,0.0,78.0,CountDeclMethodDefault > 24.514843132206153,0.08475587728198981
CountDeclClass,5.0,0.07076463978897991,1.0,34.0,4.501963274839924 < CountDeclClass <= 5.505916789178754,0.08091906130343225
