feature,value,importance,min,max,rule,importance_ratio
CountDeclClassVariable,10.0,0.1169377673409649,0.0,60.0,5.5163314353718 < CountDeclClassVariable <= 17.50873267622537,0.12688245052133998
RatioCommentToCode,0.01,0.09741759454800175,0.0,17.89,RatioCommentToCode <= 0.07999313431515842,0.10570223291594101
OWN_COMMIT,0.5,0.07568695620359855,0.0,1.0,0.10191642891537722 < OWN_COMMIT <= 0.6839985370312259,0.08212356618382038
CountClassCoupled,3.0,-0.05723686760349914,0.0,71.0,1.5363269248292477 < CountClassCoupled <= 3.5277271998526603,0.06210443543463623
MaxInheritanceTree,1.0,-0.05522486387958364,0.0,6.0,0.4947295420751703 < MaxInheritanceTree <= 1.501624882939644,0.05992132583066973
