{
    "30": {
        "CountDeclInstanceVariable": [
            15.0,
            14.0,
            13.0,
            12.0,
            10.5,
            8.5,
            6.5,
            4.5,
            2.5,
            0.5
        ],
        "CountClassCoupled": [
            11.0,
            10.0,
            9.0,
            8.0,
            7.0,
            6.0,
            5.0,
            4.0,
            2.5,
            0.5
        ],
        "CountDeclClass": [
            7,
            6,
            5,
            4,
            3,
            2,
            1,
            0
        ],
        "CountInput_Mean": [
            9.0,
            9.245000000000001,
            9.833333333333336,
            10.789215686274549,
            11.96666666666665,
            17.0490909090909,
            21.0576923076923,
            23.4,
            27.6527777777778,
            37.125
        ]
    },
    "49": {
        "CountDeclInstanceVariable": [
            17.0,
            15.0,
            14.0,
            12.5,
            10.5,
            8.5,
            6.5,
            4.5,
            2.5,
            0.5
        ],
        "CountClassCoupled": [
            32.0,
            28.0,
            24.0,
            19.0,
            16.0,
            13.0,
            10.0,
            7.0,
            4.0,
            1.0
        ],
        "CountDeclClass": [
            9,
            8,
            7,
            6,
            5,
            4,
            3,
            2,
            1,
            0
        ],
        "CountInput_Mean": [
            9.0,
            9.245000000000001,
            9.833333333333336,
            10.789215686274549,
            11.96666666666665,
            17.0490909090909,
            21.0576923076923,
            23.4,
            27.6527777777778,
            37.125
        ]
    },
    "252": {
        "CountDeclInstanceVariable": [
            17.0,
            15.0,
            14.0,
            12.5,
            10.5,
            8.5,
            6.5,
            4.5,
            2.5,
            0.5
        ],
        "CountClassCoupled": [
            11.0,
            10.0,
            9.0,
            8.0,
            7.0,
            6.0,
            5.0,
            4.0,
            2.5,
            0.5
        ],
        "CountInput_Mean": [
            7.187134502923975,
            5.48076923076923,
            4.39903846153846,
            3.783625730994155,
            3.3,
            2.875,
            2.42857142857143,
            1.95652173913043,
            1.41666666666667,
            0.6
        ],
        "CountDeclClass": [
            1,
            0
        ],
        "OWN_COMMIT": [
            0.454545454545455,
            0.444444444444444,
            0.428571428571429,
            0.407407407407407,
            0.4,
            0.333333333333333,
            0.0
        ]
    },
    "340": {
        "CountClassCoupled": [
            61.0,
            52.0,
            43.0,
            30.0,
            22.5,
            17.5,
            13.5,
            9.5,
            5.5,
            1.5
        ],
        "CountDeclInstanceVariable": [
            17.0,
            15.0,
            14.0,
            12.5,
            10.5,
            8.5,
            6.5,
            4.5,
            2.5,
            0.5
        ],
        "CountDeclClass": [
            9,
            8,
            7,
            6,
            5,
            4,
            3,
            2,
            1,
            0
        ],
        "CountInput_Mean": [
            9.0,
            9.245000000000001,
            9.833333333333336,
            10.789215686274549,
            11.96666666666665,
            17.0490909090909,
            21.0576923076923,
            23.4,
            27.6527777777778,
            37.125
        ]
    },
    "358": {
        "CountClassCoupled": [
            11.0,
            10.0,
            9.0,
            8.0,
            7.0,
            6.0,
            5.0,
            4.0,
            2.5,
            0.5
        ],
        "CountDeclInstanceVariable": [
            8,
            7,
            6,
            5,
            4,
            3,
            2,
            1,
            0
        ],
        "CountDeclClass": [
            1,
            0
        ],
        "CountInput_Mean": [
            9.0,
            9.245000000000001,
            9.833333333333336,
            10.789215686274549,
            11.96666666666665,
            17.0490909090909,
            21.0576923076923,
            23.4,
            27.6527777777778,
            37.125
        ]
    },
    "359": {
        "CountDeclClass": [
            9,
            8,
            7,
            6,
            5,
            4,
            3,
            2,
            1,
            0
        ],
        "CountClassCoupled": [
            11.0,
            10.0,
            9.0,
            8.0,
            7.0,
            6.0,
            5.0,
            4.0,
            2.5,
            0.5
        ],
        "OWN_COMMIT": [
            0.454545454545455,
            0.444444444444444,
            0.428571428571429,
            0.407407407407407,
            0.4,
            0.333333333333333,
            0.0
        ],
        "CountDeclInstanceVariable": [
            1,
            0
        ],
        "CountInput_Mean": [
            2.4,
            2.24561403508772,
            2.125,
            1.88888888888889,
            1.75,
            1.55555555555556,
            1.25,
            1.0,
            0.631578947368421,
            0.2287581699346405
        ]
    },
    "390": {
        "OWN_COMMIT": [
            0.0
        ],
        "CountClassCoupled": [
            11.0,
            10.0,
            9.0,
            8.0,
            7.0,
            6.0,
            5.0,
            4.0,
            2.5,
            0.5
        ],
        "CountDeclInstanceVariable": [
            8,
            7,
            6,
            5,
            4,
            3,
            2,
            1,
            0
        ],
        "CountInput_Mean": [
            2.4,
            2.24561403508772,
            2.125,
            1.88888888888889,
            1.75,
            1.55555555555556,
            1.25,
            1.0,
            0.631578947368421,
            0.2287581699346405
        ]
    },
    "439": {
        "CountDeclInstanceVariable": [
            15.0,
            14.0,
            13.0,
            12.0,
            10.5,
            8.5,
            6.5,
            4.5,
            2.5,
            0.5
        ],
        "CountClassCoupled": [
            32.0,
            28.0,
            24.0,
            19.0,
            16.0,
            13.0,
            10.0,
            7.0,
            4.0,
            1.0
        ],
        "CountDeclClass": [
            9,
            8,
            7,
            6,
            5,
            4,
            3,
            2,
            1,
            0
        ],
        "CountInput_Mean": [
            2.64576802507837,
            2.98873873873874,
            3.267857142857145,
            3.62908496732026,
            4.04700854700855,
            4.625,
            5.38461538461539,
            6.4,
            7.66666666666667,
            18.8181818181818
        ]
    }
}