feature,value,importance,left,right,rec,rule,min,max
CountClassCoupled,46.0,0.32096273305100526,0.0,42.555205635341274,-1,CountClassCoupled > 42.555205635341274,0.0,230.0
MAJOR_LINE,6.0,0.08694491207445663,0.0,5.505998299347475,-1,5.505998299347475 < MAJOR_LINE <= 7.493770580251528,0.0,21.0
MINOR_LINE,3.0,-0.02124462498270521,3.5048260426015228,7.0,1,2.4972751068731913 < MINOR_LINE <= 3.5048260426015228,1.0,7.0
PercentLackOfCohesion,67.0,0.015509041126756282,0.0,66.34431027230274,-1,66.34431027230274 < PercentLackOfCohesion <= 67.44600992648928,0.0,100.0
