feature,value,importance,left,right,rec,rule,min,max
MAJOR_COMMIT,3.0,0.0957293056139135,0.0,2.504428889822858,-1,2.504428889822858 < MAJOR_COMMIT <= 4.498890104152141,0.0,10.0
CountClassCoupled,3.0,-0.030002575637209376,3.475666045000562,230.0,1,0.4589998310093497 < CountClassCoupled <= 3.475666045000562,0.0,230.0
MINOR_LINE,4.0,0.01913012663593134,1.0,3.5048260426015228,-1,3.5048260426015228 < MINOR_LINE <= 5.498260151999511,1.0,7.0
PercentLackOfCohesion,100.0,0.00799185357242098,0.0,98.66083346177467,-1,PercentLackOfCohesion > 98.66083346177467,0.0,100.0
