feature,value,importance,left,right,rec,rule,min,max
PercentLackOfCohesion,100.0,0.02637269612018176,0.0,98.66083346177467,-1,PercentLackOfCohesion > 98.66083346177467,0.0,100.0
MAJOR_LINE,2.0,-0.0190356434080194,2.4915744008336347,21.0,1,1.5086100861008611 < MAJOR_LINE <= 2.4915744008336347,0.0,21.0
MINOR_LINE,2.0,-0.016200892565520906,2.4972751068731913,7.0,1,1.5005580521741972 < MINOR_LINE <= 2.4972751068731913,1.0,7.0
CountClassCoupled,15.0,0.0058453071578005245,0.0,9.508998472982986,-1,9.508998472982986 < CountClassCoupled <= 16.502179241780798,0.0,230.0
