feature,value,importance,left,right,rec,rule,min,max
CountClassCoupled,55.0,0.289134310928143,0.0,42.555205635341274,-1,CountClassCoupled > 42.555205635341274,0.0,230.0
PercentLackOfCohesion,99.0,0.0247711161645334,0.0,98.66083346177467,-1,PercentLackOfCohesion > 98.66083346177467,0.0,100.0
MAJOR_LINE,4.0,0.02109389001969463,0.0,3.496382367004915,-1,3.496382367004915 < MAJOR_LINE <= 5.505998299347475,0.0,21.0
MINOR_LINE,3.0,-0.011463921649162741,3.5048260426015228,7.0,1,2.4972751068731913 < MINOR_LINE <= 3.5048260426015228,1.0,7.0
