feature,value,importance,left,right,rec,rule,min,max
MINOR_LINE,2.0,-0.02017116527578483,2.4972751068731913,7.0,1,1.5005580521741972 < MINOR_LINE <= 2.4972751068731913,1.0,7.0
CountClassCoupled,14.0,0.018523986855973753,0.0,9.508998472982986,-1,9.508998472982986 < CountClassCoupled <= 16.502179241780798,0.0,230.0
MAJOR_LINE,2.0,-0.01287394717889196,2.4915744008336347,21.0,1,1.5086100861008611 < MAJOR_LINE <= 2.4915744008336347,0.0,21.0
PercentLackOfCohesion,50.0,-0.010041148171067717,66.34431027230274,100.0,1,31.457154556395533 < PercentLackOfCohesion <= 66.34431027230274,0.0,100.0
