feature,value,importance,left,right,rec,rule,min,max
MAJOR_LINE,11.0,0.17942365317917416,0.0,7.493770580251528,-1,7.493770580251528 < MAJOR_LINE <= 11.993562776583781,0.0,21.0
CountClassCoupled,18.0,0.045699161548025946,0.0,16.502179241780798,-1,16.502179241780798 < CountClassCoupled <= 23.495360010578608,0.0,230.0
PercentLackOfCohesion,92.0,0.015659149823333603,0.0,85.44043761153615,-1,85.44043761153615 < PercentLackOfCohesion <= 98.66083346177467,0.0,100.0
MINOR_LINE,2.0,-0.01468685924345513,2.4972751068731913,7.0,1,1.5005580521741972 < MINOR_LINE <= 2.4972751068731913,1.0,7.0
