feature,value,importance,left,right,rec,rule,min,max
MAJOR_COMMIT,5.0,0.19501254037143842,0.0,4.498890104152141,-1,4.498890104152141 < MAJOR_COMMIT <= 5.496120711316784,0.0,10.0
MINOR_LINE,6.0,0.040534775521211555,1.0,5.498260151999511,-1,MINOR_LINE > 5.498260151999511,1.0,7.0
MAJOR_LINE,2.0,-0.00617926352032697,2.4915744008336347,21.0,1,1.5086100861008611 < MAJOR_LINE <= 2.4915744008336347,0.0,21.0
PercentLackOfCohesion,83.0,0.004169487410186952,0.0,68.54770958067583,-1,68.54770958067583 < PercentLackOfCohesion <= 85.44043761153615,0.0,100.0
