feature,value,importance,min,max,rule,importance_ratio
CountClassBase,6.0,0.10514436767648373,0.0,9.0,CountClassBase > 4.502788861793099,0.23140979184151747
CountDeclInstanceVariable,31.0,0.09429528405012767,0.0,68.0,CountDeclInstanceVariable > 21.475771289759166,0.20753229617412206
CountDeclMethodPublic,77.0,0.08233570535216773,0.0,143.0,CountDeclMethodPublic > 71.96116224848815,0.1812107377476868
MaxNesting_Min,0.0,-0.027828016838901667,0.0,3.0,MaxNesting_Min <= 0.49971537055981996,0.0612460346317985
CountClassCoupled,18.0,0.023370571838306285,0.0,70.0,9.4837322829943 < CountClassCoupled <= 27.470932970550695,0.05143574766610408
