feature,value,importance,min,max,rule,importance_ratio
CountClassCoupled,49.0,0.15388889349686238,0.0,70.0,38.52109038952732 < CountClassCoupled <= 52.51795645356438,0.395621816534177
CountDeclMethodProtected,16.0,0.031227377484931724,0.0,40.0,CountDeclMethodProtected > 7.5042608019255965,0.08028020427893347
MaxNesting_Min,0.0,-0.026754346546361583,0.0,3.0,MaxNesting_Min <= 0.49971537055981996,0.06878081283411308
CountDeclInstanceVariable,19.0,0.02323498218208062,0.0,68.0,10.490012821429584 < CountDeclInstanceVariable <= 21.475771289759166,0.05973313375082127
MAJOR_LINE,2.0,0.01987587515767974,0.0,4.0,1.49744594202223 < MAJOR_LINE <= 2.4977331463124495,0.05109744866186918
