feature,value,importance,min,max,rule,importance_ratio
MAJOR_LINE,3.0,0.07754046153946821,0.0,4.0,2.4977331463124495 < MAJOR_LINE <= 3.4980203506026695,0.3010866991892942
MaxNesting_Min,0.0,-0.02652729766482116,0.0,3.0,MaxNesting_Min <= 0.49971537055981996,0.10300450027947632
CountClassCoupled,14.0,0.023201030840697627,0.0,70.0,9.4837322829943 < CountClassCoupled <= 27.470932970550695,0.09008873115952531
CountDeclInstanceVariable,20.0,0.021450120699159397,0.0,68.0,10.490012821429584 < CountDeclInstanceVariable <= 21.475771289759166,0.08329001285650783
AvgEssential,1.0,-0.01563068111077978,0.0,4.0,0.5006440382798919 < AvgEssential <= 1.4996285479475124,0.060693347554162766
