Antecedent,Antecedent Coverage %,Confidence,Lift
0.9978 < OWN_COMMIT <= 1.0126,0.5845,0.99075,1.11146
1.33 < ADEV <= 2.12,0.2429,0.98516,1.10519
RatioCommentToCode > 1.795,0.20234,0.98218,1.10185
2.12 < ADEV <= 2.94,0.14015,0.97749,1.09659
CountClassCoupled <= 0.5,0.19694,0.97712,1.09617
2 < PercentLackOfCohesion <= 29.5,0.16539,0.97548,1.09433
2.02 < CountClassCoupled <= 3.58,0.17575,0.97436,1.09308
CountDeclInstanceVariable <= 0.05,0.29428,0.97243,1.09092
PercentLackOfCohesion <= 2,0.23569,0.97132,1.08967
