feature,value,importance,left,right,rec,rule,min,max
Del_lines,54.0,0.08867840658429521,0.0,37.528194029304075,-1,37.528194029304075 < Del_lines <= 438.7388325804579,0.0,1022.0
MAJOR_LINE,8.0,0.05571792603301343,0.0,6.499009783459988,-1,MAJOR_LINE > 6.499009783459988,0.0,8.0
RatioCommentToCode,0.3699999999999999,0.04644336986199947,0.17,0.23092925542923726,-1,0.23092925542923726 < RatioCommentToCode <= 0.8494220958511125,0.17,15.6
OWN_COMMIT,1.0,0.01791280986024797,0.153846153846154,0.87583807011181,-1,OWN_COMMIT > 0.87583807011181,0.153846153846154,1.0
AvgLineComment,3.0,-0.007815880903941577,5.485295060788456,23.0,1,2.499047194270569 < AvgLineComment <= 5.485295060788456,0.0,23.0
