feature,value,importance,left,right,rec,rule,min,max
OWN_COMMIT,0.0,0.05428937017681932,0.153846153846154,0.153846153846154,-1,OWN_COMMIT <= 0.24401932790445935,0.153846153846154,1.0
RatioCommentToCode,1.11,-0.01874604226547028,1.752087322412768,15.6,1,0.9162861867075314 < RatioCommentToCode <= 1.752087322412768,0.17,15.6
MAJOR_LINE,3.0,0.01581561977982092,0.0,2.50082525375372,-1,2.50082525375372 < MAJOR_LINE <= 4.506030950609463,0.0,8.0
AvgLineComment,6.0,-0.0012962223829358329,7.495838178840102,23.0,1,5.485295060788456 < AvgLineComment <= 7.495838178840102,0.0,23.0
