feature,value,importance,min,max,rule,importance_ratio
Del_lines,27.0,0.1387726847499398,0.0,199.0,Del_lines > 26.52313278361831,0.29632864135649695
CountLineComment,125.0,0.12090368014247388,0.0,1043.0,115.41967126776413 < CountLineComment <= 699.3640439784572,0.2581720122816555
CountClassBase,5.0,0.05709251477869863,0.0,9.0,3.4992238937748814 < CountClassBase <= 7.500128201020353,0.12191266146131706
CountDeclMethodDefault,0.0,-0.02896216949735797,0.0,45.0,CountDeclMethodDefault <= 9.512909076575847,0.06184444981628409
CountDeclMethodPrivate,2.0,0.02420841611034045,0.0,45.0,1.4959862354088693 < CountDeclMethodPrivate <= 2.5013623156651215,0.0516935091966867
