feature,value,importance,min,max,rule,importance_ratio
Del_lines,10.0,0.21145265772472965,0.0,199.0,2.5289990112893617 < Del_lines <= 26.52313278361831,0.2441480856663096
CountClassCoupled,28.0,0.1774083485674189,0.0,71.0,13.494783233669544 < CountClassCoupled <= 29.979533932174256,0.2048397459271617
CountDeclInstanceVariable,39.0,0.13882417795814395,0.0,146.0,CountDeclInstanceVariable > 21.48866785028532,0.1602895780898763
CountLineComment,170.0,0.11708039572898846,0.0,1043.0,115.41967126776413 < CountLineComment <= 699.3640439784572,0.13518370870277058
AvgLineComment,1.0,0.04057488422237352,0.0,17.0,0.4988434855577488 < AvgLineComment <= 1.501696656288885,0.04684869140741991
