feature,value,importance,min,max,rule,importance_ratio
Del_lines,39.0,0.11461408275804608,0.0,199.0,Del_lines > 26.52313278361831,0.25820841616558043
CountLineComment,132.0,0.10101631957055479,0.0,1043.0,115.41967126776413 < CountLineComment <= 699.3640439784572,0.22757468589834343
CountClassCoupled,26.0,0.09658250095634374,0.0,71.0,13.494783233669544 < CountClassCoupled <= 29.979533932174256,0.21758595454534108
CountDeclMethodDefault,1.0,-0.03853950560956457,0.0,45.0,CountDeclMethodDefault <= 9.512909076575847,0.086823752053729
CountDeclInstanceVariable,14.0,0.01441091780894483,0.0,146.0,10.502374715445432 < CountDeclInstanceVariable <= 15.513666320810996,0.0324656462225082
