feature,value,importance,min,max,rule,importance_ratio
CountDeclInstanceVariable,34.0,0.3679965367434739,0.0,146.0,CountDeclInstanceVariable > 21.48866785028532,0.48772142588109985
CountLineComment,269.0,0.0967658920332159,0.0,1043.0,115.41967126776413 < CountLineComment <= 699.3640439784572,0.1282479429201682
CountClassCoupled,19.0,0.06989166535014575,0.0,71.0,13.494783233669544 < CountClassCoupled <= 29.979533932174256,0.09263038990375026
CountDeclMethodDefault,0.0,-0.028492749192922596,0.0,45.0,CountDeclMethodDefault <= 9.512909076575847,0.03776264957985698
AvgLineComment,2.0,0.02767624637302661,0.0,17.0,1.501696656288885 < AvgLineComment <= 2.5045498270200213,0.03668050374479112
