feature,value,importance,left,right,rec,rule,min,max
MAJOR_LINE,7.0,0.17735600758724857,0.0,4.495303181903716,-1,4.495303181903716 < MAJOR_LINE <= 9.496391564715786,0.0,12.0
CountClassCoupled,19.0,0.04782051979374285,0.0,16.51791080861062,-1,16.51791080861062 < CountClassCoupled <= 30.5140548185515,0.0,110.0
CountDeclMethodPublic,25.0,0.0457535549376239,0.0,21.504048751561132,-1,21.504048751561132 < CountDeclMethodPublic <= 45.488863890347744,0.0,226.0
MINOR_LINE,3.0,0.008297702160142065,1.0,2.49780857741505,-1,2.49780857741505 < MINOR_LINE <= 5.5034356466798275,1.0,7.0
OWN_COMMIT,0.8,-0.007740013850278934,0.902407579991984,1.0,1,0.7899429007103611 < OWN_COMMIT <= 0.902407579991984,0.0,1.0
