feature,value,importance,left,right,rec,rule,min,max
CountDeclMethodPublic,52.0,0.12328851486507654,0.0,49.53228100186732,-1,CountDeclMethodPublic > 49.53228100186732,0.0,226.0
CountClassCoupled,14.0,0.029395667599918546,0.0,8.490710567615114,-1,8.490710567615114 < CountClassCoupled <= 16.51791080861062,0.0,110.0
OWN_COMMIT,0.666666666666667,0.01396379006702766,0.0,0.29250297311856827,-1,0.29250297311856827 < OWN_COMMIT <= 0.7899429007103611,0.0,1.0
MAJOR_LINE,2.0,-0.0018424944402494728,2.4969824538878993,12.0,1,1.5031086526525193 < MAJOR_LINE <= 2.4969824538878993,0.0,12.0
MINOR_LINE,2.0,-0.001403164992222512,2.49780857741505,7.0,1,1.501205917606203 < MINOR_LINE <= 2.49780857741505,1.0,7.0
