feature,value,importance,left,right,rec,rule,min,max
OWN_COMMIT,1.0,0.010513589424072468,0.0,0.9586399196327954,-1,OWN_COMMIT > 0.9586399196327954,0.0,1.0
MAJOR_LINE,2.0,0.005493630280797445,0.0,1.5031086526525193,-1,1.5031086526525193 < MAJOR_LINE <= 2.4969824538878993,0.0,12.0
CountDeclMethodPublic,6.0,-0.0003473524075355264,7.53588054812985,226.0,1,5.514171992370058 < CountDeclMethodPublic <= 7.53588054812985,0.0,226.0
