feature,value,importance,min,max,rule,importance_ratio
CountDeclInstanceVariable,213.0,0.29774700637013385,0.0,1496.0,58.05597645544861 < CountDeclInstanceVariable <= 1265.8510859236721,0.5833211585339971
MINOR_COMMIT,0.0,-0.1117261866109982,0.0,1.0,MINOR_COMMIT <= 0.5000824993237257,0.2188846477653462
CountInput_Mean,9.46153846153846,0.015551879530973364,0.0,45.75,9.03539252913872 < CountInput_Mean <= 10.041246345142712,0.0304679482624632
PercentLackOfCohesion,99.0,0.015444589551668402,0.0,100.0,93.32599303102478 < PercentLackOfCohesion <= 99.46744332878954,0.03025775466290284
AvgLineBlank,0.0,-0.00942708292317941,0.0,35.0,AvgLineBlank <= 0.4919048657853053,0.018468756409625028
