feature,value,importance,min,max,rule,importance_ratio
AvgCyclomaticModified,3.0,0.06920544457588361,0.0,14.0,2.500687648041132 < AvgCyclomaticModified <= 6.500516532337661,0.12570817942279405
RatioCommentToCode,0.16,0.05700000262364053,0.03,8.5,0.04753367113528073 < RatioCommentToCode <= 0.16254030530342767,0.1035376132734113
OWN_COMMIT,1.0,0.053319332656693044,0.0,1.0,OWN_COMMIT > 0.9158840980681497,0.09685186299123826
CountClassBase,1.0,-0.046253485472371944,0.0,9.0,0.5008727086074404 < CountClassBase <= 1.503113151148074,0.08401711001675612
CountDeclClassMethod,17.0,0.04560020929416772,0.0,55.0,16.492609176389816 < CountDeclClassMethod <= 49.99054464630987,0.08283046697839969
