feature,value,importance,min,max,rule,importance_ratio
CountClassCoupled,34.0,0.20919444944040866,0.0,71.0,14.476416159221149 < CountClassCoupled <= 58.969614743832466,0.2930433450614457
CountDeclClassVariable,5.0,0.05404173042307441,0.0,96.0,4.504497722143367 < CountDeclClassVariable <= 6.496931227709544,0.0757026273806459
MAJOR_LINE,0.0,-0.04945069589158443,0.0,5.0,MAJOR_LINE <= 0.5006219044251735,0.06927142368475779
CountOutput_Mean,7.74285714285714,-0.04616610623553077,0.0,40.0,2.0678217985545446 < CountOutput_Mean <= 14.196423099739473,0.0646703114538218
CountDeclMethodPrivate,3.0,0.04043334669090233,0.0,21.0,2.499672369918615 < CountDeclMethodPrivate <= 13.001353544433867,0.05663975883693986
