feature,value,importance,min,max,rule,importance_ratio
CountClassCoupled,43.0,0.20648528826546148,0.0,71.0,14.476416159221149 < CountClassCoupled <= 58.969614743832466,0.269401430264415
OWN_COMMIT,0.5,0.11126675045454106,0.0,1.0,0.1650142457143403 < OWN_COMMIT <= 0.524282117653962,0.14516976955176644
OWN_LINE,0.329113924050633,0.08971990343372571,0.282051282051282,1.0,OWN_LINE <= 0.4929700565327333,0.11705759045243273
RatioCommentToCode,0.13,0.053292071066710224,0.03,8.5,0.04753367113528073 < RatioCommentToCode <= 0.16254030530342767,0.06953018439099157
CountDeclMethodPrivate,4.0,0.0494678951226027,0.0,21.0,2.499672369918615 < CountDeclMethodPrivate <= 13.001353544433867,0.0645407806539038
