feature,value,importance,min,max,rule,importance_ratio
OWN_COMMIT,1.0,0.11154911144472013,0.0,1.0,OWN_COMMIT > 0.9158840980681497,0.17496300455478178
OWN_LINE,0.280193236714976,0.08478461004925456,0.282051282051282,1.0,OWN_LINE <= 0.4929700565327333,0.13298331041905628
CountClassCoupled,8.0,0.060393207320561165,0.0,71.0,7.4740046828129625 < CountClassCoupled <= 14.476416159221149,0.0947257837436173
RatioCommentToCode,0.13,0.053202758841333714,0.03,8.5,0.04753367113528073 < RatioCommentToCode <= 0.16254030530342767,0.08344767983289768
CountDeclMethodPrivate,0.0,-0.050867603517951165,0.0,21.0,CountDeclMethodPrivate <= 0.5047804236063558,0.07978502590235897
