{
    "37": {
        "CountDeclInstanceMethod": [
            68.0,
            53.0,
            47.0,
            37.0,
            30.0,
            25.0,
            20.0,
            14.5,
            8.5,
            2.5
        ],
        "CountClassCoupled": [
            15.0,
            14.0,
            13.0,
            12.0,
            10.5,
            8.5,
            6.5,
            4.5,
            2.5,
            0.5
        ],
        "OWN_COMMIT": [
            0.5,
            0.470588235294118,
            0.428571428571429,
            0.421052631578947,
            0.4,
            0.380952380952381,
            0.333333333333333,
            0.0
        ],
        "CountClassBase": [
            1,
            0
        ],
        "CountDeclClass": [
            5,
            4,
            3,
            2,
            1,
            0
        ]
    },
    "56": {
        "CountClassCoupled": [
            52.0,
            37.0,
            30.0,
            26.0,
            20.0,
            17.0,
            13.5,
            9.5,
            5.5,
            1.5
        ],
        "CountDeclClass": [
            21.0,
            18.0,
            15.5,
            12.5,
            10.5,
            8.5,
            6.5,
            4.5,
            2.5,
            0.5
        ],
        "OWN_COMMIT": [
            0.5,
            0.470588235294118,
            0.428571428571429,
            0.421052631578947,
            0.4,
            0.380952380952381,
            0.333333333333333,
            0.0
        ],
        "CountClassBase": [
            2,
            1,
            0
        ],
        "CountDeclInstanceMethod": [
            70.0,
            56.0,
            49.0,
            40.0,
            33.0,
            26.5,
            20.5,
            14.5,
            8.5,
            2.5
        ]
    },
    "163": {
        "OWN_COMMIT": [
            0.5,
            0.470588235294118,
            0.428571428571429,
            0.421052631578947,
            0.4,
            0.380952380952381,
            0.333333333333333,
            0.0
        ],
        "CountClassCoupled": [
            4,
            3,
            2,
            1,
            0
        ],
        "CountDeclClass": [
            1,
            0
        ]
    },
    "192": {
        "OWN_COMMIT": [
            0.5,
            0.470588235294118,
            0.428571428571429,
            0.421052631578947,
            0.4,
            0.380952380952381,
            0.333333333333333,
            0.0
        ],
        "CountDeclInstanceMethod": [
            49.0,
            52.5,
            55.0,
            63.0,
            68.5,
            73.5,
            98.5,
            142.0,
            193.0,
            221.0
        ],
        "CountClassCoupled": [
            17.0,
            20.0,
            26.0,
            29.0,
            32.0,
            41.0,
            49.0,
            55.5,
            78.5,
            94.0
        ]
    },
    "195": {
        "OWN_COMMIT": [
            0.5,
            0.470588235294118,
            0.428571428571429,
            0.421052631578947,
            0.4,
            0.380952380952381,
            0.333333333333333,
            0.0
        ],
        "CountDeclClass": [
            2,
            1,
            0
        ],
        "CountClassCoupled": [
            4,
            3,
            2,
            1,
            0
        ],
        "CountDeclInstanceMethod": [
            2,
            1,
            0
        ]
    },
    "214": {
        "OWN_COMMIT": [
            0.5,
            0.470588235294118,
            0.428571428571429,
            0.421052631578947,
            0.4,
            0.380952380952381,
            0.333333333333333,
            0.0
        ],
        "CountClassCoupled": [
            4,
            3,
            2,
            1,
            0
        ],
        "CountDeclInstanceMethod": [
            44.0,
            36.5,
            30.5,
            26.5,
            22.5,
            18.5,
            14.5,
            10.5,
            6.5,
            2.0
        ]
    },
    "223": {
        "CountClassCoupled": [
            52.0,
            37.0,
            30.0,
            26.0,
            20.0,
            17.0,
            13.5,
            9.5,
            5.5,
            1.5
        ],
        "OWN_COMMIT": [
            0.5,
            0.470588235294118,
            0.428571428571429,
            0.421052631578947,
            0.4,
            0.380952380952381,
            0.333333333333333,
            0.0
        ],
        "CountDeclInstanceMethod": [
            70.0,
            56.0,
            49.0,
            40.0,
            33.0,
            26.5,
            20.5,
            14.5,
            8.5,
            2.5
        ],
        "CountClassBase": [
            2,
            1,
            0
        ]
    },
    "256": {
        "CountClassCoupled": [
            15.0,
            14.0,
            13.0,
            12.0,
            10.5,
            8.5,
            6.5,
            4.5,
            2.5,
            0.5
        ],
        "OWN_COMMIT": [
            0.0
        ],
        "CountDeclInstanceMethod": [
            70.0,
            56.0,
            49.0,
            40.0,
            33.0,
            26.5,
            20.5,
            14.5,
            8.5,
            2.5
        ],
        "CountClassBase": [
            1,
            0
        ],
        "CountDeclClass": [
            1,
            0
        ]
    },
    "345": {
        "CountClassCoupled": [
            52.0,
            37.0,
            30.0,
            26.0,
            20.0,
            17.0,
            13.5,
            9.5,
            5.5,
            1.5
        ],
        "OWN_COMMIT": [
            0.4,
            0.380952380952381,
            0.333333333333333,
            0.0
        ],
        "CountDeclClass": [
            5,
            4,
            3,
            2,
            1,
            0
        ],
        "CountDeclInstanceMethod": [
            70.0,
            56.0,
            49.0,
            40.0,
            33.0,
            26.5,
            20.5,
            14.5,
            8.5,
            2.5
        ],
        "CountClassBase": [
            1,
            0
        ]
    },
    "356": {
        "CountClassCoupled": [
            15.0,
            14.0,
            13.0,
            12.0,
            10.5,
            8.5,
            6.5,
            4.5,
            2.5,
            0.5
        ],
        "OWN_COMMIT": [
            0.5,
            0.470588235294118,
            0.428571428571429,
            0.421052631578947,
            0.4,
            0.380952380952381,
            0.333333333333333,
            0.0
        ],
        "CountClassBase": [
            1,
            0
        ],
        "CountDeclClass": [
            0
        ]
    },
    "363": {
        "OWN_COMMIT": [
            0.5,
            0.470588235294118,
            0.428571428571429,
            0.421052631578947,
            0.4,
            0.380952380952381,
            0.333333333333333,
            0.0
        ],
        "CountDeclInstanceMethod": [
            49.0,
            52.5,
            55.0,
            63.0,
            68.5,
            73.5,
            98.5,
            142.0,
            193.0,
            221.0
        ],
        "CountDeclClass": [
            3.5,
            5.5,
            7.5,
            9.5,
            11.5,
            13.5,
            17.5,
            23.0,
            26.0,
            37.0
        ]
    },
    "364": {
        "CountClassCoupled": [
            15.0,
            14.0,
            13.0,
            12.0,
            10.5,
            8.5,
            6.5,
            4.5,
            2.5,
            0.5
        ],
        "OWN_COMMIT": [
            0.0
        ],