feature,value,importance,min,max,rule,importance_ratio
CountClassCoupled,24.0,0.13343846372160653,0.0,132.0,19.508692962965362 < CountClassCoupled <= 35.464692589333026,0.22148677420421073
Del_lines,21.0,0.10512464645020808,0.0,20224.0,6.117765502847519 < Del_lines <= 541.5758170227919,0.17449030948221708
MINOR_COMMIT,0.0,-0.07586475542167238,0.0,5.0,MINOR_COMMIT <= 0.5016356687429404,0.1259235117484109
CountDeclMethodDefault,2.0,0.07106266783226839,0.0,82.0,1.5073097577855388 < CountDeclMethodDefault <= 39.50392024684733,0.11795280480260735
CountDeclClassMethod,0.0,-0.049687440833935614,0.0,247.0,CountDeclClassMethod <= 0.48786107726136896,0.08247330403721528
