feature,value,importance,min,max,rule,importance_ratio
CountClassCoupled,56.0,0.18888214484307284,0.0,132.0,CountClassCoupled > 35.464692589333026,0.2246953509484762
Del_lines,1981.0,0.13521792586582468,0.0,20224.0,Del_lines > 748.0174754401199,0.16085606891106197
MAJOR_LINE,7.0,0.10360796979044558,0.0,11.0,3.500975425350002 < MAJOR_LINE <= 8.507443078039072,0.12325267246655305
MINOR_COMMIT,5.0,0.09423827257216232,0.0,5.0,MINOR_COMMIT > 0.5016356687429404,0.11210642353713589
CountDeclClassMethod,7.0,0.060892124582170845,0.0,247.0,1.5382515305679796 < CountDeclClassMethod <= 36.01015640726675,0.07243764260701639
