feature,value,importance,min,max,rule,importance_ratio
Del_lines,45.0,0.1063763943562661,0.0,20224.0,6.117765502847519 < Del_lines <= 541.5758170227919,0.12396106026319766
CountClassCoupled,28.0,0.0940623414861587,0.0,132.0,19.508692962965362 < CountClassCoupled <= 35.464692589333026,0.10961141945093912
MAJOR_LINE,4.0,0.07848372557996008,0.0,11.0,3.500975425350002 < MAJOR_LINE <= 8.507443078039072,0.09145756344884627
CountDeclMethodDefault,6.0,0.07684674972044163,0.0,82.0,1.5073097577855388 < CountDeclMethodDefault <= 39.50392024684733,0.08954998550921842
CountDeclClassMethod,2.0,0.06992879868125554,0.0,247.0,1.5382515305679796 < CountDeclClassMethod <= 36.01015640726675,0.08148845502723621
