feature,value,importance,min,max,rule,importance_ratio
MAJOR_LINE,4.0,0.1317792261181655,0.0,11.0,3.500975425350002 < MAJOR_LINE <= 8.507443078039072,0.1989202020767506
CountClassCoupled,30.0,0.12783349010489867,0.0,132.0,19.508692962965362 < CountClassCoupled <= 35.464692589333026,0.19296412972588745
Del_lines,21.0,0.11524021585076355,0.0,20224.0,6.117765502847519 < Del_lines <= 541.5758170227919,0.17395463381949752
CountDeclClassMethod,3.0,0.06467971423637714,0.0,247.0,1.5382515305679796 < CountDeclClassMethod <= 36.01015640726675,0.09763376372107149
OWN_COMMIT,0.3,0.05418777172346865,0.0,1.0,0.12394271196938178 < OWN_COMMIT <= 0.48523577667359796,0.08179621947131276
