feature,value,importance,min,max,rule,importance_ratio
Del_lines,38.0,0.10603916712348602,0.0,20224.0,6.117765502847519 < Del_lines <= 541.5758170227919,0.1433076577576351
CountClassCoupled,19.0,0.10296428766131561,0.0,132.0,14.528794990404752 < CountClassCoupled <= 19.508692962965362,0.13915208217585465
MAJOR_LINE,6.0,0.09694260307992279,0.0,11.0,3.500975425350002 < MAJOR_LINE <= 8.507443078039072,0.13101401832148907
MINOR_COMMIT,0.0,-0.057239388580167326,0.0,5.0,MINOR_COMMIT <= 0.5016356687429404,0.07735672517448607
OWN_COMMIT,0.333333333333333,0.056381002865314736,0.0,1.0,0.12394271196938178 < OWN_COMMIT <= 0.48523577667359796,0.0761966514999646
