feature,value,importance,min,max,rule,importance_ratio
Del_lines,70.0,0.11101343116752262,0.0,20224.0,6.117765502847519 < Del_lines <= 541.5758170227919,0.15846488757084234
MINOR_COMMIT,0.0,-0.10476251435015733,0.0,5.0,MINOR_COMMIT <= 0.5016356687429404,0.14954208588584889
CountClassCoupled,19.0,0.0786104242440984,0.0,132.0,14.528794990404752 < CountClassCoupled <= 19.508692962965362,0.11221157574113079
OWN_COMMIT,0.3,0.0708328999389788,0.0,1.0,0.12394271196938178 < OWN_COMMIT <= 0.48523577667359796,0.1011096351774665
CountDeclMethodDefault,5.0,0.061420064970097145,0.0,82.0,1.5073097577855388 < CountDeclMethodDefault <= 39.50392024684733,0.08767338859559255
