feature,value,importance,min,max,rule,importance_ratio
CountClassCoupled,62.0,0.20069875038425294,0.0,132.0,CountClassCoupled > 35.464692589333026,0.2290335216106666
Del_lines,199.0,0.10021502087165889,0.0,20224.0,6.117765502847519 < Del_lines <= 541.5758170227919,0.11436343826046749
MAJOR_LINE,15.0,0.09991529768143512,0.0,11.0,MAJOR_LINE > 8.507443078039072,0.11402139996858025
MINOR_COMMIT,0.0,-0.08721544452838771,0.0,5.0,MINOR_COMMIT <= 0.5016356687429404,0.09952857384977352
OWN_COMMIT,0.3,0.08451217054943404,0.0,1.0,0.12394271196938178 < OWN_COMMIT <= 0.48523577667359796,0.09644365001196761
