feature,value,importance,min,max,rule,importance_ratio
Del_lines,214.0,0.11969182226117032,0.0,20224.0,6.117765502847519 < Del_lines <= 541.5758170227919,0.14860995211114986
CountClassCoupled,27.0,0.10934680073630185,0.0,132.0,19.508692962965362 < CountClassCoupled <= 35.464692589333026,0.1357655227729037
OWN_COMMIT,0.125,0.0836849731617377,0.0,1.0,0.12394271196938178 < OWN_COMMIT <= 0.48523577667359796,0.10390367210595346
CountDeclClassMethod,2.0,0.07732780818836239,0.0,247.0,1.5382515305679796 < CountDeclClassMethod <= 36.01015640726675,0.09601058497261077
MAJOR_LINE,6.0,0.07581371873233368,0.0,11.0,3.500975425350002 < MAJOR_LINE <= 8.507443078039072,0.09413068409632992
