"Rule ID","Antecedent","Consequent","Antecedent Coverage %","Antecedent Coverage","Support %","Support","Confidence","Leverage","Lift","p-value","Consequent Coverage %","Consequent Coverage"
"b'000000'","b'-0.115 < Del_lines <= 0.355'","b'target = 0'",0.82112,1804,0.81475,1790,0.99224,0.05829,1.07705,7.447e-114,0.92126,2024
"b'000001'","b'0.54 < CountClassCoupled <= 2.06'","b'target = 0'",0.21211,466,0.21029,462,0.99142,0.01488,1.07616,5.41304e-14,0.92126,2024
"b'000002'","b'CountClassCoupled <= 0.54'","b'target = 0'",0.19936,438,0.19709,433,0.98858,0.01342,1.07308,6.95017e-12,0.92126,2024
"b'000003'","b'0.43 < CountDeclMethodProtected <= 1.23'","b'target = 0'",0.18662,410,0.18343,403,0.98293,0.01151,1.06694,3.59978e-09,0.92126,2024
"b'000004'","b'2.06 < CountClassCoupled <= 4.04'","b'target = 0'",0.20756,456,0.20346,447,0.98026,0.01225,1.06405,2.56244e-09,0.92126,2024
"b'000005'","b'-0.046 < MAJOR_LINE <= 0.027'","b'target = 0'",0.46563,1023,0.4538,997,0.97458,0.02483,1.05789,8.08122e-20,0.92126,2024
"b'000006'","b'OWN_LINE > 0.97'","b'target = 0'",0.19436,427,0.18889,415,0.9719,0.00984,1.05497,1.55891e-06,0.92126,2024
"b'000007'","b'-0.125 < CountDeclClassVariable <= 0.26'","b'target = 0'",0.42968,944,0.41329,908,0.96186,0.01745,1.04408,1.64941e-10,0.92126,2024
"b'000008'","b'-0.25 < CountClassDerived <= 0.13'","b'target = 0'",0.53027,1165,0.50751,1115,0.95708,0.019,1.03889,1.99349e-11,0.92126,2024
