"Rule ID","Antecedent","Consequent","Antecedent Coverage %","Antecedent Coverage","Support %","Support","Confidence","Leverage","Lift","p-value","Consequent Coverage %","Consequent Coverage"
"b'000000'","b'CountClassCoupled <= 0.28'","b'target = 0'",0.18973,425,0.18884,423,0.99529,0.01232,1.0698,1.22092e-12,0.93036,2084
"b'000001'","b'RatioCommentToCode > 1.9'","b'target = 0'",0.19732,442,0.19598,439,0.99321,0.0124,1.06756,4.08192e-12,0.93036,2084
"b'000002'","b'3.4 < CountClassCoupled <= 6.48'","b'target = 0'",0.20134,451,0.19732,442,0.98004,0.01,1.05341,1.78616e-07,0.93036,2084
"b'000003'","b'-0.36 < Del_lines <= 1.16'","b'target = 0'",0.8692,1947,0.85045,1905,0.97843,0.04178,1.05167,1.53375e-74,0.93036,2084
"b'000004'","b'PercentLackOfCohesion <= 1.5'","b'target = 0'",0.26205,587,0.25625,574,0.97785,0.01245,1.05105,5.86704e-09,0.93036,2084
"b'000005'","b'-0.74 < CountDeclInstanceVariable <= 0.72'","b'target = 0'",0.34018,762,0.3308,741,0.97244,0.01432,1.04523,1.58379e-09,0.93036,2084
"b'000006'","b'0.944 < AvgCyclomaticModified <= 1.106'","b'target = 0'",0.4,896,0.38527,863,0.96317,0.01313,1.03527,1.85945e-07,0.93036,2084
"b'000007'","b'-0.057 < MAJOR_LINE <= 0.04'","b'target = 0'",0.50357,1128,0.48259,1081,0.95833,0.01409,1.03007,9.13521e-08,0.93036,2084
"b'000008'","b'-0.023 < CountDeclMethodPrivate <= 0.044'","b'target = 0'",0.77589,1738,0.73661,1650,0.94937,0.01475,1.02043,7.58947e-10,0.93036,2084
