feature,value,importance,left,right,rec,rule,min,max
CountClassCoupled,16.0,0.1271208087354933,0.0,10.492249034455536,-1,10.492249034455536 < CountClassCoupled <= 17.999561761991284,0.0,64.0
AvgLineBlank,5.0,0.038832682756172215,0.0,1.4973317105590893,-1,1.4973317105590893 < AvgLineBlank <= 5.500832108824239,0.0,7.0
CountDeclClass,1.0,-0.03559169221662644,1.5031601220480126,26.0,1,0.495988191844156 < CountDeclClass <= 1.5031601220480126,0.0,26.0
CountDeclMethodPrivate,2.0,0.009182588733371501,0.0,1.4992350253535944,-1,1.4992350253535944 < CountDeclMethodPrivate <= 2.500256095085335,0.0,15.0
CountDeclMethodPublic,2.0,-0.0035767364023927503,8.467203369720071,130.0,1,1.4630915364461483 < CountDeclMethodPublic <= 8.467203369720071,0.0,130.0
