feature,value,importance,left,right,rec,rule,min,max
CountClassCoupled,14.0,0.12056797310691028,0.0,10.492249034455536,-1,10.492249034455536 < CountClassCoupled <= 17.999561761991284,0.0,64.0
CountDeclClass,26.0,0.112072469747675,0.0,6.493922522461153,-1,CountDeclClass > 6.493922522461153,0.0,26.0
CountDeclMethodPrivate,17.0,-0.07858767980389039,15.0,15.0,1,CountDeclMethodPrivate > 12.002906813383825,0.0,15.0
CountDeclMethodPublic,151.0,0.06289691449869891,0.0,97.97323714609264,-1,CountDeclMethodPublic > 97.97323714609264,0.0,130.0
AvgLineBlank,0.0,-0.022300386413765628,0.4964566109928017,7.0,1,AvgLineBlank <= 0.4964566109928017,0.0,7.0
