feature,value,importance,left,right,rec,rule,min,max
CountDeclMethodPublic,14.0,0.048788048436197454,0.0,13.516679342545459,-1,13.516679342545459 < CountDeclMethodPublic <= 18.48471215451882,0.0,130.0
CountDeclClass,1.0,-0.038204233389790405,1.5031601220480126,26.0,1,0.495988191844156 < CountDeclClass <= 1.5031601220480126,0.0,26.0
CountClassCoupled,1.0,-0.0290224643816533,2.4870022994811896,64.0,1,0.4952662697268071 < CountClassCoupled <= 2.4870022994811896,0.0,64.0
AvgLineBlank,0.0,-0.020753260747329767,0.4964566109928017,7.0,1,AvgLineBlank <= 0.4964566109928017,0.0,7.0
CountDeclMethodPrivate,0.0,-0.001458890968847483,0.49821395562185433,15.0,1,CountDeclMethodPrivate <= 0.49821395562185433,0.0,15.0
