feature,value,importance,left,right,rec,rule,min,max
CountClassCoupled,19.0,0.1322710238760321,0.0,17.999561761991284,-1,CountClassCoupled > 17.999561761991284,0.0,64.0
CountDeclClass,1.0,-0.03919718665587733,1.5031601220480126,26.0,1,0.495988191844156 < CountDeclClass <= 1.5031601220480126,0.0,26.0
AvgLineBlank,1.0,0.023964694175041854,0.0,0.4964566109928017,-1,0.4964566109928017 < AvgLineBlank <= 1.4973317105590893,0.0,7.0
CountDeclMethodPrivate,1.0,0.0031980918069030853,0.0,0.49821395562185433,-1,0.49821395562185433 < CountDeclMethodPrivate <= 1.4992350253535944,0.0,15.0
CountDeclMethodPublic,6.0,0.0007606710434420925,0.0,1.4630915364461483,-1,1.4630915364461483 < CountDeclMethodPublic <= 8.467203369720071,0.0,130.0
