feature,value,importance,left,right,rec,rule,min,max
CountDeclClass,2.0,0.01392902064933527,0.0,1.5031601220480126,-1,1.5031601220480126 < CountDeclClass <= 2.495299635383155,0.0,26.0
CountDeclMethodPrivate,0.0,-0.007257058703561935,0.49821395562185433,15.0,1,CountDeclMethodPrivate <= 0.49821395562185433,0.0,15.0
CountClassCoupled,8.0,0.006911986448339685,0.0,4.517040945192387,-1,4.517040945192387 < CountClassCoupled <= 9.496381019578344,0.0,64.0
CountDeclMethodPublic,4.0,0.005663470771986407,0.0,1.4630915364461483,-1,1.4630915364461483 < CountDeclMethodPublic <= 8.467203369720071,0.0,130.0
