feature,value,importance,left,right,rec,rule,min,max
AvgLineBlank,0.0,-0.01969129597541937,0.4964566109928017,7.0,1,AvgLineBlank <= 0.4964566109928017,0.0,7.0
CountDeclMethodPublic,1.0,-0.017330499614921214,1.4630915364461483,130.0,1,0.48577360622187893 < CountDeclMethodPublic <= 1.4630915364461483,0.0,130.0
CountClassCoupled,1.0,-0.015489457193631664,2.4870022994811896,64.0,1,0.4952662697268071 < CountClassCoupled <= 2.4870022994811896,0.0,64.0
CountDeclClass,2.0,0.008432848276901923,0.0,1.5031601220480126,-1,1.5031601220480126 < CountDeclClass <= 2.495299635383155,0.0,26.0
CountDeclMethodPrivate,0.0,-0.003506489278918153,0.49821395562185433,15.0,1,CountDeclMethodPrivate <= 0.49821395562185433,0.0,15.0
