feature,value,importance,left,right,rec,rule,min,max
CountClassCoupled,17.0,0.11422435310323102,0.0,10.492249034455536,-1,10.492249034455536 < CountClassCoupled <= 17.999561761991284,0.0,64.0
CountDeclMethodPublic,46.0,0.09348002045638512,0.0,19.46203008474309,-1,19.46203008474309 < CountDeclMethodPublic <= 97.97323714609264,0.0,130.0
CountDeclClass,1.0,-0.03890858699123372,1.5031601220480126,26.0,1,0.495988191844156 < CountDeclClass <= 1.5031601220480126,0.0,26.0
CountDeclMethodPrivate,0.0,-0.011686787139123897,0.49821395562185433,15.0,1,CountDeclMethodPrivate <= 0.49821395562185433,0.0,15.0
