feature,value,importance,left,right,rec,rule,min,max
CountClassCoupled,14.0,0.1100879105007806,0.0,10.492249034455536,-1,10.492249034455536 < CountClassCoupled <= 17.999561761991284,0.0,64.0
CountDeclMethodPrivate,4.0,0.046090519914750314,0.0,2.500256095085335,-1,2.500256095085335 < CountDeclMethodPrivate <= 12.002906813383825,0.0,15.0
CountDeclClass,1.0,-0.039958802200079954,1.5031601220480126,26.0,1,0.495988191844156 < CountDeclClass <= 1.5031601220480126,0.0,26.0
AvgLineBlank,3.0,0.0275205068756647,0.0,1.4973317105590893,-1,1.4973317105590893 < AvgLineBlank <= 5.500832108824239,0.0,7.0
CountDeclMethodPublic,4.0,-9.116647279839223e-05,8.467203369720071,130.0,1,1.4630915364461483 < CountDeclMethodPublic <= 8.467203369720071,0.0,130.0
