feature,value,importance,left,right,rec,rule,min,max
CountClassCoupled,27.0,0.12472529982114137,0.0,17.999561761991284,-1,CountClassCoupled > 17.999561761991284,0.0,64.0
CountDeclMethodPublic,96.0,0.1009086702922975,0.0,19.46203008474309,-1,19.46203008474309 < CountDeclMethodPublic <= 97.97323714609264,0.0,130.0
AvgLineBlank,0.0,-0.025937679978363104,0.4964566109928017,7.0,1,AvgLineBlank <= 0.4964566109928017,0.0,7.0
CountDeclMethodPrivate,1.0,0.008919282197517526,0.0,0.49821395562185433,-1,0.49821395562185433 < CountDeclMethodPrivate <= 1.4992350253535944,0.0,15.0
CountDeclClass,2.0,0.00577863183239485,0.0,1.5031601220480126,-1,1.5031601220480126 < CountDeclClass <= 2.495299635383155,0.0,26.0
