feature,value,importance,left,right,rec,rule,min,max
CountClassCoupled,17.0,0.11155493110681154,0.0,16.502179241780798,-1,16.502179241780798 < CountClassCoupled <= 23.495360010578608,0.0,230.0
MAJOR_LINE,3.0,0.012109725296550987,0.0,2.4915744008336347,-1,2.4915744008336347 < MAJOR_LINE <= 3.496382367004915,0.0,21.0
MINOR_LINE,2.0,-0.009180580904723672,2.4972751068731913,7.0,1,1.5005580521741972 < MINOR_LINE <= 2.4972751068731913,1.0,7.0
PercentLackOfCohesion,56.0,0.0003874298476713947,0.0,31.457154556395533,-1,31.457154556395533 < PercentLackOfCohesion <= 66.34431027230274,0.0,100.0
