feature,value,importance,left,right,rec,rule,min,max
MAJOR_COMMIT,5.0,0.17198891720550563,0.0,4.498890104152141,-1,4.498890104152141 < MAJOR_COMMIT <= 5.496120711316784,0.0,10.0
PercentLackOfCohesion,87.0,-0.0071439691450464,98.66083346177467,100.0,1,85.44043761153615 < PercentLackOfCohesion <= 98.66083346177467,0.0,100.0
MINOR_LINE,4.0,0.00479792826028703,1.0,3.5048260426015228,-1,3.5048260426015228 < MINOR_LINE <= 5.498260151999511,1.0,7.0
MAJOR_LINE,2.0,-0.0010760860630623004,2.4915744008336347,21.0,1,1.5086100861008611 < MAJOR_LINE <= 2.4915744008336347,0.0,21.0
