feature,value,importance,left,right,rec,rule,min,max
MAJOR_COMMIT,3.0,0.09781234913759347,0.0,2.504428889822858,-1,2.504428889822858 < MAJOR_COMMIT <= 4.498890104152141,0.0,10.0
MAJOR_LINE,6.0,0.06436038371042839,0.0,5.505998299347475,-1,5.505998299347475 < MAJOR_LINE <= 7.493770580251528,0.0,21.0
PercentLackOfCohesion,87.0,-0.01098391680026676,98.66083346177467,100.0,1,85.44043761153615 < PercentLackOfCohesion <= 98.66083346177467,0.0,100.0
