feature,value,importance,left,right,rec,rule,min,max
MAJOR_COMMIT,5.0,0.14216131468552637,0.0,4.498890104152141,-1,4.498890104152141 < MAJOR_COMMIT <= 5.496120711316784,0.0,10.0
MINOR_LINE,3.0,0.007578688002494324,1.0,2.4972751068731913,-1,2.4972751068731913 < MINOR_LINE <= 3.5048260426015228,1.0,7.0
PercentLackOfCohesion,62.0,-0.0037065838493671776,66.34431027230274,100.0,1,31.457154556395533 < PercentLackOfCohesion <= 66.34431027230274,0.0,100.0
MAJOR_LINE,2.0,-0.0016037241855711994,2.4915744008336347,21.0,1,1.5086100861008611 < MAJOR_LINE <= 2.4915744008336347,0.0,21.0
