feature,value,importance,left,right,rec,rule,min,max
MAJOR_COMMIT,3.0,0.10207724468498108,0.0,2.504428889822858,-1,2.504428889822858 < MAJOR_COMMIT <= 4.498890104152141,0.0,10.0
MAJOR_LINE,3.0,0.013794741206328148,0.0,2.4915744008336347,-1,2.4915744008336347 < MAJOR_LINE <= 3.496382367004915,0.0,21.0
PercentLackOfCohesion,66.0,-0.0011925737793256133,66.34431027230274,100.0,1,31.457154556395533 < PercentLackOfCohesion <= 66.34431027230274,0.0,100.0
