feature,value,importance,left,right,rec,rule,min,max
MAJOR_COMMIT,3.0,0.09720927500227267,0.0,2.504428889822858,-1,2.504428889822858 < MAJOR_COMMIT <= 4.498890104152141,0.0,10.0
CountClassCoupled,6.0,-0.02991719531229211,9.508998472982986,230.0,1,3.475666045000562 < CountClassCoupled <= 9.508998472982986,0.0,230.0
MINOR_LINE,4.0,0.006687514402236526,1.0,3.5048260426015228,-1,3.5048260426015228 < MINOR_LINE <= 5.498260151999511,1.0,7.0
PercentLackOfCohesion,75.0,0.006361363129561102,0.0,68.54770958067583,-1,68.54770958067583 < PercentLackOfCohesion <= 85.44043761153615,0.0,100.0
