feature,value,importance,left,right,rec,rule,min,max
MAJOR_LINE,6.0,0.04588607366434573,0.0,5.505998299347475,-1,5.505998299347475 < MAJOR_LINE <= 7.493770580251528,0.0,21.0
CountClassCoupled,14.0,0.03526622528067391,0.0,9.508998472982986,-1,9.508998472982986 < CountClassCoupled <= 16.502179241780798,0.0,230.0
PercentLackOfCohesion,0.0,0.0006385142772668449,0.0,0.0,-1,PercentLackOfCohesion <= 26.68312272158718,0.0,100.0
