feature,value,importance,left,right,rec,rule,min,max
MAJOR_LINE,7.0,0.05433779123903216,0.0,5.505998299347475,-1,5.505998299347475 < MAJOR_LINE <= 7.493770580251528,0.0,21.0
CountClassCoupled,13.0,0.03236465706817716,0.0,9.508998472982986,-1,9.508998472982986 < CountClassCoupled <= 16.502179241780798,0.0,230.0
MINOR_LINE,3.0,-0.0034031885642151847,3.5048260426015228,7.0,1,2.4972751068731913 < MINOR_LINE <= 3.5048260426015228,1.0,7.0
PercentLackOfCohesion,71.0,0.0018841285976933858,0.0,68.54770958067583,-1,68.54770958067583 < PercentLackOfCohesion <= 85.44043761153615,0.0,100.0
