feature,value,importance,left,right,rec,rule,min,max
CountClassCoupled,237.99999999999997,0.13912444398783405,0.0,42.555205635341274,-1,CountClassCoupled > 42.555205635341274,0.0,230.0
MAJOR_LINE,23.0,0.1225136047793414,0.0,11.993562776583781,-1,MAJOR_LINE > 11.993562776583781,0.0,21.0
PercentLackOfCohesion,96.0,0.005659611461174403,0.0,85.44043761153615,-1,85.44043761153615 < PercentLackOfCohesion <= 98.66083346177467,0.0,100.0
