feature,value,importance,left,right,rec,rule,min,max
CountClassCoupled,13.0,0.031131851559339688,0.0,9.508998472982986,-1,9.508998472982986 < CountClassCoupled <= 16.502179241780798,0.0,230.0
MAJOR_LINE,1.0,-0.013456520884726344,1.5086100861008611,21.0,1,0.5038021199295812 < MAJOR_LINE <= 1.5086100861008611,0.0,21.0
PercentLackOfCohesion,97.0,-0.004345850733993093,98.66083346177467,100.0,1,85.44043761153615 < PercentLackOfCohesion <= 98.66083346177467,0.0,100.0
MINOR_LINE,1.0,-0.002916544260160947,1.5005580521741972,7.0,1,MINOR_LINE <= 1.5005580521741972,1.0,7.0
