feature,value,importance,left,right,rec,rule,min,max
MAJOR_COMMIT,3.0,0.10839227427080228,0.0,2.504428889822858,-1,2.504428889822858 < MAJOR_COMMIT <= 4.498890104152141,0.0,10.0
PercentLackOfCohesion,83.0,0.006439329848808766,0.0,68.54770958067583,-1,68.54770958067583 < PercentLackOfCohesion <= 85.44043761153615,0.0,100.0
MINOR_LINE,1.0,0.00575755774683143,1.0,1.0,-1,MINOR_LINE <= 1.5005580521741972,1.0,7.0
MAJOR_LINE,2.0,-0.003787357380245297,2.4915744008336347,21.0,1,1.5086100861008611 < MAJOR_LINE <= 2.4915744008336347,0.0,21.0
