feature,value,importance,left,right,rec,rule,min,max
CountClassCoupled,30.0,0.15124121547478278,0.0,23.495360010578608,-1,23.495360010578608 < CountClassCoupled <= 42.555205635341274,0.0,230.0
MAJOR_LINE,6.0,0.062184973857966744,0.0,5.505998299347475,-1,5.505998299347475 < MAJOR_LINE <= 7.493770580251528,0.0,21.0
MINOR_LINE,2.0,-0.007438306395492584,2.4972751068731913,7.0,1,1.5005580521741972 < MINOR_LINE <= 2.4972751068731913,1.0,7.0
PercentLackOfCohesion,76.0,0.002740857518088776,0.0,68.54770958067583,-1,68.54770958067583 < PercentLackOfCohesion <= 85.44043761153615,0.0,100.0
