feature,value,importance,left,right,rec,rule,min,max
CountClassCoupled,46.0,0.14600811420941628,0.0,42.555205635341274,-1,CountClassCoupled > 42.555205635341274,0.0,230.0
MAJOR_LINE,4.0,0.037315749860444815,0.0,3.496382367004915,-1,3.496382367004915 < MAJOR_LINE <= 5.505998299347475,0.0,21.0
MINOR_LINE,6.0,-0.009743946889331239,7.0,7.0,1,MINOR_LINE > 5.498260151999511,1.0,7.0
PercentLackOfCohesion,82.0,0.0012248215040378278,0.0,68.54770958067583,-1,68.54770958067583 < PercentLackOfCohesion <= 85.44043761153615,0.0,100.0
