feature,value,importance,left,right,rec,rule,min,max
MAJOR_LINE,0.0,-0.013125401817070897,0.5038021199295812,21.0,1,MAJOR_LINE <= 0.5038021199295812,0.0,21.0
MINOR_LINE,4.0,0.008156955078948905,1.0,3.5048260426015228,-1,3.5048260426015228 < MINOR_LINE <= 5.498260151999511,1.0,7.0
MAJOR_COMMIT,2.0,0.006801318558392949,0.0,1.5071982826582162,-1,1.5071982826582162 < MAJOR_COMMIT <= 2.504428889822858,0.0,10.0
PercentLackOfCohesion,69.0,0.00012962069022221206,0.0,68.54770958067583,-1,68.54770958067583 < PercentLackOfCohesion <= 85.44043761153615,0.0,100.0
