feature,value,importance,left,right,rec,rule,min,max
MAJOR_COMMIT,4.0,0.0958252113866308,0.0,2.504428889822858,-1,2.504428889822858 < MAJOR_COMMIT <= 4.498890104152141,0.0,10.0
MAJOR_LINE,4.0,0.03667113077069996,0.0,3.496382367004915,-1,3.496382367004915 < MAJOR_LINE <= 5.505998299347475,0.0,21.0
MINOR_LINE,2.0,-0.00683083202424967,2.4972751068731913,7.0,1,1.5005580521741972 < MINOR_LINE <= 2.4972751068731913,1.0,7.0
PercentLackOfCohesion,0.0,-0.0009890730265784047,26.68312272158718,100.0,1,PercentLackOfCohesion <= 26.68312272158718,0.0,100.0
