feature,value,importance,left,right,rec,rule,min,max
CountClassCoupled,38.0,0.1508638090906136,0.0,23.495360010578608,-1,23.495360010578608 < CountClassCoupled <= 42.555205635341274,0.0,230.0
MAJOR_LINE,4.0,0.03865957962153657,0.0,3.496382367004915,-1,3.496382367004915 < MAJOR_LINE <= 5.505998299347475,0.0,21.0
PercentLackOfCohesion,72.0,0.007872623480430916,0.0,68.54770958067583,-1,68.54770958067583 < PercentLackOfCohesion <= 85.44043761153615,0.0,100.0
MINOR_LINE,4.0,-0.0006903174025273702,5.498260151999511,7.0,1,3.5048260426015228 < MINOR_LINE <= 5.498260151999511,1.0,7.0
