feature,value,importance,left,right,rec,rule,min,max
MAJOR_COMMIT,5.0,0.14397002916498736,0.0,4.498890104152141,-1,4.498890104152141 < MAJOR_COMMIT <= 5.496120711316784,0.0,10.0
MAJOR_LINE,4.0,0.03666229677067295,0.0,3.496382367004915,-1,3.496382367004915 < MAJOR_LINE <= 5.505998299347475,0.0,21.0
PercentLackOfCohesion,86.0,-0.008639434803993267,98.66083346177467,100.0,1,85.44043761153615 < PercentLackOfCohesion <= 98.66083346177467,0.0,100.0
MINOR_LINE,1.0,-0.005116742044635381,1.5005580521741972,7.0,1,MINOR_LINE <= 1.5005580521741972,1.0,7.0
