feature,value,importance,left,right,rec,rule,min,max
CountClassCoupled,35.0,0.14066067923123446,0.0,23.495360010578608,-1,23.495360010578608 < CountClassCoupled <= 42.555205635341274,0.0,230.0
MAJOR_LINE,8.0,0.10936160163245355,0.0,7.493770580251528,-1,7.493770580251528 < MAJOR_LINE <= 11.993562776583781,0.0,21.0
PercentLackOfCohesion,96.0,0.0018757135153835542,0.0,85.44043761153615,-1,85.44043761153615 < PercentLackOfCohesion <= 98.66083346177467,0.0,100.0
