feature,value,importance,left,right,rec,rule,min,max
CountClassCoupled,23.0,0.10404504003612836,0.0,16.502179241780798,-1,16.502179241780798 < CountClassCoupled <= 23.495360010578608,0.0,230.0
MAJOR_LINE,8.0,0.10136125067453129,0.0,7.493770580251528,-1,7.493770580251528 < MAJOR_LINE <= 11.993562776583781,0.0,21.0
MINOR_LINE,2.0,-0.0063382369445255686,2.4972751068731913,7.0,1,1.5005580521741972 < MINOR_LINE <= 2.4972751068731913,1.0,7.0
PercentLackOfCohesion,100.0,0.0005976486440443955,0.0,98.66083346177467,-1,PercentLackOfCohesion > 98.66083346177467,0.0,100.0
