feature,value,importance,min,max,rule,importance_ratio
la,227.0,0.2678328376807242,0.0,8960.0,la > 96.49677421727523,0.5497089249051623
nd,3.0,0.058815794404016325,1.0,32.0,nd > 1.9961187690579543,0.12071547084833716
age,133.333333333333,0.052856278345270874,0.0,1848.0,age > 84.61170148501066,0.10848396408472949
ns,3.0,0.03173404448346354,1.0,22.0,ns > 1.0028049577057412,0.06513199661011101
asexp,0.527503408288304,0.025562158641313056,0.0,1051.0,asexp <= 8.86933593524725,0.052464615118337686
