{
    "57": {
        "CountDeclMethodPrivate": [
            13.0,
            12.0,
            11.0,
            10.0,
            9.0,
            8.0,
            6.5,
            4.5,
            2.5,
            0.5
        ],
        "CountDeclClass": [
            22.5,
            19.5,
            17.5,
            14.5,
            12.5,
            10.5,
            8.5,
            6.5,
            4.0,
            1.0
        ],
        "CountLineComment": [
            312.0,
            190.0,
            165.0,
            123.0,
            101.0,
            85.0,
            69.0,
            54.0,
            39.0,
            23.5
        ],
        "CountDeclMethodPublic": [
            65.0,
            53.5,
            45.5,
            39.5,
            33.5,
            27.5,
            21.5,
            15.5,
            9.5,
            3.0
        ],
        "CountClassDerived": [
            16.0,
            15.0,
            14.0,
            12.5,
            10.5,
            8.5,
            6.5,
            4.5,
            2.5,
            0.5
        ]
    },
    "115": {
        "MAJOR_LINE": [
            6,
            5,
            4,
            3,
            2,
            1,
            0
        ],
        "CountDeclMethodProtected": [
            7,
            6,
            5,
            4,
            3,
            2,
            1,
            0
        ],
        "CountClassCoupled": [
            18.0,
            16.5,
            14.5,
            12.5,
            10.5,
            8.5,
            6.5,
            4.5,
            2.5,
            0.5
        ],
        "CountLineComment": [
            68.0,
            63.0,
            58.0,
            53.0,
            48.0,
            42.5,
            36.5,
            30.5,
            24.5,
            18.5
        ],
        "CountPath_Min": [
            2.5,
            4.0,
            5.0,
            6.0,
            8.0,
            12.0,
            16.0,
            20.0,
            80.0,
            84.0
        ]
    },
    "141": {
        "AvgCyclomaticModified": [
            4,
            3,
            2,
            1,
            0
        ],
        "CountOutput_Mean": [
            9.9,
            7.90909090909091,
            6.53846153846154,
            5.3875,
            4.514332514332515,
            3.69375,
            2.92261904761905,
            2.281746031746035,
            1.604336043360435,
            0.78604118993135
        ],
        "AvgEssential": [
            2,
            1,
            0
        ],
        "CountPath_Min": [
            2.5,
            4.0,
            5.0,
            6.0,
            8.0,
            12.0,
            16.0,
            20.0,
            80.0,
            84.0
        ],
        "MaxNesting_Min": [
            1,
            2,
            3,
            4
        ]
    },
    "148": {
        "CountDeclMethodProtected": [
            7,
            6,
            5,
            4,
            3,
            2,
            1,
            0
        ],
        "CountClassCoupled": [
            18.0,
            16.5,
            14.5,
            12.5,
            10.5,
            8.5,
            6.5,
            4.5,
            2.5,
            0.5
        ],
        "MAJOR_LINE": [
            4,
            3,
            2,
            1,
            0
        ],
        "CountPath_Min": [
            2.5,
            4.0,
            5.0,
            6.0,
            8.0,
            12.0,
            16.0,
            20.0,
            80.0,
            84.0
        ],
        "CountLineComment": [
            68.0,
            63.0,
            58.0,
            53.0,
            48.0,
            42.5,
            36.5,
            30.5,
            24.5,
            18.5
        ]
    },
    "152": {
        "CountDeclMethodPublic": [
            65.0,
            53.5,
            45.5,
            39.5,
            33.5,
            27.5,
            21.5,
            15.5,
            9.5,
            3.0
        ],
        "CountDeclInstanceVariable": [
            22.5,
            19.5,
            17.5,
            15.5,
            13.5,
            11.5,
            9.5,
            7.0,
            4.0,
            1.0
        ],
        "CountDeclMethodProtected": [
            6,
            5,
            4,
            3,
            2,
            1,
            0
        ],
        "CountClassCoupled": [
            18.0,
            16.5,
            14.5,
            12.5,
            10.5,
            8.5,
            6.5,
            4.5,
            2.5,
            0.5
        ],
        "MAJOR_LINE": [
            4,
            3,
            2,
            1,
            0
        ]
    },
    "491": {
        "CountDeclMethodPublic": [
            65.0,
            53.5,
            45.5,
            39.5,
            33.5,
            27.5,
            21.5,
            15.5,
            9.5,
            3.0
        ],
        "CountDeclInstanceVariable": [
            22.5,
            19.5,
            17.5,
            15.5,
            13.5,
            11.5,
            9.5,
            7.0,
            4.0,
            1.0
        ],
        "MAJOR_LINE": [
            6,
            5,
            4,
            3,
            2,
            1,
            0
        ],
        "CountPath_Min": [
            2.5,
            4.0,
            5.0,
            6.0,
            8.0,
            12.0,
            16.0,
            20.0,
            80.0,
            84.0
        ],
        "CountLineComment": [
            68.0,
            63.0,
            58.0,
            53.0,
            48.0,
            42.5,
            36.5,
            30.5,
            24.5,
            18.5
        ]
    },
    "584": {
        "CountLineComment": [
            68.0,
            63.0,
            58.0,
            53.0,
            48.0,
            42.5,
            36.5,
            30.5,
            24.5,
            18.5
        ],
        "CountPath_Min": [
            2.5,
            4.0,
            5.0,
            6.0,
            8.0,
            12.0,
            16.0,
            20.0,
            80.0,
            84.0
        ],
        "MaxNesting_Min": [
            1,
            2,
            3,
            4
        ],
        "MAJOR_LINE": [
            2,
            1,
            0
        ],
        "CountDeclInstanceVariable": [
            8,
            7,
            6,
            5,
            4,
            3,
            2,
            1,
            0
        ]
    },
    "589": {
        "CountDeclMethodPublic": [
            65.0,
            53.5,
            45.5,
            39.5,
            33.5,
            27.5,
            21.5,
            15.5,
            9.5,
            3.0
        ],
        "CountClassCoupled": [
            18.0,
            16.5,
            14.5,
            12.5,
            10.5,
            8.5,
            6.5,
            4.5,
            2.5,
            0.5
        ],
        "MAJOR_LINE": [
            4,
            3,
            2,
            1,
            0
        ],
        "CountPath_Min": [
            2.5,
            4.0,
            5.0,
            6.0,
            8.0,
            12.0,
            16.0,
            20.0,
            80.0,
            84.0
        ],
        "CountLineComment": [
            68.0,
            63.0,
            58.0,
            53.0,
            48.0,
            42.5,
            36.5,
            30.5,
            24.5,
            18.5
        ]
    },
    "599": {
        "CountClassCoupled": [
            32.0,
            27.0,
            24.0,
            21.0,
            18.0,
            15.0,
            12.0,
            9.0,
            5.5,
            1.5
        ],