Antecedent,Antecedent Coverage %,Confidence,Lift
0.15 < MAJOR_LINE <= 0.99,0.15,0.99683,1.06369
MAJOR_LINE <= 0.15,0.21286,0.99553,1.0623
0.98 < MAJOR_COMMIT <= 1.75,0.2119,0.99551,1.06228
MaxInheritanceTree <= 1.24,0.20238,0.99529,1.06205
CountClassCoupled <= 0.9,0.19048,0.995,1.06174
RatioCommentToCode > 1.165,0.19619,0.99272,1.0593
MAJOR_COMMIT <= 0.98,0.18238,0.99217,1.05871
0.99 < MAJOR_LINE <= 1.75,0.23524,0.98988,1.05627
CountDeclMethodPublic <= 1.85,0.18143,0.9895,1.05587
