feature,value,importance,min,max,rule,importance_ratio
CountClassCoupled,136.0,0.249896369532906,0.0,132.0,CountClassCoupled > 35.464692589333026,0.2693007796240556
Del_lines,41.0,0.10564137140690176,0.0,20224.0,6.117765502847519 < Del_lines <= 541.5758170227919,0.11384440571749439
OWN_COMMIT,0.333333333333333,0.09398124412465234,0.0,1.0,0.12394271196938178 < OWN_COMMIT <= 0.48523577667359796,0.10127887155829562
CountDeclMethodDefault,0.0,-0.08269787467738292,0.0,82.0,CountDeclMethodDefault <= 0.5004260767643754,0.08911935041512918
CountOutput_Mean,7.10769230769231,0.04825843895795634,0.0,31.0,6.249004721764796 < CountOutput_Mean <= 12.226877636268407,0.0520056984385531
