feature,value,importance,min,max,rule,importance_ratio
CountDeclMethodDefault,3.0,0.11527307700608219,0.0,82.0,1.5073097577855388 < CountDeclMethodDefault <= 39.50392024684733,0.168534583537305
OWN_COMMIT,0.5,0.10096459107880622,0.0,1.0,0.48523577667359796 < OWN_COMMIT <= 0.9163585933794693,0.14761491365918064
CountOutput_Mean,9.16666666666667,0.050709019237921205,0.0,31.0,6.249004721764796 < CountOutput_Mean <= 12.226877636268407,0.07413893738949391
AvgLineComment,20.0,0.04130082367789387,0.0,41.0,AvgLineComment > 5.504555268674634,0.06038371924377661
MaxNesting_Min,0.0,-0.03434083347775589,0.0,6.0,MaxNesting_Min <= 0.501876927262143,0.050207890852017045
