feature,value,importance,min,max,rule,importance_ratio
Del_lines,118.0,0.10264202638498063,0.0,20224.0,6.117765502847519 < Del_lines <= 541.5758170227919,0.15600616812289744
OWN_COMMIT,0.733333333333333,0.10243504372275962,0.0,1.0,0.48523577667359796 < OWN_COMMIT <= 0.9163585933794693,0.1556915740610084
CountDeclMethodDefault,0.0,-0.08885003861401584,0.0,82.0,CountDeclMethodDefault <= 0.5004260767643754,0.13504365170807225
CountDeclClassMethod,13.0,0.046173973912279814,0.0,247.0,1.5382515305679796 < CountDeclClassMethod <= 36.01015640726675,0.07018007136807138
AvgLineComment,6.0,0.04153820801883851,0.0,41.0,AvgLineComment > 5.504555268674634,0.06313414584592654
