feature,value,importance,min,max,rule,importance_ratio
Del_lines,24.0,0.10430982721652626,0.0,20224.0,6.117765502847519 < Del_lines <= 541.5758170227919,0.14905190212845182
OWN_COMMIT,0.333333333333333,0.09485457385741276,0.0,1.0,0.12394271196938178 < OWN_COMMIT <= 0.48523577667359796,0.13554096518329872
CountDeclMethodDefault,0.0,-0.08322221033399654,0.0,82.0,CountDeclMethodDefault <= 0.5004260767643754,0.11891908059503521
CountDeclClassMethod,2.0,0.047137352258363054,0.0,247.0,1.5382515305679796 < CountDeclClassMethod <= 36.01015640726675,0.06735618496254916
AvgLineComment,5.0,0.0420229481769263,0.0,41.0,2.5128669808094335 < AvgLineComment <= 5.504555268674634,0.060048036948755025
