feature,value,importance,min,max,rule,importance_ratio
OWN_COMMIT,0.75,0.10404364582211373,0.0,1.0,0.48523577667359796 < OWN_COMMIT <= 0.9163585933794693,0.140283989995183
Del_lines,158.0,0.10060208974433407,0.0,20224.0,6.117765502847519 < Del_lines <= 541.5758170227919,0.13564367568700744
CountDeclMethodDefault,0.0,-0.08797907574946487,0.0,82.0,CountDeclMethodDefault <= 0.5004260767643754,0.11862383026566492
CountClassCoupled,17.0,0.07632659562073908,0.0,132.0,14.528794990404752 < CountClassCoupled <= 19.508692962965362,0.10291257377440303
CountOutput_Mean,8.58333333333333,0.04897905010426384,0.0,31.0,6.249004721764796 < CountOutput_Mean <= 12.226877636268407,0.06603936761835136
