feature,value,importance,min,max,rule,importance_ratio
CountClassCoupled,33.0,0.2464976133263021,0.0,132.0,19.508692962965362 < CountClassCoupled <= 35.464692589333026,0.25098869584462336
OWN_COMMIT,0.75,0.10389353451959872,0.0,1.0,0.48523577667359796 < OWN_COMMIT <= 0.9163585933794693,0.10578643088622568
Del_lines,48.0,0.10003401197962554,0.0,20224.0,6.117765502847519 < Del_lines <= 541.5758170227919,0.1018565894738933
CountDeclMethodDefault,0.0,-0.08836256004845752,0.0,82.0,CountDeclMethodDefault <= 0.5004260767643754,0.0899724886126843
CountOutput_Mean,10.7272727272727,0.04808608716377488,0.0,31.0,6.249004721764796 < CountOutput_Mean <= 12.226877636268407,0.04896219538454627
