feature,value,importance,min,max,rule,importance_ratio
CountClassCoupled,21.0,0.2367009604870513,0.0,132.0,19.508692962965362 < CountClassCoupled <= 35.464692589333026,0.2892549028297066
Del_lines,31.0,0.10203296204877609,0.0,20224.0,6.117765502847519 < Del_lines <= 541.5758170227919,0.12468700786898752
OWN_COMMIT,0.333333333333333,0.09444982802626098,0.0,1.0,0.12394271196938178 < OWN_COMMIT <= 0.48523577667359796,0.1154202153290931
CountOutput_Mean,7.58333333333333,0.04777430676532269,0.0,31.0,6.249004721764796 < CountOutput_Mean <= 12.226877636268407,0.0583814802978629
CountDeclClassMethod,0.0,-0.03816676935959187,0.0,247.0,CountDeclClassMethod <= 0.48786107726136896,0.046640812693434376
