feature,value,importance,min,max,rule,importance_ratio
CountClassCoupled,230.0,0.24839531796607556,0.0,132.0,CountClassCoupled > 35.464692589333026,0.21398142154607058
CountDeclMethodProtected,29.0,0.14369499480586323,0.0,83.0,CountDeclMethodProtected > 23.98489973706664,0.12378679078730961
CountDeclMethodDefault,16.0,0.11095821145312432,0.0,82.0,1.5073097577855388 < CountDeclMethodDefault <= 39.50392024684733,0.09558552074718138
Del_lines,1322.0,0.10302801107658786,0.0,20224.0,Del_lines > 748.0174754401199,0.08875400893121306
OWN_COMMIT,0.26984126984127,0.09381024999943711,0.0,1.0,0.12394271196938178 < OWN_COMMIT <= 0.48523577667359796,0.08081332134132001
