feature,value,importance,min,max,rule,importance_ratio
CountDeclMethodDefault,12.0,0.11441017503973477,0.0,82.0,1.5073097577855388 < CountDeclMethodDefault <= 39.50392024684733,0.15655120426851277
Del_lines,164.0,0.10633858496852798,0.0,20224.0,6.117765502847519 < Del_lines <= 541.5758170227919,0.14550658218336746
OWN_COMMIT,0.363636363636364,0.09659653707724404,0.0,1.0,0.12394271196938178 < OWN_COMMIT <= 0.48523577667359796,0.1321762177390132
CountOutput_Mean,0.818181818181818,-0.053468895190348316,0.0,31.0,CountOutput_Mean <= 2.7652112351666642,0.07316324732523828
AvgLineComment,4.0,0.043083291063902227,0.0,41.0,2.5128669808094335 < AvgLineComment <= 5.504555268674634,0.05895228372443528
