feature,value,importance,min,max,rule,importance_ratio
CountClassCoupled,37.0,0.2537913066194252,0.0,132.0,CountClassCoupled > 35.464692589333026,0.2459580202660452
CountDeclMethodDefault,7.0,0.11489755489261515,0.0,82.0,1.5073097577855388 < CountDeclMethodDefault <= 39.50392024684733,0.1113512338591422
Del_lines,19.0,0.10676448294787032,0.0,20224.0,6.117765502847519 < Del_lines <= 541.5758170227919,0.1034691897463765
OWN_COMMIT,0.5,0.10075109555278709,0.0,1.0,0.48523577667359796 < OWN_COMMIT <= 0.9163585933794693,0.09764140597202772
AvgLineComment,0.0,-0.07242434505107004,0.0,41.0,AvgLineComment <= 0.49672922159592847,0.07018896259728188
