feature,value,importance,min,max,rule,importance_ratio
CountClassCoupled,21.0,0.23739533970509644,0.0,132.0,19.508692962965362 < CountClassCoupled <= 35.464692589333026,0.29837309109794263
Del_lines,10.0,0.10067356841311267,0.0,20224.0,6.117765502847519 < Del_lines <= 541.5758170227919,0.12653274422571054
OWN_COMMIT,0.285714285714286,0.09365713609939864,0.0,1.0,0.12394271196938178 < OWN_COMMIT <= 0.48523577667359796,0.11771405974553915
CountDeclClassMethod,3.0,0.0474327119323177,0.0,247.0,1.5382515305679796 < CountDeclClassMethod <= 36.01015640726675,0.059616355131423285
CountOutput_Mean,8.21428571428571,0.046645838834470696,0.0,31.0,6.249004721764796 < CountOutput_Mean <= 12.226877636268407,0.05862736453540703
