feature,value,importance,min,max,rule,importance_ratio
CountClassCoupled,38.0,0.2483552371870734,0.0,132.0,CountClassCoupled > 35.464692589333026,0.23001052328609373
CountDeclMethodDefault,47.0,0.16612417451507702,0.0,82.0,CountDeclMethodDefault > 39.50392024684733,0.15385344292901437
Del_lines,34.0,0.10488345932436068,0.0,20224.0,6.117765502847519 < Del_lines <= 541.5758170227919,0.0971362618984367
OWN_COMMIT,0.4,0.095916089460108,0.0,1.0,0.12394271196938178 < OWN_COMMIT <= 0.48523577667359796,0.08883126515933809
AvgLineComment,0.0,-0.07234666352489293,0.0,41.0,AvgLineComment <= 0.49672922159592847,0.06700279053438737
