feature,value,importance,min,max,rule,importance_ratio
CountClassCoupled,38.0,0.2581297887848248,0.0,132.0,CountClassCoupled > 35.464692589333026,0.25776996496320226
CountDeclMethodDefault,2.0,0.11472562439144425,0.0,82.0,1.5073097577855388 < CountDeclMethodDefault <= 39.50392024684733,0.11456570091728463
Del_lines,412.0,0.1057822976911789,0.0,20224.0,6.117765502847519 < Del_lines <= 541.5758170227919,0.1056348408990185
OWN_COMMIT,0.294117647058824,0.09485706764632497,0.0,1.0,0.12394271196938178 < OWN_COMMIT <= 0.48523577667359796,0.09472484023952668
CountOutput_Mean,10.6857142857143,0.04930672998931156,0.0,31.0,6.249004721764796 < CountOutput_Mean <= 12.226877636268407,0.049237998146698644
