feature,value,importance,min,max,rule,importance_ratio
CountClassCoupled,108.0,0.12515587663301128,0.0,64.0,CountClassCoupled > 17.999561761991284,0.1443744833718721
CountLineComment,360.0,0.1096571131646845,16.0,692.0,CountLineComment > 233.07074018180373,0.1264957706111137
CountDeclInstanceVariable,64.0,0.0765953431747782,0.0,53.0,CountDeclInstanceVariable > 17.496765207137997,0.0883571223105721
CountDeclMethodPublic,149.0,0.06157841918523225,0.0,130.0,CountDeclMethodPublic > 97.97323714609264,0.07103423902972808
CountDeclMethodProtected,33.0,0.0530886023421714,0.0,26.0,CountDeclMethodProtected > 11.500159966034467,0.06124074827553178
