feature,value,importance,min,max,rule,importance_ratio
MAJOR_COMMIT,5.0,0.2092971413501701,0.0,6.0,3.499655327458867 < MAJOR_COMMIT <= 5.500531086221038,0.2816946695213164
CountDeclMethodPublic,22.0,0.10600657254322035,0.0,130.0,19.46203008474309 < CountDeclMethodPublic <= 97.97323714609264,0.14267508016122094
OWN_COMMIT,0.428571428571429,0.056327609134296186,0.0,1.0,0.12459400969076351 < OWN_COMMIT <= 0.48244991433470624,0.07581177238089665
CountDeclMethodProtected,6.0,0.04663767488359252,0.0,26.0,3.501447528341921 < CountDeclMethodProtected <= 7.490195375254914,0.06277001362190615
CountDeclClassVariable,1.0,0.04065062527251323,0.0,19.0,0.5039837002958555 < CountDeclClassVariable <= 6.5024335433933,0.054711996437720005
