feature,value,importance,left,right,rec,rule,min,max
CountClassCoupled,63.0,0.03644497227724791,0.0,22.548600364051904,-1,CountClassCoupled > 22.548600364051904,0.0,146.0
MaxInheritanceTree,1.0,0.001492163295941489,0.0,0.498323230620082,-1,0.498323230620082 < MaxInheritanceTree <= 1.49915741822687,0.0,6.0
RatioCommentToCode,0.08000000000000007,-0.00045124523805242073,0.2491224356128714,10.67,1,0.018923921867571636 < RatioCommentToCode <= 0.2491224356128714,0.0,10.67
PercentLackOfCohesion,93.0,-0.000322671054701398,99.31264461386067,100.0,1,85.31518137650602 < PercentLackOfCohesion <= 99.31264461386067,0.0,100.0
