feature,value,importance,left,right,rec,rule,min,max
CountClassCoupled,34.0,0.01985983080460502,0.0,22.548600364051904,-1,CountClassCoupled > 22.548600364051904,0.0,146.0
CountInput_Mean,3.3030303030303,0.009704560930878828,0.0,3.2381709796716494,-1,CountInput_Mean > 3.2381709796716494,0.0,51.0
RatioCommentToCode,0.08,-0.008195545720599978,0.2491224356128714,10.67,1,0.018923921867571636 < RatioCommentToCode <= 0.2491224356128714,0.0,10.67
MaxInheritanceTree,1.0,-0.0024754191442727127,1.49915741822687,6.0,1,0.498323230620082 < MaxInheritanceTree <= 1.49915741822687,0.0,6.0
PercentLackOfCohesion,99.0,0.0003738871676704661,0.0,85.31518137650602,-1,85.31518137650602 < PercentLackOfCohesion <= 99.31264461386067,0.0,100.0
