feature,value,importance,left,right,rec,rule,min,max
CountClassCoupled,34.0,0.01245063999444889,0.0,22.548600364051904,-1,CountClassCoupled > 22.548600364051904,0.0,146.0
PercentLackOfCohesion,96.0,0.00881710794989449,0.0,85.31518137650602,-1,85.31518137650602 < PercentLackOfCohesion <= 99.31264461386067,0.0,100.0
RatioCommentToCode,0.2,-0.003998248591203661,0.2491224356128714,10.67,1,0.018923921867571636 < RatioCommentToCode <= 0.2491224356128714,0.0,10.67
CountInput_Mean,4.0,0.00025696575917697937,0.0,3.2381709796716494,-1,CountInput_Mean > 3.2381709796716494,0.0,51.0
