feature,value,importance,left,right,rec,rule,min,max
CountClassCoupled,37.0,0.031904424680832724,0.0,22.548600364051904,-1,CountClassCoupled > 22.548600364051904,0.0,146.0
MaxInheritanceTree,4.0,0.00863959931436155,0.0,2.4999916058336584,-1,2.4999916058336584 < MaxInheritanceTree <= 5.502494168654023,0.0,6.0
RatioCommentToCode,0.19,-0.003703447560356778,0.2491224356128714,10.67,1,0.018923921867571636 < RatioCommentToCode <= 0.2491224356128714,0.0,10.67
PercentLackOfCohesion,97.0,-3.955307032319172e-06,99.31264461386067,100.0,1,85.31518137650602 < PercentLackOfCohesion <= 99.31264461386067,0.0,100.0
