feature,value,importance,left,right,rec,rule,min,max
CountClassCoupled,27.0,0.025017712171532765,0.0,22.548600364051904,-1,CountClassCoupled > 22.548600364051904,0.0,146.0
PercentLackOfCohesion,100.0,0.014457916796872953,0.0,99.31264461386067,-1,PercentLackOfCohesion > 99.31264461386067,0.0,100.0
CountInput_Mean,7.42105263157895,0.008738108385069592,0.0,3.2381709796716494,-1,CountInput_Mean > 3.2381709796716494,0.0,51.0
RatioCommentToCode,0.45,0.003486009461768932,0.0,0.40849063743654046,-1,0.40849063743654046 < RatioCommentToCode <= 1.8605120318299697,0.0,10.67
