feature,value,importance,left,right,rec,rule,min,max
CountClassCoupled,21.0,0.015590512618863224,0.0,15.514444620491176,-1,15.514444620491176 < CountClassCoupled <= 21.543720972114656,0.0,146.0
PercentLackOfCohesion,80.0,-0.01224593732445533,85.31518137650602,100.0,1,79.640534118119 < PercentLackOfCohesion <= 85.31518137650602,0.0,100.0
RatioCommentToCode,0.30000000000000004,-0.008243350639044147,0.40849063743654046,10.67,1,0.2491224356128714 < RatioCommentToCode <= 0.40849063743654046,0.0,10.67
CountInput_Mean,4.13698630136986,0.0030629486641890855,0.0,3.2381709796716494,-1,CountInput_Mean > 3.2381709796716494,0.0,51.0
MaxInheritanceTree,4.0,-0.0019749794205256295,5.502494168654023,6.0,1,2.4999916058336584 < MaxInheritanceTree <= 5.502494168654023,0.0,6.0
