feature,value,importance,left,right,rec,rule,min,max
CountClassCoupled,34.0,0.012726539769063036,0.0,22.548600364051904,-1,CountClassCoupled > 22.548600364051904,0.0,146.0
MaxInheritanceTree,4.0,0.005695786410566176,0.0,2.4999916058336584,-1,2.4999916058336584 < MaxInheritanceTree <= 5.502494168654023,0.0,6.0
RatioCommentToCode,0.19999999999999996,-0.0034873755526018766,0.2491224356128714,10.67,1,0.018923921867571636 < RatioCommentToCode <= 0.2491224356128714,0.0,10.67
PercentLackOfCohesion,96.0,-0.0017554778577954229,99.31264461386067,100.0,1,85.31518137650602 < PercentLackOfCohesion <= 99.31264461386067,0.0,100.0
