feature,value,importance,left,right,rec,rule,min,max
RatioCommentToCode,0.16999999999999993,-0.00561039436902847,0.2491224356128714,10.67,1,0.018923921867571636 < RatioCommentToCode <= 0.2491224356128714,0.0,10.67
CountClassCoupled,9.0,0.004149027776356132,0.0,5.465650701118706,-1,5.465650701118706 < CountClassCoupled <= 9.485168268867694,0.0,146.0
PercentLackOfCohesion,-7.105427357601002e-15,-0.00014085767123172367,50.8889880089581,100.0,1,PercentLackOfCohesion <= 50.8889880089581,0.0,100.0
MaxInheritanceTree,1.0,3.2177210678699325e-06,0.0,0.498323230620082,-1,0.498323230620082 < MaxInheritanceTree <= 1.49915741822687,0.0,6.0
