feature,value,importance,left,right,rec,rule,min,max
CountClassCoupled,12.0,0.01569976427958864,0.0,10.490047660804942,-1,10.490047660804942 < CountClassCoupled <= 15.514444620491176,0.0,146.0
CountInput_Mean,3.64102564102564,0.0048101312357126565,0.0,3.2381709796716494,-1,CountInput_Mean > 3.2381709796716494,0.0,51.0
RatioCommentToCode,0.18999999999999995,-0.002923921329970135,0.2491224356128714,10.67,1,0.018923921867571636 < RatioCommentToCode <= 0.2491224356128714,0.0,10.67
MaxInheritanceTree,1.0,-0.0026415043612887565,1.49915741822687,6.0,1,0.498323230620082 < MaxInheritanceTree <= 1.49915741822687,0.0,6.0
PercentLackOfCohesion,97.0,0.0022890633416828856,0.0,85.31518137650602,-1,85.31518137650602 < PercentLackOfCohesion <= 99.31264461386067,0.0,100.0
