feature,value,importance,left,right,rec,rule,min,max
CountClassCoupled,15.0,0.01666660012739715,0.0,10.490047660804942,-1,10.490047660804942 < CountClassCoupled <= 15.514444620491176,0.0,146.0
RatioCommentToCode,0.18,-0.005651716708667809,0.2491224356128714,10.67,1,0.018923921867571636 < RatioCommentToCode <= 0.2491224356128714,0.0,10.67
PercentLackOfCohesion,95.0,-0.0032137087708101002,99.31264461386067,100.0,1,85.31518137650602 < PercentLackOfCohesion <= 99.31264461386067,0.0,100.0
MaxInheritanceTree,1.0,0.0031083197881100204,0.0,0.498323230620082,-1,0.498323230620082 < MaxInheritanceTree <= 1.49915741822687,0.0,6.0
