feature,value,importance,left,right,rec,rule,min,max
OWN_COMMIT,0.4,0.2058488392255511,0.0,0.36450244784925023,-1,0.36450244784925023 < OWN_COMMIT <= 0.9806106315167405,0.0,1.0
CountClassCoupled,8.0,-0.03775058633886456,8.508859599645833,42.0,1,0.4889161313989083 < CountClassCoupled <= 8.508859599645833,0.0,42.0
MAJOR_LINE,4.0,0.029572551016933245,0.0,2.4941625536953684,-1,2.4941625536953684 < MAJOR_LINE <= 4.502888577510651,0.0,11.0
CountDeclMethodPublic,5.0,-0.023171539835872137,9.533919875779645,82.0,1,0.5356186667481531 < CountDeclMethodPublic <= 9.533919875779645,0.0,82.0
