feature,value,importance,left,right,rec,rule,min,max
OWN_COMMIT,1.0,0.20870461952207217,0.0,0.9806106315167405,-1,OWN_COMMIT > 0.9806106315167405,0.0,1.0
CountClassCoupled,6.0,-0.049994633417815994,8.508859599645833,42.0,1,0.4889161313989083 < CountClassCoupled <= 8.508859599645833,0.0,42.0
CountDeclMethodPublic,12.0,0.01806420881557488,0.0,9.533919875779645,-1,9.533919875779645 < CountDeclMethodPublic <= 25.473767731778292,0.0,82.0
MAJOR_LINE,1.0,0.008631149955411933,0.0,0.49910133276318186,-1,0.49910133276318186 < MAJOR_LINE <= 2.4941625536953684,0.0,11.0
