feature,value,importance,left,right,rec,rule,min,max
OWN_COMMIT,0.666666666666667,0.21491910820136892,0.0,0.36450244784925023,-1,0.36450244784925023 < OWN_COMMIT <= 0.9806106315167405,0.0,1.0
MaxInheritanceTree,1.0,-0.06665756827504772,1.4975445324042342,5.0,1,0.49601854060058526 < MaxInheritanceTree <= 1.4975445324042342,0.0,5.0
CountDeclMethodPublic,10.0,0.02036997131918347,0.0,9.533919875779645,-1,9.533919875779645 < CountDeclMethodPublic <= 25.473767731778292,0.0,82.0
MAJOR_LINE,1.0,0.0043517535667890826,0.0,0.49910133276318186,-1,0.49910133276318186 < MAJOR_LINE <= 2.4941625536953684,0.0,11.0
