feature,value,importance,left,right,rec,rule,min,max
OWN_COMMIT,0.714285714285714,0.20467572631563777,0.0,0.36450244784925023,-1,0.36450244784925023 < OWN_COMMIT <= 0.9806106315167405,0.0,1.0
CountClassCoupled,29.0,0.09459464852597264,0.0,22.47692780684256,-1,CountClassCoupled > 22.47692780684256,0.0,42.0
MaxInheritanceTree,2.0,-0.06374359643130105,2.4990705242078834,5.0,1,1.4975445324042342 < MaxInheritanceTree <= 2.4990705242078834,0.0,5.0
CountDeclMethodPublic,12.0,0.024042947335966215,0.0,9.533919875779645,-1,9.533919875779645 < CountDeclMethodPublic <= 25.473767731778292,0.0,82.0
MAJOR_LINE,3.0,0.019033850635757608,0.0,2.4941625536953684,-1,2.4941625536953684 < MAJOR_LINE <= 4.502888577510651,0.0,11.0
