feature,value,importance,left,right,rec,rule,min,max
OWN_COMMIT,0.5,0.2096258828176758,0.0,0.36450244784925023,-1,0.36450244784925023 < OWN_COMMIT <= 0.9806106315167405,0.0,1.0
CountClassCoupled,6.0,-0.047793787898768134,8.508859599645833,42.0,1,0.4889161313989083 < CountClassCoupled <= 8.508859599645833,0.0,42.0
MAJOR_LINE,4.0,0.03919685349124598,0.0,2.4941625536953684,-1,2.4941625536953684 < MAJOR_LINE <= 4.502888577510651,0.0,11.0
CountDeclMethodPublic,11.0,0.02079835561030359,0.0,9.533919875779645,-1,9.533919875779645 < CountDeclMethodPublic <= 25.473767731778292,0.0,82.0
