feature,value,importance,left,right,rec,rule,min,max
OWN_COMMIT,1.0,0.2058902508788014,0.0,0.9806106315167405,-1,OWN_COMMIT > 0.9806106315167405,0.0,1.0
MaxInheritanceTree,1.0,-0.05486133539278689,1.4975445324042342,5.0,1,0.49601854060058526 < MaxInheritanceTree <= 1.4975445324042342,0.0,5.0
CountClassCoupled,8.0,-0.04713245066650832,8.508859599645833,42.0,1,0.4889161313989083 < CountClassCoupled <= 8.508859599645833,0.0,42.0
CountDeclMethodPublic,1.0,-0.023930322297198048,9.533919875779645,82.0,1,0.5356186667481531 < CountDeclMethodPublic <= 9.533919875779645,0.0,82.0
