feature,value,importance,left,right,rec,rule,min,max
OWN_COMMIT,0.5,0.2070190105581533,0.0,0.36450244784925023,-1,0.36450244784925023 < OWN_COMMIT <= 0.9806106315167405,0.0,1.0
CountDeclMethodPublic,2.0,-0.021717057785683426,9.533919875779645,82.0,1,0.5356186667481531 < CountDeclMethodPublic <= 9.533919875779645,0.0,82.0
MAJOR_LINE,2.0,0.008808953676555637,0.0,0.49910133276318186,-1,0.49910133276318186 < MAJOR_LINE <= 2.4941625536953684,0.0,11.0
