feature,value,importance,left,right,rec,rule,min,max
OWN_COMMIT,1.0,0.19598610185509827,0.0,0.9806106315167405,-1,OWN_COMMIT > 0.9806106315167405,0.0,1.0
CountClassCoupled,3.0,-0.042899584421848755,8.508859599645833,42.0,1,0.4889161313989083 < CountClassCoupled <= 8.508859599645833,0.0,42.0
CountDeclMethodPublic,9.0,-0.029538303078267835,9.533919875779645,82.0,1,0.5356186667481531 < CountDeclMethodPublic <= 9.533919875779645,0.0,82.0
MAJOR_LINE,0.0,-0.021623135966918703,0.49910133276318186,11.0,1,MAJOR_LINE <= 0.49910133276318186,0.0,11.0
