feature,value,importance,left,right,rec,rule,min,max
OWN_COMMIT,0.8,0.20217978290763167,0.0,0.36450244784925023,-1,0.36450244784925023 < OWN_COMMIT <= 0.9806106315167405,0.0,1.0
MaxInheritanceTree,2.0,-0.053069843430882405,2.4990705242078834,5.0,1,1.4975445324042342 < MaxInheritanceTree <= 2.4990705242078834,0.0,5.0
CountDeclMethodPublic,16.999999999999996,0.019442892997860017,0.0,9.533919875779645,-1,9.533919875779645 < CountDeclMethodPublic <= 25.473767731778292,0.0,82.0
MAJOR_LINE,1.0,0.01537081344482934,0.0,0.49910133276318186,-1,0.49910133276318186 < MAJOR_LINE <= 2.4941625536953684,0.0,11.0
