feature,value,importance,left,right,rec,rule,min,max
OWN_COMMIT,1.0,0.2076599884984773,0.0,0.9806106315167405,-1,OWN_COMMIT > 0.9806106315167405,0.0,1.0
CountClassCoupled,24.0,0.11897012119298878,0.0,22.47692780684256,-1,CountClassCoupled > 22.47692780684256,0.0,42.0
MAJOR_LINE,1.0,0.017227023343540152,0.0,0.49910133276318186,-1,0.49910133276318186 < MAJOR_LINE <= 2.4941625536953684,0.0,11.0
CountDeclMethodPublic,17.0,0.01581703005050355,0.0,9.533919875779645,-1,9.533919875779645 < CountDeclMethodPublic <= 25.473767731778292,0.0,82.0
