feature,value,importance,left,right,rec,rule,min,max
OWN_COMMIT,0.666666666666667,0.21162111942532202,0.0,0.36450244784925023,-1,0.36450244784925023 < OWN_COMMIT <= 0.9806106315167405,0.0,1.0
CountDeclMethodPublic,4.0,-0.024150934464894008,9.533919875779645,82.0,1,0.5356186667481531 < CountDeclMethodPublic <= 9.533919875779645,0.0,82.0
MAJOR_LINE,1.0,0.020574677894508998,0.0,0.49910133276318186,-1,0.49910133276318186 < MAJOR_LINE <= 2.4941625536953684,0.0,11.0
