feature,value,importance,left,right,rec,rule,min,max
OWN_COMMIT,0.2,0.1321795658648929,0.0,0.12361804521233677,-1,0.12361804521233677 < OWN_COMMIT <= 0.36450244784925023,0.0,1.0
CountDeclMethodPublic,7.0,-0.022370890513681057,9.533919875779645,82.0,1,0.5356186667481531 < CountDeclMethodPublic <= 9.533919875779645,0.0,82.0
MAJOR_LINE,2.0,0.018386383153996464,0.0,0.49910133276318186,-1,0.49910133276318186 < MAJOR_LINE <= 2.4941625536953684,0.0,11.0
