feature,value,importance,left,right,rec,rule,min,max
OWN_COMMIT,0.333333333333333,0.15449339260441414,0.0,0.12361804521233677,-1,0.12361804521233677 < OWN_COMMIT <= 0.36450244784925023,0.0,1.0
CountClassCoupled,19.0,0.07410361133483433,0.0,12.518831333769295,-1,12.518831333769295 < CountClassCoupled <= 20.47194193978083,0.0,42.0
CountDeclMethodPublic,21.999999999999996,0.019215605330802563,0.0,9.533919875779645,-1,9.533919875779645 < CountDeclMethodPublic <= 25.473767731778292,0.0,82.0
MAJOR_LINE,2.0,0.0002531990282449686,0.0,0.49910133276318186,-1,0.49910133276318186 < MAJOR_LINE <= 2.4941625536953684,0.0,11.0
