Antecedent,Antecedent Coverage %,Confidence,Lift
-0.79 < CountDeclMethodProtected <= 0.03,0.59747,0.87686,1.12792
-28.5 < Added_lines <= 2.5,0.54499,0.94669,1.21774
-0.79 < CountDeclClassVariable <= 0.13,0.51218,0.8527,1.09684
-0.42 < CountDeclMethodPrivate <= 0.19,0.47657,0.86234,1.10924
-0.295 < CountDeclClassMethod <= 0.215,0.44189,0.83987,1.08034
-8 < CountLineComment <= 61.5,0.3641,0.94723,1.21844
OWN_COMMIT <= 0.005,0.28397,0.94389,1.21415
MAJOR_LINE <= 0.08,0.24977,0.92871,1.19461
PercentLackOfCohesion <= 2,0.24039,0.90253,1.16095
