Antecedent,Antecedent Coverage %,Confidence,Lift
-27.5 < Added_lines <= 1.5,0.45676,0.94461,1.18431
-0.285 < CountDeclMethodPrivate <= 0.185,0.45078,0.88469,1.10918
OWN_COMMIT <= 0.005,0.28795,0.94249,1.18165
MAJOR_LINE <= 0.08,0.24057,0.9369,1.17464
PercentLackOfCohesion <= 2.5,0.23551,0.94727,1.18763
0.94 < MaxInheritanceTree <= 1.6,0.22769,0.87071,1.09165
