feature,value,importance,min,max,rule,importance_ratio
RatioCommentToCode,0.1,0.06654260310150449,0.0,10.67,-0.001302039895614393 < RatioCommentToCode <= 0.2374223038482074,0.12489885695082938
MINOR_COMMIT,0.0,-0.05107203904492261,0.0,3.0,MINOR_COMMIT <= 0.5004312637688242,0.09586098231126668
CountDeclInstanceMethod,90.0,0.04810674978068484,0.0,498.0,CountDeclInstanceMethod > 58.48551584081087,0.09029520606613074
MAJOR_LINE,7.0,0.04557848450161444,0.0,12.0,4.493037577476152 < MAJOR_LINE <= 9.495961997657092,0.08554971327345062
PercentLackOfCohesion,76.0,0.03437599737516049,0.0,100.0,73.89411643876474 < PercentLackOfCohesion <= 85.52769820940573,0.06452291582511269
