feature,value,importance,min,max,rule,importance_ratio
CountClassCoupled,21.0,0.24676528799231395,0.0,157.0,19.49362632354891 < CountClassCoupled <= 149.5610677723453,0.2532647423614569
MINOR_LINE,7.0,0.08400243613663802,1.0,8.0,4.500984724383485 < MINOR_LINE <= 7.000691311130333,0.08621494343460098
CountDeclClassVariable,18.0,0.08135735997610032,0.0,139.0,3.4671140433870056 < CountDeclClassVariable <= 57.97334749613853,0.08350019964800373
MINOR_COMMIT,0.0,-0.06929938428766028,0.0,3.0,MINOR_COMMIT <= 0.5004312637688242,0.07112463365580228
MaxInheritanceTree,4.0,0.052727030005888555,0.0,9.0,3.497143905706257 < MaxInheritanceTree <= 4.50216753889406,0.05411578661882992
