feature,value,importance,min,max,rule,importance_ratio
CountClassCoupled,43.0,0.24573926198146367,0.0,157.0,19.49362632354891 < CountClassCoupled <= 149.5610677723453,0.2799551674426366
CountDeclClass,23.0,0.07632102473497313,0.0,144.0,CountDeclClass > 22.518185474480106,0.08694770663340196
RatioCommentToCode,0.16,0.06569802500861253,0.0,10.67,-0.001302039895614393 < RatioCommentToCode <= 0.2374223038482074,0.07484559627807465
MINOR_COMMIT,0.0,-0.05949949185425032,0.0,3.0,MINOR_COMMIT <= 0.5004312637688242,0.06778400028752796
MaxInheritanceTree,4.0,0.05536396465901015,0.0,9.0,3.497143905706257 < MaxInheritanceTree <= 4.50216753889406,0.06307265624314659
