feature,value,importance,min,max,rule,importance_ratio
CountClassCoupled,17.0,0.1055195328142737,0.0,157.0,13.490513641296767 < CountClassCoupled <= 18.559808795198578,0.09465329685474086
MAJOR_LINE,4.0,0.09006988481688041,0.0,12.0,1.5065009464175683 < MAJOR_LINE <= 4.493037577476152,0.0807946293720821
CountDeclClassVariable,37.0,0.07800469209591943,0.0,139.0,3.4671140433870056 < CountDeclClassVariable <= 57.97334749613853,0.06997189127072179
MINOR_LINE,5.0,0.07692912641358,1.0,8.0,4.500984724383485 < MINOR_LINE <= 7.000691311130333,0.06900708565509767
CountDeclClass,5.0,0.07023282267683793,0.0,144.0,4.501023241845026 < CountDeclClass <= 12.480942846610736,0.0630003567725981
