feature,value,importance,min,max,rule,importance_ratio
CountClassCoupled,54.0,0.24350018755044125,0.0,157.0,19.49362632354891 < CountClassCoupled <= 149.5610677723453,0.22360362279396728
MINOR_COMMIT,4.0,0.11599566633547825,0.0,3.0,MINOR_COMMIT > 1.4991609256393426,0.10651758210921414
CountDeclClassVariable,6.0,0.0784750986751868,0.0,139.0,3.4671140433870056 < CountDeclClassVariable <= 57.97334749613853,0.07206284536947591
MAJOR_LINE,12.0,0.06700421937494164,0.0,12.0,MAJOR_LINE > 9.495961997657092,0.061529259362952525
RatioCommentToCode,0.22,0.0644640753723491,0.0,10.67,-0.001302039895614393 < RatioCommentToCode <= 0.2374223038482074,0.05919667224212988
