feature,value,importance,min,max,rule,importance_ratio
CountClassCoupled,49.0,0.24330030029457905,0.0,157.0,19.49362632354891 < CountClassCoupled <= 149.5610677723453,0.21365822873368331
MINOR_COMMIT,4.0,0.10834671998226247,0.0,3.0,MINOR_COMMIT > 1.4991609256393426,0.09514648462203462
CountDeclClassVariable,9.0,0.07858283998928549,0.0,139.0,3.4671140433870056 < CountDeclClassVariable <= 57.97334749613853,0.06900883550346891
MAJOR_LINE,13.0,0.06641080744536418,0.0,12.0,MAJOR_LINE > 9.495961997657092,0.058319761506132294
RatioCommentToCode,0.07,0.06452397964831136,0.0,10.67,-0.001302039895614393 < RatioCommentToCode <= 0.2374223038482074,0.05666281211249948
