feature,value,importance,min,max,rule,importance_ratio
CountClassCoupled,14.0,0.10388990156761041,0.0,157.0,13.490513641296767 < CountClassCoupled <= 18.559808795198578,0.12245044710073752
MAJOR_LINE,2.0,0.08819919607808355,0.0,12.0,1.5065009464175683 < MAJOR_LINE <= 4.493037577476152,0.10395650424847505
CountDeclClassVariable,4.0,0.07834219504852652,0.0,139.0,3.4671140433870056 < CountDeclClassVariable <= 57.97334749613853,0.09233849167045571
CountInput_Mean,3.94117647058824,0.04853066582035462,0.0,62.0,3.0875323489938937 < CountInput_Mean <= 7.45941817552566,0.057200956379109894
CountDeclMethodPrivate,27.0,0.0484310234024891,0.0,142.0,CountDeclMethodPrivate > 11.499928754638997,0.05708351225380297
