feature,value,importance,left,right,rec,rule,min,max
OWN_COMMIT,1.0,0.08761927330831148,0.0,0.9158840980681497,-1,OWN_COMMIT > 0.9158840980681497,0.0,1.0
CountDeclClass,1.0,-0.009679430951942453,1.5073484207191286,30.0,1,CountDeclClass <= 1.5073484207191286,1.0,30.0
PercentLackOfCohesion,-7.105427357601002e-15,-0.004525660922659596,40.38941965464624,100.0,1,PercentLackOfCohesion <= 40.38941965464624,0.0,100.0
