feature,value,importance,left,right,rec,rule,min,max
OWN_COMMIT,1.0,0.08174362334620461,0.0,0.9158840980681497,-1,OWN_COMMIT > 0.9158840980681497,0.0,1.0
RatioCommentToCode,0.19999999999999996,0.023562384702708983,0.03,0.16254030530342767,-1,0.16254030530342767 < RatioCommentToCode <= 0.415554900473351,0.03,8.5
CountDeclClass,1.0,-0.00641404904124109,1.5073484207191286,30.0,1,CountDeclClass <= 1.5073484207191286,1.0,30.0
MAJOR_LINE,2.0,-0.0012065186239417279,2.4961209246704383,5.0,1,1.5022537083615126 < MAJOR_LINE <= 2.4961209246704383,0.0,5.0
