feature,value,importance,left,right,rec,rule,min,max
RatioCommentToCode,0.29000000000000004,0.022837672948048594,0.03,0.16254030530342767,-1,0.16254030530342767 < RatioCommentToCode <= 0.415554900473351,0.03,8.5
PercentLackOfCohesion,83.0,0.01310519303631505,0.0,56.569920427445,-1,56.569920427445 < PercentLackOfCohesion <= 87.38992189944264,0.0,100.0
MAJOR_LINE,3.0,-0.005433542447794209,4.499384532543117,5.0,1,2.4961209246704383 < MAJOR_LINE <= 4.499384532543117,0.0,5.0
