feature,value,importance,left,right,rec,rule,min,max
OWN_COMMIT,1.0,0.08120169675924553,0.0,0.9158840980681497,-1,OWN_COMMIT > 0.9158840980681497,0.0,1.0
RatioCommentToCode,0.06000000000000005,0.015714530738568752,0.03,0.04753367113528073,-1,0.04753367113528073 < RatioCommentToCode <= 0.16254030530342767,0.03,8.5
MAJOR_LINE,1.0,0.004707257667370987,0.0,0.5006219044251735,-1,0.5006219044251735 < MAJOR_LINE <= 1.5022537083615126,0.0,5.0
