feature,value,importance,left,right,rec,rule,min,max
OWN_COMMIT,1.0,0.09306153454554118,0.0,0.9158840980681497,-1,OWN_COMMIT > 0.9158840980681497,0.0,1.0
MAJOR_LINE,3.0,0.020436008823487072,0.0,2.4961209246704383,-1,2.4961209246704383 < MAJOR_LINE <= 4.499384532543117,0.0,5.0
RatioCommentToCode,0.09,0.007925208113080881,0.03,0.04753367113528073,-1,0.04753367113528073 < RatioCommentToCode <= 0.16254030530342767,0.03,8.5
PercentLackOfCohesion,6.0,-0.00590631788721791,40.38941965464624,100.0,1,PercentLackOfCohesion <= 40.38941965464624,0.0,100.0
