feature,value,importance,left,right,rec,rule,min,max
OWN_COMMIT,0.857142857142857,0.06407573666371712,0.0,0.524282117653962,-1,0.524282117653962 < OWN_COMMIT <= 0.9158840980681497,0.0,1.0
CountDeclClass,1.0,-0.007397550412380507,1.5073484207191286,30.0,1,CountDeclClass <= 1.5073484207191286,1.0,30.0
RatioCommentToCode,0.10999999999999999,0.0036420906662830103,0.03,0.04753367113528073,-1,0.04753367113528073 < RatioCommentToCode <= 0.16254030530342767,0.03,8.5
MAJOR_LINE,1.0,-0.0019519658547349462,1.5022537083615126,5.0,1,0.5006219044251735 < MAJOR_LINE <= 1.5022537083615126,0.0,5.0
PercentLackOfCohesion,-7.105427357601002e-15,-0.0018386070946300704,40.38941965464624,100.0,1,PercentLackOfCohesion <= 40.38941965464624,0.0,100.0
