feature,value,importance,left,right,rec,rule,min,max
OWN_COMMIT,0.666666666666667,0.076553994504211,0.0,0.524282117653962,-1,0.524282117653962 < OWN_COMMIT <= 0.9158840980681497,0.0,1.0
RatioCommentToCode,0.28,0.028325815562135974,0.03,0.16254030530342767,-1,0.16254030530342767 < RatioCommentToCode <= 0.415554900473351,0.03,8.5
MAJOR_LINE,4.0,0.01813956705537935,0.0,2.4961209246704383,-1,2.4961209246704383 < MAJOR_LINE <= 4.499384532543117,0.0,5.0
