feature,value,importance,left,right,rec,rule,min,max
OWN_COMMIT,0.666666666666667,0.07498880714417513,0.0,0.524282117653962,-1,0.524282117653962 < OWN_COMMIT <= 0.9158840980681497,0.0,1.0
RatioCommentToCode,0.33999999999999997,0.02164042094998291,0.03,0.16254030530342767,-1,0.16254030530342767 < RatioCommentToCode <= 0.415554900473351,0.03,8.5
CountDeclClass,1.0,-0.005718404383980281,1.5073484207191286,30.0,1,CountDeclClass <= 1.5073484207191286,1.0,30.0
