feature,value,importance,left,right,rec,rule,min,max
OWN_COMMIT,0.5,0.03701716375267871,0.0,0.1650142457143403,-1,0.1650142457143403 < OWN_COMMIT <= 0.524282117653962,0.0,1.0
MAJOR_LINE,2.0,0.020477548713390446,0.0,1.5022537083615126,-1,1.5022537083615126 < MAJOR_LINE <= 2.4961209246704383,0.0,5.0
RatioCommentToCode,0.18999999999999995,0.019038895407726613,0.03,0.16254030530342767,-1,0.16254030530342767 < RatioCommentToCode <= 0.415554900473351,0.03,8.5
