feature,value,importance,left,right,rec,rule,min,max
OWN_COMMIT,1.0,0.0797363398065168,0.0,0.9158840980681497,-1,OWN_COMMIT > 0.9158840980681497,0.0,1.0
RatioCommentToCode,0.38,0.025511297292490683,0.03,0.16254030530342767,-1,0.16254030530342767 < RatioCommentToCode <= 0.415554900473351,0.03,8.5
MAJOR_LINE,2.0,0.015621409818118593,0.0,1.5022537083615126,-1,1.5022537083615126 < MAJOR_LINE <= 2.4961209246704383,0.0,5.0
PercentLackOfCohesion,100.0,-0.01239114668204879,100.0,100.0,1,PercentLackOfCohesion > 98.94742245144175,0.0,100.0
