feature,value,importance,left,right,rec,rule,min,max
OWN_COMMIT,0.666666666666667,0.06515170969362324,0.0,0.524282117653962,-1,0.524282117653962 < OWN_COMMIT <= 0.9158840980681497,0.0,1.0
RatioCommentToCode,0.08,0.027102131656077947,0.03,0.04753367113528073,-1,0.04753367113528073 < RatioCommentToCode <= 0.16254030530342767,0.03,8.5
MAJOR_LINE,3.0,0.01087871747704458,0.0,2.4961209246704383,-1,2.4961209246704383 < MAJOR_LINE <= 4.499384532543117,0.0,5.0
