feature,value,importance,left,right,rec,rule,min,max
OWN_COMMIT,1.0,0.08347386397610211,0.0,0.9158840980681497,-1,OWN_COMMIT > 0.9158840980681497,0.0,1.0
RatioCommentToCode,0.12,0.011417491376470022,0.03,0.04753367113528073,-1,0.04753367113528073 < RatioCommentToCode <= 0.16254030530342767,0.03,8.5
MAJOR_LINE,3.0,0.010848231488078624,0.0,2.4961209246704383,-1,2.4961209246704383 < MAJOR_LINE <= 4.499384532543117,0.0,5.0
