feature,value,importance,left,right,rec,rule,min,max
OWN_COMMIT,0.666666666666667,0.057839809577209654,0.0,0.524282117653962,-1,0.524282117653962 < OWN_COMMIT <= 0.9158840980681497,0.0,1.0
MAJOR_LINE,6.0,0.026306046051611236,0.0,4.499384532543117,-1,MAJOR_LINE > 4.499384532543117,0.0,5.0
RatioCommentToCode,0.28,0.023027050475002184,0.03,0.16254030530342767,-1,0.16254030530342767 < RatioCommentToCode <= 0.415554900473351,0.03,8.5
