feature,value,importance,left,right,rec,rule,min,max
OWN_COMMIT,1.0,0.08378358566101678,0.0,0.9158840980681497,-1,OWN_COMMIT > 0.9158840980681497,0.0,1.0
MAJOR_LINE,5.0,0.07013231811924917,0.0,4.499384532543117,-1,MAJOR_LINE > 4.499384532543117,0.0,5.0
RatioCommentToCode,0.18999999999999995,0.019224905608322556,0.03,0.16254030530342767,-1,0.16254030530342767 < RatioCommentToCode <= 0.415554900473351,0.03,8.5
