feature,value,importance,left,right,rec,rule,min,max
OWN_COMMIT,1.0,0.0760502028305248,0.0,0.9158840980681497,-1,OWN_COMMIT > 0.9158840980681497,0.0,1.0
RatioCommentToCode,0.35,0.02204969430814946,0.03,0.16254030530342767,-1,0.16254030530342767 < RatioCommentToCode <= 0.415554900473351,0.03,8.5
PercentLackOfCohesion,0.0,-0.006685029464030214,40.38941965464624,100.0,1,PercentLackOfCohesion <= 40.38941965464624,0.0,100.0
MAJOR_LINE,0.0,-0.0010491407079331124,0.5006219044251735,5.0,1,MAJOR_LINE <= 0.5006219044251735,0.0,5.0
