Antecedent,Antecedent Coverage %,Confidence,Lift
-0.3 < CountDeclMethodDefault <= 0.22,0.42871,0.92609,1.08801
-35.5 < Del_lines <= 8,0.40951,0.95897,1.12664
0.88 < MINOR_LINE <= 1.32,0.32021,0.92204,1.08325
-0.02 < MAJOR_LINE <= 0.55,0.30005,0.9536,1.12033
0.858 < OWN_COMMIT <= 1,0.29621,0.9919,1.16532
1.45 < CountClassCoupled <= 4.6,0.2242,0.99786,1.17233
1.98 < CountOutput_Mean <= 3.9,0.21363,0.92809,1.09036
