Antecedent,Antecedent Coverage %,Confidence,Lift
-0.65 < CountDeclMethodDefault <= 0.11,0.51233,0.89537,1.0568
-35 < Del_lines <= 7,0.4611,0.96811,1.14265
0.842 < OWN_COMMIT <= 1,0.2908,0.9739,1.14948
MAJOR_LINE <= 0.07,0.24194,0.97059,1.14558
AvgLineComment <= 0.08,0.24099,0.95866,1.1315
1.1 < CountClassCoupled <= 4,0.2277,0.99375,1.17291
CountInput_Min > 1.775,0.20873,0.93864,1.10786
