feature,value,importance,min,max,rule,importance_ratio
CountDeclClass,17.0,0.15711674409026807,1.0,23.0,CountDeclClass > 11.493864739793633,0.17774051765682256
Del_lines,442.0,0.09650022952537106,0.0,2007.0,Del_lines > 266.42051875541904,0.10916723643399412
CountDeclMethodPrivate,20.0,0.08372288969424277,0.0,35.0,4.502601140234902 < CountDeclMethodPrivate <= 25.504084268596593,0.09471269176396777
CountDeclMethodProtected,14.0,0.07613273699823508,0.0,39.0,5.508559335514258 < CountDeclMethodProtected <= 34.9959109273487,0.08612622520310491
CountDeclInstanceVariable,17.0,0.05860889025164356,0.0,52.0,CountDeclInstanceVariable > 10.498677806146494,0.06630212809548841
