feature,value,importance,left,right,rec,rule,min,max
CountDeclClass,1.0,-0.00752977294897193,1.5073484207191286,30.0,1,CountDeclClass <= 1.5073484207191286,1.0,30.0
OWN_COMMIT,0.5,0.00720125204963723,0.0,0.1650142457143403,-1,0.1650142457143403 < OWN_COMMIT <= 0.524282117653962,0.0,1.0
RatioCommentToCode,0.4,0.0029173664536419606,0.03,0.16254030530342767,-1,0.16254030530342767 < RatioCommentToCode <= 0.415554900473351,0.03,8.5
