feature,value,importance,left,right,rec,rule,min,max
OWN_COMMIT,0.5,0.021450515069599146,0.0,0.1650142457143403,-1,0.1650142457143403 < OWN_COMMIT <= 0.524282117653962,0.0,1.0
CountDeclClass,1.0,-0.010380212094259402,1.5073484207191286,30.0,1,CountDeclClass <= 1.5073484207191286,1.0,30.0
RatioCommentToCode,0.11,0.007874452322050739,0.03,0.04753367113528073,-1,0.04753367113528073 < RatioCommentToCode <= 0.16254030530342767,0.03,8.5
