feature,value,importance,left,right,rec,rule,min,max
OWN_COMMIT,0.5,0.02776310924532268,0.0,0.1650142457143403,-1,0.1650142457143403 < OWN_COMMIT <= 0.524282117653962,0.0,1.0
RatioCommentToCode,0.19,0.009276143932679266,0.03,0.16254030530342767,-1,0.16254030530342767 < RatioCommentToCode <= 0.415554900473351,0.03,8.5
CountDeclClass,4.0,-0.0015143916976338577,5.495512207613363,30.0,1,2.5043893674426867 < CountDeclClass <= 5.495512207613363,1.0,30.0
