feature,value,importance,min,max,rule,importance_ratio
CountDeclInstanceVariable,30.0,0.10565388042556276,0.0,73.0,CountDeclInstanceVariable > 21.019578500192026,0.19645124591803373
CountClassCoupled,24.0,0.06988656959546526,0.0,96.0,15.470436606030667 < CountClassCoupled <= 55.490746041173416,0.12994604282082522
CountDeclInstanceMethod,108.0,0.05638270844512956,0.0,222.0,CountDeclInstanceMethod > 98.39363084639128,0.10483716525757646
CountDeclMethodPrivate,5.0,0.05108993451236694,0.0,274.0,1.548426881219695 < CountDeclMethodPrivate <= 6.551269788898351,0.094995860524938
MINOR_LINE,4.0,0.031554007271663964,1.0,7.0,3.504561975778464 < MINOR_LINE <= 5.49894316762434,0.05867104944235715
