feature,value,importance,min,max,rule,importance_ratio
MaxInheritanceTree,6.0,0.13701528652175127,0.0,6.0,MaxInheritanceTree > 5.498828709692271,0.21806200447225757
MINOR_COMMIT,0.0,-0.05655990453876687,0.0,4.0,MINOR_COMMIT <= 0.5006692548886575,0.09001598631496553
CountDeclClassVariable,3.0,0.04644597336222984,0.0,216.0,2.5320860129906695 < CountDeclClassVariable <= 8.510335918828583,0.07391950422572065
OWN_COMMIT,1.0,0.044022311895231224,0.0,1.0,OWN_COMMIT > 0.5101466808561519,0.07006220851023864
CountClassCoupled,6.0,0.04081314567098423,0.0,96.0,4.462718232611871 < CountClassCoupled <= 15.470436606030667,0.0649547694988049
