Antecedent,Antecedent Coverage %,Confidence,Lift
CountDeclClass <= 0.832,0.04006,0.98824,1.29447
CountLineComment <= 29,0.18143,0.97922,1.28266
CountDeclMethodPrivate <= -0.5,0.10179,0.97222,1.27349
Added_lines <= -27,0.09048,0.96354,1.26212
MAJOR_LINE <= 0.12,0.22573,0.96242,1.26065
CountClassBase <= 0.846,0.17955,0.95538,1.25143
CountDeclClassMethod <= -0.67,0.09802,0.95192,1.2469
CountDeclMethodPublic <= 0.8,0.16023,0.94706,1.24053
CountDeclMethodDefault <= -0.36,0.11546,0.94286,1.23503
