feature,value,importance,min,max,rule,importance_ratio
OWN_COMMIT,0.714285714285714,0.20646288203747745,0.0,1.0,0.36450244784925023 < OWN_COMMIT <= 0.9806106315167405,0.25276672283169294
MaxInheritanceTree,3.0,0.13070051750250375,0.0,5.0,2.4990705242078834 < MaxInheritanceTree <= 3.5005965160115324,0.1600129822634042
CountClassDerived,2.0,-0.07029823918988583,0.0,118.0,CountClassDerived <= 8.500764909068277,0.08606416497489587
CountDeclClass,4.0,0.0599739213369295,1.0,16.0,3.504805409412024 < CountDeclClass <= 15.494149072353103,0.07342439184274127
CountClassCoupled,6.0,-0.0477361287429813,0.0,42.0,0.4889161313989083 < CountClassCoupled <= 8.508859599645833,0.058442005187377494
