feature,value,importance,min,max,rule,importance_ratio
OWN_COMMIT,0.666666666666667,0.2084391602916335,0.0,1.0,0.36450244784925023 < OWN_COMMIT <= 0.9806106315167405,0.23296635941328128
MaxInheritanceTree,3.0,0.13201858309321352,0.0,5.0,2.4990705242078834 < MaxInheritanceTree <= 3.5005965160115324,0.14755331308711006
CountClassCoupled,17.0,0.07437912505181568,0.0,42.0,12.518831333769295 < CountClassCoupled <= 20.47194193978083,0.08313137490778025
CountClassDerived,0.0,-0.06529243077010616,0.0,118.0,CountClassDerived <= 8.500764909068277,0.07297544219844895
AvgLineBlank,0.0,-0.05057073156584859,0.0,21.0,AvgLineBlank <= 0.49558335018002864,0.05652142912722595
