feature,value,importance,min,max,rule,importance_ratio
OWN_COMMIT,0.7,0.20601657811068408,0.0,1.0,0.36450244784925023 < OWN_COMMIT <= 0.9806106315167405,0.24342167625546907
CountClassCoupled,49.0,0.09032776318911408,0.0,42.0,CountClassCoupled > 22.47692780684256,0.10672799116238166
MAJOR_LINE,6.0,0.0647505695470795,0.0,11.0,4.502888577510651 < MAJOR_LINE <= 7.495480408908931,0.07650691183298036
CountClassDerived,27.0,0.05947684557005201,0.0,118.0,17.498646953591496 < CountClassDerived <= 81.0100131976823,0.07027567188923667
AvgLineBlank,3.0,0.05513730248076081,0.0,21.0,1.5072801485159428 < AvgLineBlank <= 17.999846823274996,0.06514822601732934
