feature,value,importance,min,max,rule,importance_ratio
OWN_COMMIT,0.6,0.20310664893122787,0.0,1.0,0.36450244784925023 < OWN_COMMIT <= 0.9806106315167405,0.2125247497592621
CountClassDerived,1.0,-0.07503675716681679,0.0,118.0,CountClassDerived <= 8.500764909068277,0.07851622841270935
CountClassCoupled,15.0,0.07288702687873345,0.0,42.0,12.518831333769295 < CountClassCoupled <= 20.47194193978083,0.07626681464940357
CountDeclMethodPublic,52.0,0.06093248637374199,0.0,82.0,26.502145012810463 < CountDeclMethodPublic <= 52.98285999938886,0.06375793942213055
MaxInheritanceTree,2.0,-0.060606178061196704,0.0,5.0,1.4975445324042342 < MaxInheritanceTree <= 2.4990705242078834,0.06341650012000542
