feature,value,importance,min,max,rule,importance_ratio
OWN_COMMIT,0.95,0.20423994798730405,0.0,1.0,0.36450244784925023 < OWN_COMMIT <= 0.9806106315167405,0.2061641836222729
CountClassCoupled,35.0,0.09011141232736107,0.0,42.0,CountClassCoupled > 22.47692780684256,0.09096039212992378
CountClassDerived,1.0,-0.07888530304156294,0.0,118.0,CountClassDerived <= 8.500764909068277,0.07962851666203119
CountDeclMethodPublic,41.0,0.06388884083390338,0.0,82.0,26.502145012810463 < CountDeclMethodPublic <= 52.98285999938886,0.06449076609593435
MaxInheritanceTree,2.0,-0.05919757156482316,0.0,5.0,1.4975445324042342 < MaxInheritanceTree <= 2.4990705242078834,0.05975529828690268
