feature,value,importance,min,max,rule,importance_ratio
OWN_COMMIT,1.0,0.20398917694213894,0.0,1.0,OWN_COMMIT > 0.9806106315167405,0.24229643051138283
MaxInheritanceTree,3.0,0.1237397220255647,0.0,5.0,2.4990705242078834 < MaxInheritanceTree <= 3.5005965160115324,0.14697688087525007
CountClassDerived,0.0,-0.07043398695821955,0.0,118.0,CountClassDerived <= 8.500764909068277,0.08366082888555695
CountClassCoupled,3.0,-0.04710697474732885,0.0,42.0,0.4889161313989083 < CountClassCoupled <= 8.508859599645833,0.05595322263938122
MINOR_COMMIT,0.0,-0.04385557696034649,0.0,1.0,MINOR_COMMIT <= 0.4997656113766242,0.052091242853160045
