feature,value,importance,min,max,rule,importance_ratio
OWN_COMMIT,1.0,0.20505641146621958,0.0,1.0,OWN_COMMIT > 0.9806106315167405,0.23333920756325427
MaxInheritanceTree,3.0,0.12580752362401004,0.0,5.0,2.4990705242078834 < MaxInheritanceTree <= 3.5005965160115324,0.1431597659298641
CountClassCoupled,22.0,0.10461092782093177,0.0,42.0,20.47194193978083 < CountClassCoupled <= 22.47692780684256,0.11903958928011484
CountClassDerived,0.0,-0.07024238066509614,0.0,118.0,CountClassDerived <= 8.500764909068277,0.0799306948002944
AvgLineBlank,3.0,0.060474068779471146,0.0,21.0,1.5072801485159428 < AvgLineBlank <= 17.999846823274996,0.06881506989335047
