feature,value,importance,min,max,rule,importance_ratio
OWN_COMMIT,0.666666666666667,0.2063839536584946,0.0,1.0,0.36450244784925023 < OWN_COMMIT <= 0.9806106315167405,0.2336731048807427
MaxInheritanceTree,3.0,0.13130679193691844,0.0,5.0,2.4990705242078834 < MaxInheritanceTree <= 3.5005965160115324,0.1486688534642602
CountClassCoupled,21.0,0.0878928760878892,0.0,42.0,20.47194193978083 < CountClassCoupled <= 22.47692780684256,0.09951452566094457
CountClassDerived,0.0,-0.06711669456419832,0.0,118.0,CountClassDerived <= 8.500764909068277,0.07599121021831036
AvgLineBlank,0.0,-0.05256104103319469,0.0,21.0,AvgLineBlank <= 0.49558335018002864,0.05951093307532052
