feature,value,importance,min,max,rule,importance_ratio
OWN_COMMIT,1.0,0.2043483445570813,0.0,1.0,OWN_COMMIT > 0.9806106315167405,0.23307361109839708
MaxInheritanceTree,3.0,0.12611192510293834,0.0,5.0,2.4990705242078834 < MaxInheritanceTree <= 3.5005965160115324,0.1438394906013143
CountClassCoupled,19.0,0.07179575595212744,0.0,42.0,12.518831333769295 < CountClassCoupled <= 20.47194193978083,0.0818880923042041
CountClassDerived,0.0,-0.0683287457156636,0.0,118.0,CountClassDerived <= 8.500764909068277,0.07793372410377067
AvgLineBlank,3.0,0.060142396327215505,0.0,21.0,1.5072801485159428 < AvgLineBlank <= 17.999846823274996,0.06859661879071159
