feature,value,importance,min,max,rule,importance_ratio
OWN_COMMIT,1.0,0.20273017569186663,0.0,1.0,OWN_COMMIT > 0.9806106315167405,0.22293853254605814
MaxInheritanceTree,3.0,0.12574507737001037,0.0,5.0,2.4990705242078834 < MaxInheritanceTree <= 3.5005965160115324,0.1382794787608194
CountClassCoupled,24.0,0.09308345921173679,0.0,42.0,CountClassCoupled > 22.47692780684256,0.10236211619782071
CountClassDerived,3.0,-0.07250519230503735,0.0,118.0,CountClassDerived <= 8.500764909068277,0.0797325860311148
MINOR_COMMIT,0.0,-0.05686802661918647,0.0,1.0,MINOR_COMMIT <= 0.4997656113766242,0.06253669124492471
