feature,value,importance,min,max,rule,importance_ratio
OWN_COMMIT,0.75,0.20578483277771265,0.0,1.0,0.36450244784925023 < OWN_COMMIT <= 0.9806106315167405,0.24178922678943474
MaxInheritanceTree,3.0,0.13019374598386105,0.0,5.0,2.4990705242078834 < MaxInheritanceTree <= 3.5005965160115324,0.1529726207191456
CountDeclMethodPublic,27.0,0.05992654248775445,0.0,82.0,26.502145012810463 < CountDeclMethodPublic <= 52.98285999938886,0.07041137180372235
CountClassDerived,11.0,0.05620015622682503,0.0,118.0,9.50052958068197 < CountClassDerived <= 17.498646953591496,0.06603301193828878
CountDeclInstanceVariable,12.0,0.05505653765780605,0.0,161.0,11.481575803065907 < CountDeclInstanceVariable <= 101.48930761940565,0.06468930431021579
