feature,value,importance,min,max,rule,importance_ratio
OWN_COMMIT,0.666666666666667,0.20293887980503236,0.0,1.0,0.36450244784925023 < OWN_COMMIT <= 0.9806106315167405,0.2940286403064994
CountClassDerived,0.0,-0.07075605058876483,0.0,118.0,CountClassDerived <= 8.500764909068277,0.10251512853554498
MaxInheritanceTree,1.0,-0.056765964478459545,0.0,5.0,0.49601854060058526 < MaxInheritanceTree <= 1.4975445324042342,0.0822455478581715
AvgLineBlank,0.0,-0.04699690669776433,0.0,21.0,AvgLineBlank <= 0.49558335018002864,0.06809161747729524
CountClassCoupled,7.0,-0.04563337605100351,0.0,42.0,0.4889161313989083 < CountClassCoupled <= 8.508859599645833,0.06611606177072735
