feature,value,importance,min,max,rule,importance_ratio
OWN_COMMIT,0.666666666666667,0.2061010169004253,0.0,1.0,0.36450244784925023 < OWN_COMMIT <= 0.9806106315167405,0.23290455427087128
MaxInheritanceTree,3.0,0.13124432172891373,0.0,5.0,2.4990705242078834 < MaxInheritanceTree <= 3.5005965160115324,0.1483127095274046
CountClassCoupled,17.0,0.0730222695257145,0.0,42.0,12.518831333769295 < CountClassCoupled <= 20.47194193978083,0.08251885115128157
CountClassDerived,0.0,-0.06646603202650767,0.0,118.0,CountClassDerived <= 8.500764909068277,0.07510997178032497
AvgLineBlank,0.0,-0.05118651735008384,0.0,21.0,AvgLineBlank <= 0.49558335018002864,0.05784334879754247
