,jruby@2,hive@1,camel@0,hive@0,camel@1,activemq@3,activemq@2,lucene@2,derby@0,jruby@0,derby@1,jruby@1,groovy@0,hbase@1,hbase@0,camel@2,groovy@1,wicket@0,activemq@0,wicket@1,activemq@1,lucene@0,lucene@1
AUC-ROC,0.696056521637917,0.5915786560488514,0.7282258407833122,0.6261856368563686,0.6994703953820719,0.7179089356528787,0.7564760889180543,0.6586476201860817,0.8287218974423848,0.7118969825100904,0.7488404452690166,0.7843247863247863,0.600188738597043,0.667387108174972,0.6680443690829447,0.6641736653846585,0.7916666666666666,0.7027095095179131,0.6634630793611225,0.7495304800303251,0.7148474576271187,0.7214179765757437,0.8174607416592727
F1-score,0.16,0.13445378151260504,0.24242424242424243,0.41237113402061853,0.25609756097560976,0.23616236162361623,0.35454545454545455,0.029411764705882353,0.6339144215530903,0.27884615384615385,0.5369318181818182,0.43478260869565216,0.07142857142857142,0.4624505928853755,0.324435318275154,0.16058394160583941,0.08,0.13333333333333333,0.2972972972972973,0.0,0.3055555555555556,0.4094488188976378,0.31840796019900497
Precision,0.5714285714285714,0.3137254901960784,0.2564102564102564,0.40816326530612246,0.5675675675675675,0.41025641025641024,0.7358490566037735,0.5,0.6525285481239804,0.8055555555555556,0.4772727272727273,0.4069767441860465,0.4,0.6842105263157895,0.5266666666666666,0.3055555555555556,1.0,0.5714285714285714,0.2412280701754386,0.0,0.8461538461538461,0.40625,0.5161290322580645
Recall,0.09302325581395349,0.0855614973262032,0.22988505747126436,0.4166666666666667,0.16535433070866143,0.16580310880829016,0.23353293413173654,0.015151515151515152,0.6163328197226502,0.1686046511627907,0.6136363636363636,0.4666666666666667,0.0392156862745098,0.3492537313432836,0.2344213649851632,0.10891089108910891,0.041666666666666664,0.07547169811320754,0.3873239436619718,0.0,0.1864406779661017,0.4126984126984127,0.2302158273381295
TP,0.09302325581395349,0.0855614973262032,0.22988505747126436,0.4166666666666667,0.16535433070866143,0.16580310880829016,0.23353293413173654,0.015151515151515152,0.6163328197226502,0.1686046511627907,0.6136363636363636,0.4666666666666667,0.0392156862745098,0.3492537313432836,0.2344213649851632,0.10891089108910891,0.041666666666666664,0.07547169811320754,0.3873239436619718,0.0,0.1864406779661017,0.4126984126984127,0.2302158273381295
# of TP,8.0,16.0,40.0,60.0,21.0,32.0,39.0,1.0,400.0,29.0,189.0,35.0,2.0,117.0,79.0,11.0,2.0,8.0,55.0,0.0,22.0,104.0,32.0
