feature,value,importance,min,max,rule,importance_ratio
MAJOR_LINE,6.0,0.1990167682253751,0.0,12.0,4.495303181903716 < MAJOR_LINE <= 9.496391564715786,0.2363803295442187
CountDeclMethodPublic,86.0,0.1270912325422179,0.0,226.0,CountDeclMethodPublic > 49.53228100186732,0.150951438405882
MINOR_LINE,6.0,0.1140595921927067,1.0,7.0,MINOR_LINE > 5.5034356466798275,0.13547322786218152
CountDeclMethodProtected,16.0,0.0834953972009344,0.0,35.0,4.498814918141747 < CountDeclMethodProtected <= 20.496113288448125,0.09917088736679544
CountDeclInstanceVariable,39.0,0.0697453379165666,0.0,99.0,CountDeclInstanceVariable > 24.490887253273584,0.08283938136419225
