feature,value,importance,min,max,rule,importance_ratio
CountDeclMethodPublic,50.0,0.21711935264325757,0.0,226.0,CountDeclMethodPublic > 49.53228100186732,0.3367156963157964
CountDeclInstanceVariable,18.0,0.07537848166942032,0.0,99.0,8.484315563782589 < CountDeclInstanceVariable <= 24.490887253273584,0.11689938107106153
CountLineComment,49.0,0.05907541634713427,16.0,1598.0,47.54752277125063 < CountLineComment <= 94.3676611525578,0.09161606143490227
CountClassCoupled,16.0,0.04772504844607179,0.0,110.0,8.490710567615114 < CountClassCoupled <= 16.51791080861062,0.07401354473282697
CountDeclMethodDefault,0.0,-0.03798850775190899,0.0,117.0,CountDeclMethodDefault <= 0.48901016893421756,0.05891380332502703
