feature,value,importance,min,max,rule,importance_ratio
AvgCyclomaticModified,3.0,0.09513094711150451,0.0,24.0,2.4999922767974363 < AvgCyclomaticModified <= 9.001624012737079,0.15211780546229606
CountClassCoupled,20.0,0.08661592162783724,0.0,110.0,16.51791080861062 < CountClassCoupled <= 30.5140548185515,0.13850197350266294
CountDeclMethodProtected,7.0,0.07499100301375534,0.0,35.0,4.498814918141747 < CountDeclMethodProtected <= 20.496113288448125,0.11991331059174695
CountLineComment,65.0,0.07219175522685148,16.0,1598.0,47.54752277125063 < CountLineComment <= 94.3676611525578,0.11543721271594319
MAJOR_LINE,4.0,0.05946474237747227,0.0,12.0,3.5014293806683363 < MAJOR_LINE <= 4.495303181903716,0.09508626149006308
