feature,value,importance,min,max,rule,importance_ratio
Added_lines,12.0,0.1817992753907397,6.0,17843.0,6.5761356021680655 < Added_lines <= 24.088365210503166,0.2561980539681856
MAJOR_LINE,3.0,0.11346042341249264,0.0,10.0,2.503347321568387 < MAJOR_LINE <= 5.505000175998428,0.1598924947209533
OWN_LINE,0.476973684210526,0.06800467300121067,0.281553398058252,1.0,0.441750463982939 < OWN_LINE <= 0.571420709704031,0.09583462225691822
CountClassCoupled,17.0,0.04032917671741282,0.0,126.0,12.516570532282248 < CountClassCoupled <= 20.500994623023644,0.05683332109510992
MINOR_COMMIT,0.0,-0.03415697972444722,0.0,5.0,MINOR_COMMIT <= 0.5004848706369127,0.04813523990140116
