feature,value,importance,min,max,rule,importance_ratio
Added_lines,20.0,0.17809123652984715,6.0,17843.0,6.5761356021680655 < Added_lines <= 24.088365210503166,0.2845844293147631
CountClassCoupled,21.0,0.050115735741074426,0.0,126.0,20.500994623023644 < CountClassCoupled <= 42.45816087256249,0.08008343551016267
OWN_LINE,0.990196078431373,-0.03833903323253729,0.281553398058252,1.0,OWN_LINE > 0.9680591083803126,0.061264619784549515
MaxNesting_Mean,1.82608695652174,0.03256858919700662,0.0,5.0,0.7556304811597957 < MaxNesting_Mean <= 2.486347451800019,0.05204362410423117
MaxInheritanceTree,3.0,0.03184119927912214,0.0,7.0,2.505604438664319 < MaxInheritanceTree <= 3.4981638542906017,0.05088127693485894
