feature,value,importance,min,max,rule,importance_ratio
Added_lines,58.0,0.2358605469151857,6.0,17843.0,24.088365210503166 < Added_lines <= 251.74735011885954,0.24573948553170755
CountDeclMethodPrivate,25.0,0.09102154067503976,0.0,151.0,15.520842865118082 < CountDeclMethodPrivate <= 29.521787640350414,0.0948339468823115
MAJOR_LINE,6.0,0.07989055512562686,0.0,10.0,MAJOR_LINE > 5.505000175998428,0.08323674379706128
CountLineComment,515.0,0.07041865388153576,15.0,3202.0,442.57727842975316 < CountLineComment <= 1279.9881660055592,0.07336811519777678
CountClassCoupled,25.0,0.06214021949308189,0.0,126.0,20.500994623023644 < CountClassCoupled <= 42.45816087256249,0.06474294140659503
