feature,value,importance,min,max,rule,importance_ratio
Added_lines,11.0,0.17983728625985937,6.0,17843.0,6.5761356021680655 < Added_lines <= 24.088365210503166,0.2331819610267609
MAJOR_LINE,3.0,0.11666842806030416,0.0,10.0,2.503347321568387 < MAJOR_LINE <= 5.505000175998428,0.15127548580610223
CountLineComment,270.0,0.05321085796163538,15.0,3202.0,146.26265667216038 < CountLineComment <= 442.57727842975316,0.06899465881331006
CountClassCoupled,22.0,0.05296178922329533,0.0,126.0,20.500994623023644 < CountClassCoupled <= 42.45816087256249,0.06867170945144818
OWN_LINE,0.978632478632479,-0.039036703532547276,0.281553398058252,1.0,OWN_LINE > 0.9680591083803126,0.05061606116868668
