feature,value,importance,min,max,rule,importance_ratio
Added_lines,32.0,0.23577106864075406,6.0,17843.0,24.088365210503166 < Added_lines <= 251.74735011885954,0.2273119830361105
MAJOR_LINE,4.0,0.11327837152136451,0.0,10.0,2.503347321568387 < MAJOR_LINE <= 5.505000175998428,0.10921412628814675
CountLineComment,2812.0,0.10546548005428899,15.0,3202.0,CountLineComment > 1279.9881660055592,0.1016815487634086
MINOR_COMMIT,0.0,-0.06363663497807762,0.0,5.0,MINOR_COMMIT <= 0.5004848706369127,0.061353455171605106
CountDeclMethodPrivate,49.0,0.06282561923990355,0.0,151.0,CountDeclMethodPrivate > 29.521787640350414,0.060571537369812634
