feature,value,importance,min,max,rule,importance_ratio
Added_lines,108.0,0.23504051165939321,6.0,17843.0,24.088365210503166 < Added_lines <= 251.74735011885954,0.23385261789245362
CountLineComment,1596.0,0.11453782553277156,15.0,3202.0,CountLineComment > 1279.9881660055592,0.11395895183960005
MAJOR_LINE,7.0,0.07686377671362056,0.0,10.0,MAJOR_LINE > 5.505000175998428,0.07647530750626169
CountDeclMethodPrivate,35.0,0.06788633899788002,0.0,151.0,CountDeclMethodPrivate > 29.521787640350414,0.06754324172334383
CountClassCoupled,53.0,0.05918179833305424,0.0,126.0,CountClassCoupled > 45.50484901245065,0.05888269377078206
