feature,value,importance,min,max,rule,importance_ratio
Added_lines,103.0,0.2353241193652855,6.0,17843.0,24.088365210503166 < Added_lines <= 251.74735011885954,0.3626141605080743
MINOR_COMMIT,0.0,-0.0425581870176826,0.0,5.0,MINOR_COMMIT <= 0.5004848706369127,0.0655784936103712
OWN_LINE,0.700729927007299,0.039169708253485064,0.281553398058252,1.0,0.571420709704031 < OWN_LINE <= 0.8116920473637016,0.06035714024551852
MaxNesting_Mean,1.0,0.03376467012911021,0.0,5.0,0.7556304811597957 < MaxNesting_Mean <= 2.486347451800019,0.05202844292681329
CountDeclClass,2.0,0.02945169194379878,1.0,13.0,1.5005966587345618 < CountDeclClass <= 2.498717478387095,0.04538251573424752
