feature,value,importance,min,max,rule,importance_ratio
Added_lines,0.0,-0.27408173655375895,6.0,17843.0,Added_lines <= 6.5761356021680655,0.3897770829028247
OWN_LINE,0.801470588235294,0.037250920276035916,0.281553398058252,1.0,0.571420709704031 < OWN_LINE <= 0.8116920473637016,0.052975273811398486
CountDeclInstanceVariable,15.0,0.03638722872257657,0.0,1095.0,12.5006472789494 < CountDeclInstanceVariable <= 16.41644128235478,0.05174700089373488
MaxNesting_Mean,1.0625,0.034563506375909436,0.0,5.0,0.7556304811597957 < MaxNesting_Mean <= 2.486347451800019,0.04915344911153073
CountDeclClass,1.0,-0.033170091059230175,1.0,13.0,CountDeclClass <= 1.5005966587345618,0.04717184550584565
