feature,value,importance,min,max,rule,importance_ratio
Added_lines,135.0,0.23855464773032747,6.0,17843.0,24.088365210503166 < Added_lines <= 251.74735011885954,0.2903092435461493
CountDeclMethodPrivate,23.0,0.08587305728489086,0.0,151.0,15.520842865118082 < CountDeclMethodPrivate <= 29.521787640350414,0.10450327645493401
CountLineComment,258.0,0.05477342391503844,15.0,3202.0,146.26265667216038 < CountLineComment <= 442.57727842975316,0.06665655611616007
CountDeclMethodPublic,29.0,0.04900143776485392,0.0,201.0,26.478380738109195 < CountDeclMethodPublic <= 61.45617024326406,0.05963233357863417
MINOR_COMMIT,0.0,-0.04498735392333611,0.0,5.0,MINOR_COMMIT <= 0.5004848706369127,0.05474739147145213
