feature,value,importance,min,max,rule,importance_ratio
Added_lines,216.0,0.23660936806438038,6.0,17843.0,24.088365210503166 < Added_lines <= 251.74735011885954,0.35997413670346073
MINOR_COMMIT,0.0,-0.06294110464148857,0.0,5.0,MINOR_COMMIT <= 0.5004848706369127,0.09575770389749368
OWN_LINE,0.990654205607477,-0.03731342441721495,0.281553398058252,1.0,OWN_LINE > 0.9680591083803126,0.056768114685898784
CountDeclClass,1.0,-0.03709318772791403,1.0,13.0,CountDeclClass <= 1.5005966587345618,0.05643304971044965
MaxNesting_Mean,1.0,0.034627395290353594,0.0,5.0,0.7556304811597957 < MaxNesting_Mean <= 2.486347451800019,0.052681628068685996
