feature,value,importance,min,max,rule,importance_ratio
Added_lines,216.0,0.2382440898038497,6.0,17843.0,24.088365210503166 < Added_lines <= 251.74735011885954,0.3910589998529842
MaxInheritanceTree,4.0,0.05801327894891922,0.0,7.0,3.4981638542906017 < MaxInheritanceTree <= 4.503613651938005,0.09522425031670166
MINOR_COMMIT,0.0,-0.05681068988960779,0.0,5.0,MINOR_COMMIT <= 0.5004848706369127,0.09325029463471324
CountDeclClass,1.0,-0.03365632784823955,1.0,13.0,CountDeclClass <= 1.5005966587345618,0.05524422418156467
MAJOR_LINE,1.0,-0.0323199703892301,0.0,10.0,0.49445902988758095 < MAJOR_LINE <= 1.498903175727984,0.05305069815623254
