feature,value,importance,min,max,rule,importance_ratio
Added_lines,648.0,0.20696536921232836,6.0,17843.0,251.74735011885954 < Added_lines <= 987.2609936689339,0.3547831385645269
CountDeclMethodDefault,14.0,0.04031397236747323,0.0,98.0,6.516059405237756 < CountDeclMethodDefault <= 19.504767571919192,0.06910681578743942
OWN_LINE,0.781431334622824,0.03889682235764815,0.281553398058252,1.0,0.571420709704031 < OWN_LINE <= 0.8116920473637016,0.0666775159958077
MaxNesting_Mean,1.48148148148148,0.03467468703197225,0.0,5.0,0.7556304811597957 < MaxNesting_Mean <= 2.486347451800019,0.05943986832562816
CountDeclMethodPrivate,6.0,0.02880299856940412,0.0,151.0,5.5111176411963205 < CountDeclMethodPrivate <= 15.520842865118082,0.049374531939394936
