feature,value,importance,min,max,rule,importance_ratio
Added_lines,4562.0,0.21511706639294803,6.0,17843.0,Added_lines > 987.2609936689339,0.28340239519916843
CountDeclMethodPrivate,30.0,0.08330550168954441,0.0,151.0,CountDeclMethodPrivate > 29.521787640350414,0.10974944530416489
MaxInheritanceTree,4.0,0.05339963981615961,0.0,7.0,3.4981638542906017 < MaxInheritanceTree <= 4.503613651938005,0.07035046582044978
CountLineComment,421.0,0.05008600406096628,15.0,3202.0,146.26265667216038 < CountLineComment <= 442.57727842975316,0.06598497160101865
OWN_LINE,1.0,-0.04221006932938674,0.281553398058252,1.0,OWN_LINE > 0.9680591083803126,0.05560895260453083
