feature,value,importance,min,max,rule,importance_ratio
Added_lines,1209.0,0.2138767916517931,6.0,17843.0,Added_lines > 987.2609936689339,0.3252476498534903
MaxInheritanceTree,4.0,0.0528772829720745,0.0,7.0,3.4981638542906017 < MaxInheritanceTree <= 4.503613651938005,0.0804117729861272
OWN_LINE,0.996658312447786,-0.04077369222051561,0.281553398058252,1.0,OWN_LINE > 0.9680591083803126,0.06200554753113654
MaxNesting_Mean,1.52380952380952,0.03299017730236413,0.0,5.0,0.7556304811597957 < MaxNesting_Mean <= 2.486347451800019,0.05016896668860206
CountClassCoupled,1.0,-0.02915129823115291,0.0,126.0,0.5399343961701559 < CountClassCoupled <= 6.5282524642262025,0.044331089720557826
