feature,value,importance,min,max,rule,importance_ratio
Added_lines,701.0,0.22019379651885307,6.0,17843.0,251.74735011885954 < Added_lines <= 987.2609936689339,0.309891975753535
MaxInheritanceTree,4.0,0.0570763984390118,0.0,7.0,3.4981638542906017 < MaxInheritanceTree <= 4.503613651938005,0.08032704899407526
OWN_LINE,0.983739837398374,-0.0418039609955064,0.281553398058252,1.0,OWN_LINE > 0.9680591083803126,0.058833229055624214
MaxNesting_Mean,0.0,-0.040233244995231114,0.0,5.0,MaxNesting_Mean <= 0.006994768278210439,0.056622665940912115
CountLineComment,32.0,-0.037656838346146006,15.0,3202.0,21.724627237809756 < CountLineComment <= 32.460664258012386,0.0529967338781023
