feature,value,importance,min,max,rule,importance_ratio
Added_lines,741.0,0.21962472089836937,6.0,17843.0,251.74735011885954 < Added_lines <= 987.2609936689339,0.33763544991975053
MaxInheritanceTree,4.0,0.055948769251897026,0.0,7.0,3.4981638542906017 < MaxInheritanceTree <= 4.503613651938005,0.08601166481418991
OWN_LINE,1.0,-0.04358827005282301,0.281553398058252,1.0,OWN_LINE > 0.9680591083803126,0.06700951108923071
MAJOR_LINE,0.0,-0.037704515964366955,0.0,10.0,MAJOR_LINE <= 0.49445902988758095,0.05796424537074948
MaxNesting_Mean,0.923076923076923,0.033613164425163676,0.0,5.0,0.7556304811597957 < MaxNesting_Mean <= 2.486347451800019,0.05167449204941005
