feature,value,importance,min,max,rule,importance_ratio
Added_lines,308.0,0.20141941945807593,6.0,17843.0,251.74735011885954 < Added_lines <= 987.2609936689339,0.23600496682829375
OWN_LINE,0.337057728119181,0.12079029668775895,0.281553398058252,1.0,OWN_LINE <= 0.41251109484975157,0.14153108990023613
MAJOR_LINE,4.0,0.10855117549971761,0.0,10.0,2.503347321568387 < MAJOR_LINE <= 5.505000175998428,0.12719040022015102
CountDeclMethodPublic,30.0,0.057987779004907876,0.0,201.0,26.478380738109195 < CountDeclMethodPublic <= 61.45617024326406,0.06794480838699982
CountLineComment,244.0,0.049991777548299664,15.0,3202.0,146.26265667216038 < CountLineComment <= 442.57727842975316,0.05857582071141675
