feature,value,importance,min,max,rule,importance_ratio
Added_lines,10.0,0.1811408267623582,6.0,17843.0,6.5761356021680655 < Added_lines <= 24.088365210503166,0.2223687264496405
MAJOR_LINE,5.0,0.11603120426490614,0.0,10.0,2.503347321568387 < MAJOR_LINE <= 5.505000175998428,0.14244006490405933
OWN_LINE,0.533261802575107,0.06331521768557875,0.281553398058252,1.0,0.441750463982939 < OWN_LINE <= 0.571420709704031,0.0777258477465978
CountDeclMethodPublic,28.0,0.05969340354909154,0.0,201.0,26.478380738109195 < CountDeclMethodPublic <= 61.45617024326406,0.07327970376369242
CountDeclInstanceVariable,38.0,0.039821980880085574,0.0,1095.0,CountDeclInstanceVariable > 21.376447020001596,0.04888551814232252
