feature,value,importance,min,max,rule,importance_ratio
Added_lines,2.0,-0.2749572620625488,6.0,17843.0,Added_lines <= 6.5761356021680655,0.3510490320723629
MAJOR_LINE,3.0,0.11614567763936355,0.0,10.0,2.503347321568387 < MAJOR_LINE <= 5.505000175998428,0.14828787357291923
MINOR_COMMIT,0.0,-0.03663899981891465,0.0,5.0,MINOR_COMMIT <= 0.5004848706369127,0.04677848959524309
CountDeclClass,1.0,-0.034691416281724834,1.0,13.0,CountDeclClass <= 1.5005966587345618,0.04429193110072687
OWN_LINE,0.974137931034483,-0.034281936885550826,0.281553398058252,1.0,OWN_LINE > 0.9680591083803126,0.04376913223154203
