feature,value,importance,min,max,rule,importance_ratio
Added_lines,5.0,-0.2745202069062687,6.0,17843.0,Added_lines <= 6.5761356021680655,0.35419471757844495
CountLineComment,147.0,0.05949443503680018,15.0,3202.0,146.26265667216038 < CountLineComment <= 442.57727842975316,0.07676161566694267
CountDeclClass,1.0,-0.03760572810461823,1.0,13.0,CountDeclClass <= 1.5005966587345618,0.04852010857581386
OWN_LINE,0.780487804878049,0.03712637932412846,0.281553398058252,1.0,0.571420709704031 < OWN_LINE <= 0.8116920473637016,0.047901637506450594
MaxNesting_Mean,0.0,-0.03552334216731643,0.0,5.0,MaxNesting_Mean <= 0.006994768278210439,0.045833347891549296
