feature,value,importance,min,max,rule,importance_ratio
Added_lines,22.0,0.1825631384340733,6.0,17843.0,6.5761356021680655 < Added_lines <= 24.088365210503166,0.260465779176059
MAJOR_LINE,5.0,0.11527524702666493,0.0,10.0,2.503347321568387 < MAJOR_LINE <= 5.505000175998428,0.1644650573716753
CountDeclMethodPublic,33.0,0.057871838398372864,0.0,201.0,26.478380738109195 < CountDeclMethodPublic <= 61.45617024326406,0.08256668684640579
CountLineComment,333.0,0.05307312925964422,15.0,3202.0,146.26265667216038 < CountLineComment <= 442.57727842975316,0.07572029098807873
CountClassCoupled,15.0,0.0370541710589558,0.0,126.0,12.516570532282248 < CountClassCoupled <= 20.500994623023644,0.05286578451366384
