feature,value,importance,min,max,rule,importance_ratio
Added_lines,73.0,0.23887774414507784,6.0,17843.0,24.088365210503166 < Added_lines <= 251.74735011885954,0.2783929884647832
MAJOR_LINE,3.0,0.11574226107657555,0.0,10.0,2.503347321568387 < MAJOR_LINE <= 5.505000175998428,0.13488838848549117
CountLineComment,147.0,0.05569224301495852,15.0,3202.0,146.26265667216038 < CountLineComment <= 442.57727842975316,0.06490487434369353
MINOR_COMMIT,0.0,-0.0545202581644705,0.0,5.0,MINOR_COMMIT <= 0.5004848706369127,0.06353901932806405
MaxInheritanceTree,6.0,0.04353586164753684,0.0,7.0,MaxInheritanceTree > 4.503613651938005,0.05073757989813493
