feature,value,importance,min,max,rule,importance_ratio
Added_lines,58.0,0.23510734787020746,6.0,17843.0,24.088365210503166 < Added_lines <= 251.74735011885954,0.2322319857002245
CountLineComment,2581.0,0.10797005894526081,15.0,3202.0,CountLineComment > 1279.9881660055592,0.10664958544328663
CountDeclMethodPrivate,18.0,0.0858250995470258,0.0,151.0,15.520842865118082 < CountDeclMethodPrivate <= 29.521787640350414,0.08477545883307935
MAJOR_LINE,10.0,0.07220757253492767,0.0,10.0,MAJOR_LINE > 5.505000175998428,0.07132447413611517
CountDeclMethodPublic,149.0,0.06315548010168946,0.0,201.0,CountDeclMethodPublic > 61.45617024326406,0.06238308876659704
