feature,value,importance,min,max,rule,importance_ratio
Added_lines,163.0,0.2364925959215876,6.0,17843.0,24.088365210503166 < Added_lines <= 251.74735011885954,0.29917187404533646
MAJOR_LINE,3.0,0.11517678247879203,0.0,10.0,2.503347321568387 < MAJOR_LINE <= 5.505000175998428,0.14570288649593577
OWN_LINE,0.426116838487972,0.10471321436749897,0.281553398058252,1.0,0.41251109484975157 < OWN_LINE <= 0.441750463982939,0.13246608612653016
MINOR_COMMIT,0.0,-0.060835034596525825,0.0,5.0,MINOR_COMMIT <= 0.5004848706369127,0.07695856708296278
CountDeclClass,1.0,-0.03532563990876376,1.0,13.0,CountDeclClass <= 1.5005966587345618,0.044688240036316794
