feature,value,importance,min,max,rule,importance_ratio
Added_lines,4.0,-0.2735683981675069,6.0,17843.0,Added_lines <= 6.5761356021680655,0.3794893384995098
CountClassCoupled,18.0,0.03906616542733168,0.0,126.0,12.516570532282248 < CountClassCoupled <= 20.500994623023644,0.05419190730741129
CountDeclClass,1.0,-0.03755208876129224,1.0,13.0,CountDeclClass <= 1.5005966587345618,0.05209160640905594
OWN_LINE,0.977635782747604,-0.03460953384400083,0.281553398058252,1.0,OWN_LINE > 0.9680591083803126,0.04800974524913623
MaxNesting_Mean,1.83333333333333,0.03431773347529622,0.0,5.0,0.7556304811597957 < MaxNesting_Mean <= 2.486347451800019,0.047604964837234184
