feature,value,importance,min,max,rule,importance_ratio
Added_lines,0.0,-0.27652336957243967,6.0,17843.0,Added_lines <= 6.5761356021680655,0.31528569479243773
MAJOR_LINE,3.0,0.11984090579852336,0.0,10.0,2.503347321568387 < MAJOR_LINE <= 5.505000175998428,0.13663989162168938
CountLineComment,441.0,0.05988200890305671,15.0,3202.0,146.26265667216038 < CountLineComment <= 442.57727842975316,0.06827611283545161
CountClassCoupled,26.0,0.056905243092975386,0.0,126.0,20.500994623023644 < CountClassCoupled <= 42.45816087256249,0.06488207175271411
CountDeclMethodDefault,29.0,0.03844290269631244,0.0,98.0,19.504767571919192 < CountDeclMethodDefault <= 37.47751491883885,0.04383172859923432
