feature,value,importance,min,max,rule,importance_ratio
Added_lines,26.0,0.237537157251165,6.0,17843.0,24.088365210503166 < Added_lines <= 251.74735011885954,0.3263490521573128
CountClassCoupled,24.0,0.060261335562625,0.0,126.0,20.500994623023644 < CountClassCoupled <= 42.45816087256249,0.0827922248888494
MaxInheritanceTree,4.0,0.05606098484125157,0.0,7.0,3.4981638542906017 < MaxInheritanceTree <= 4.503613651938005,0.07702142047024182
MINOR_COMMIT,0.0,-0.046027147815856394,0.0,5.0,MINOR_COMMIT <= 0.5004848706369127,0.06323606898825761
CountDeclClass,1.0,-0.0352624248184127,1.0,13.0,CountDeclClass <= 1.5005966587345618,0.04844656326373986
