feature,value,importance,min,max,rule,importance_ratio
Added_lines,140.0,0.23436896359123963,6.0,17843.0,24.088365210503166 < Added_lines <= 251.74735011885954,0.32399453528330696
MaxInheritanceTree,4.0,0.057657483734881915,0.0,7.0,3.4981638542906017 < MaxInheritanceTree <= 4.503613651938005,0.07970641403214429
OWN_LINE,0.57037037037037,0.05385396386647212,0.281553398058252,1.0,0.441750463982939 < OWN_LINE <= 0.571420709704031,0.07444838142695885
MINOR_COMMIT,0.0,-0.04392453206682214,0.0,5.0,MINOR_COMMIT <= 0.5004848706369127,0.060721812890496135
CountDeclClass,1.0,-0.03645497010178081,1.0,13.0,CountDeclClass <= 1.5005966587345618,0.05039579864121056
