feature,value,importance,min,max,rule,importance_ratio
Added_lines,0.0,-0.273526440954552,6.0,17843.0,Added_lines <= 6.5761356021680655,0.3671429443035477
CountClassCoupled,24.0,0.059335236902740875,0.0,126.0,20.500994623023644 < CountClassCoupled <= 42.45816087256249,0.07964317270899754
MaxInheritanceTree,5.0,0.04665723963439011,0.0,7.0,MaxInheritanceTree > 4.503613651938005,0.06262603451668644
CountLineComment,140.0,0.04261969695728965,15.0,3202.0,137.67382705599826 < CountLineComment <= 146.26265667216038,0.05720661217108514
CountDeclClass,1.0,-0.03602837903689995,1.0,13.0,CountDeclClass <= 1.5005966587345618,0.04835936559526068
