feature,value,importance,min,max,rule,importance_ratio
Added_lines,9.0,0.18275797640832997,6.0,17843.0,6.5761356021680655 < Added_lines <= 24.088365210503166,0.24815517672345472
MAJOR_LINE,3.0,0.11413316337359118,0.0,10.0,2.503347321568387 < MAJOR_LINE <= 5.505000175998428,0.15497400378137213
CountLineComment,296.0,0.05517798400338855,15.0,3202.0,146.26265667216038 < CountLineComment <= 442.57727842975316,0.07492259785702432
MaxInheritanceTree,4.0,0.05463306351930827,0.0,7.0,3.4981638542906017 < MaxInheritanceTree <= 4.503613651938005,0.07418268575203885
CountClassCoupled,20.0,0.039517443461120114,0.0,126.0,12.516570532282248 < CountClassCoupled <= 20.500994623023644,0.053658167804633346
