feature,value,importance,min,max,rule,importance_ratio
Added_lines,303.0,0.21160106297780504,6.0,17843.0,251.74735011885954 < Added_lines <= 987.2609936689339,0.3071182669674434
CountClassCoupled,28.0,0.05780474024124412,0.0,126.0,20.500994623023644 < CountClassCoupled <= 42.45816087256249,0.08389793224836607
MaxInheritanceTree,4.0,0.05199019261568456,0.0,7.0,3.4981638542906017 < MaxInheritanceTree <= 4.503613651938005,0.07545868452044316
CountLineComment,342.0,0.04986756427291201,15.0,3202.0,146.26265667216038 < CountLineComment <= 442.57727842975316,0.07237789688698659
OWN_LINE,0.617333333333333,0.04024970509773515,0.281553398058252,1.0,0.571420709704031 < OWN_LINE <= 0.8116920473637016,0.058418514073644734
