feature,value,importance,min,max,rule,importance_ratio
Added_lines,0.0,-0.2758688438995426,6.0,17843.0,Added_lines <= 6.5761356021680655,0.3707650399590103
CountLineComment,151.0,0.05924365155304108,15.0,3202.0,146.26265667216038 < CountLineComment <= 442.57727842975316,0.07962289080886446
CountClassCoupled,27.0,0.055851373674763935,0.0,126.0,20.500994623023644 < CountClassCoupled <= 42.45816087256249,0.07506370237238595
MaxInheritanceTree,6.0,0.048839219905485634,0.0,7.0,MaxInheritanceTree > 4.503613651938005,0.065639435986538
CountDeclClass,1.0,-0.03456920870572233,1.0,13.0,CountDeclClass <= 1.5005966587345618,0.04646067988669219
