feature,value,importance,min,max,rule,importance_ratio
Added_lines,0.0,-0.2740205408364942,6.0,17843.0,Added_lines <= 6.5761356021680655,0.30654004915406363
CountClassCoupled,47.0,0.09062461477326655,0.0,126.0,CountClassCoupled > 45.50484901245065,0.1013795308277322
CountLineComment,777.0,0.08110038781543724,15.0,3202.0,442.57727842975316 < CountLineComment <= 1279.9881660055592,0.09072501204277172
MaxInheritanceTree,5.0,0.04744272980210386,0.0,7.0,MaxInheritanceTree > 4.503613651938005,0.05307301664738201
CountDeclClass,1.0,-0.03411759804546729,1.0,13.0,CountDeclClass <= 1.5005966587345618,0.03816651901331943
