feature,value,importance,min,max,rule,importance_ratio
Added_lines,0.0,-0.2742878127704532,6.0,17843.0,Added_lines <= 6.5761356021680655,0.4152848156573761
CountClassCoupled,18.0,0.03691424449061824,0.0,126.0,12.516570532282248 < CountClassCoupled <= 20.500994623023644,0.055889924760335816
CountDeclClass,1.0,-0.03437472893155773,1.0,13.0,CountDeclClass <= 1.5005966587345618,0.05204497722092006
MAJOR_LINE,2.0,0.02730589290094469,0.0,10.0,1.498903175727984 < MAJOR_LINE <= 2.503347321568387,0.04134242270989594
CountInput_Mean,12.3333333333333,0.02691553290846989,0.0,337.0,4.058734353009095 < CountInput_Mean <= 51.33476658246089,0.04075139908446574
