feature,value,importance,min,max,rule,importance_ratio
Added_lines,2.0,-0.2757320833780587,6.0,17843.0,Added_lines <= 6.5761356021680655,0.32048058650362066
MAJOR_LINE,3.0,0.11819912797722414,0.0,10.0,2.503347321568387 < MAJOR_LINE <= 5.505000175998428,0.1373816401569018
CountLineComment,345.0,0.06166067665138339,15.0,3202.0,146.26265667216038 < CountLineComment <= 442.57727842975316,0.07166757518874184
CountClassCoupled,36.0,0.05854772496026186,0.0,126.0,20.500994623023644 < CountClassCoupled <= 42.45816087256249,0.06804942320763853
MaxInheritanceTree,4.0,0.05789978678287151,0.0,7.0,3.4981638542906017 < MaxInheritanceTree <= 4.503613651938005,0.06729633127664465
