Antecedent,Antecedent Coverage %,Confidence,Lift
0.46 < CountClassCoupled <= 1.98,0.20972,0.99785,1.03706
OWN_LINE > 0.962,0.19397,0.99768,1.03688
2.95 < CountDeclMethodPublic <= 6.4,0.20612,0.99563,1.03475
RatioCommentToCode > 2.02,0.20027,0.99551,1.03462
-0.05 < CountDeclInstanceVariable <= 0.7,0.29073,0.99071,1.02964
-0.028 < OWN_COMMIT <= 0.011,0.55041,0.98937,1.02824
