Antecedent,Antecedent Coverage %,Confidence,Lift
0.14 < CountClassCoupled <= 1.84 & 0.83 < CountOutput_Min <= 1.205,0.09643,0.98148,1.17254
1.01 < RatioCommentToCode <= 1.895,0.18348,0.96107,1.14816
RatioCommentToCode > 1.895,0.18795,0.95487,1.14075
1.04 < MINOR_LINE <= 1.74,0.14509,0.95385,1.13953
0.565 < RatioCommentToCode <= 1.01,0.1933,0.94919,1.13397
MaxNesting_Mean <= 0.04,0.23839,0.92697,1.10742
17.4 < CountLineComment <= 29,0.30714,0.92297,1.10264
2.22 < CountInput_Mean <= 3.19,0.18571,0.92067,1.0999
3 < PercentLackOfCohesion <= 32.5,0.16384,0.91553,1.09375
