feature,value,importance,left,right,rec,rule,min,max
CountLineComment,366.0,0.09514240345886396,15.0,254.46825531408285,-1,254.46825531408285 < CountLineComment <= 430.39806709852445,15.0,3419.0
OWN_COMMIT,5.551115123125783e-17,-0.03990959477613076,0.0823678792991347,1.0,1,OWN_COMMIT <= 0.0823678792991347,0.0,1.0
MAJOR_LINE,1.0,-0.020126010555050436,1.505625548552707,12.0,1,0.5034576428756157 < MAJOR_LINE <= 1.505625548552707,0.0,12.0
CountDeclMethodPublic,23.0,0.012928668073153097,0.0,21.569962791266494,-1,21.569962791266494 < CountDeclMethodPublic <= 23.55408671781892,0.0,205.0
CountClassCoupled,14.0,0.002909933588808416,0.0,11.482558914251676,-1,11.482558914251676 < CountClassCoupled <= 16.508344142878215,0.0,128.0
