feature,value,importance,left,right,rec,rule,min,max
CountLineComment,283.0,0.08746476200058993,15.0,254.46825531408285,-1,254.46825531408285 < CountLineComment <= 430.39806709852445,15.0,3419.0
MAJOR_LINE,3.0,0.07295370494005365,0.0,2.492835724294319,-1,2.492835724294319 < MAJOR_LINE <= 4.497171535648503,0.0,12.0
CountClassCoupled,31.0,0.05741141869134966,0.0,24.508573690487815,-1,24.508573690487815 < CountClassCoupled <= 42.45780664986833,0.0,128.0
OWN_COMMIT,0.0,-0.037070545734719754,0.0823678792991347,1.0,1,OWN_COMMIT <= 0.0823678792991347,0.0,1.0
CountDeclMethodPublic,13.0,0.00027741789565655594,0.0,10.42834381908749,-1,10.42834381908749 < CountDeclMethodPublic <= 13.480842167629682,0.0,205.0
