feature,value,importance,left,right,rec,rule,min,max
MAJOR_LINE,5.0,0.13873644017995038,0.0,4.497171535648503,-1,4.497171535648503 < MAJOR_LINE <= 7.503675252679776,0.0,12.0
CountLineComment,715.0,0.13759322011806607,15.0,430.39806709852445,-1,CountLineComment > 430.39806709852445,15.0,3419.0
CountDeclMethodPublic,35.0,0.052779838906112334,0.0,23.55408671781892,-1,23.55408671781892 < CountDeclMethodPublic <= 46.44782433188537,0.0,205.0
OWN_COMMIT,5.551115123125783e-17,-0.039850499818049195,0.0823678792991347,1.0,1,OWN_COMMIT <= 0.0823678792991347,0.0,1.0
CountClassCoupled,11.0,0.009242045616356234,0.0,9.533785050090364,-1,9.533785050090364 < CountClassCoupled <= 11.482558914251676,0.0,128.0
