feature,value,importance,left,right,rec,rule,min,max
CountLineComment,508.0,0.13632522196269029,15.0,430.39806709852445,-1,CountLineComment > 430.39806709852445,15.0,3419.0
MAJOR_LINE,4.0,0.07063591564285043,0.0,2.492835724294319,-1,2.492835724294319 < MAJOR_LINE <= 4.497171535648503,0.0,12.0
CountClassCoupled,65.0,0.05527037098965212,0.0,42.45780664986833,-1,CountClassCoupled > 42.45780664986833,0.0,128.0
CountDeclMethodPublic,34.0,0.04564340370349919,0.0,23.55408671781892,-1,23.55408671781892 < CountDeclMethodPublic <= 46.44782433188537,0.0,205.0
OWN_COMMIT,1.0,-0.0037474657466405703,1.0,1.0,1,OWN_COMMIT > 0.9396574894715668,0.0,1.0
