feature,value,importance,left,right,rec,rule,min,max
CountLineComment,888.0,0.15802226072367817,15.0,430.39806709852445,-1,CountLineComment > 430.39806709852445,15.0,3419.0
MAJOR_LINE,7.0,0.155602230369088,0.0,4.497171535648503,-1,4.497171535648503 < MAJOR_LINE <= 7.503675252679776,0.0,12.0
CountClassCoupled,59.0,0.06136458182548287,0.0,42.45780664986833,-1,CountClassCoupled > 42.45780664986833,0.0,128.0
CountDeclMethodPublic,53.0,0.045247664241248195,0.0,46.44782433188537,-1,CountDeclMethodPublic > 46.44782433188537,0.0,205.0
OWN_COMMIT,5.551115123125783e-17,-0.035952137064795914,0.0823678792991347,1.0,1,OWN_COMMIT <= 0.0823678792991347,0.0,1.0
