feature,value,importance,left,right,rec,rule,min,max
MAJOR_LINE,3.0,0.06814987230242343,0.0,2.492835724294319,-1,2.492835724294319 < MAJOR_LINE <= 4.497171535648503,0.0,12.0
OWN_COMMIT,0.0,-0.03653998014446695,0.0823678792991347,1.0,1,OWN_COMMIT <= 0.0823678792991347,0.0,1.0
CountClassCoupled,2.0,-0.024490478674006784,9.533785050090364,128.0,1,0.5078850476590215 < CountClassCoupled <= 9.533785050090364,0.0,128.0
CountLineComment,76.0,-0.013883766776303898,78.53844352964126,3419.0,1,48.501646395712186 < CountLineComment <= 78.53844352964126,15.0,3419.0
CountDeclMethodPublic,6.0,-0.013491099710594841,6.460095965982637,205.0,1,2.4918481128777863 < CountDeclMethodPublic <= 6.460095965982637,0.0,205.0
