feature,value,importance,left,right,rec,rule,min,max
OWN_COMMIT,0.5,0.03842040918227006,0.0,0.4850342113498225,-1,0.4850342113498225 < OWN_COMMIT <= 0.9396574894715668,0.0,1.0
CountClassCoupled,20.0,0.03523577394932806,0.0,16.508344142878215,-1,16.508344142878215 < CountClassCoupled <= 24.508573690487815,0.0,128.0
CountLineComment,173.0,0.013308186393139377,15.0,78.53844352964126,-1,78.53844352964126 < CountLineComment <= 252.3227698045165,15.0,3419.0
MAJOR_LINE,2.0,0.008238369334263411,0.0,1.505625548552707,-1,1.505625548552707 < MAJOR_LINE <= 2.492835724294319,0.0,12.0
