feature,value,importance,left,right,rec,rule,min,max
CountLineComment,340.0,0.08653683288162407,15.0,254.46825531408285,-1,254.46825531408285 < CountLineComment <= 430.39806709852445,15.0,3419.0
MAJOR_LINE,3.0,0.06680779685857863,0.0,2.492835724294319,-1,2.492835724294319 < MAJOR_LINE <= 4.497171535648503,0.0,12.0
OWN_COMMIT,5.551115123125783e-17,-0.03227147144916134,0.0823678792991347,1.0,1,OWN_COMMIT <= 0.0823678792991347,0.0,1.0
CountClassCoupled,15.0,0.007909160887930176,0.0,11.482558914251676,-1,11.482558914251676 < CountClassCoupled <= 16.508344142878215,0.0,128.0
CountDeclMethodPublic,11.0,0.0018411654357500717,0.0,10.42834381908749,-1,10.42834381908749 < CountDeclMethodPublic <= 13.480842167629682,0.0,205.0
