feature,value,importance,left,right,rec,rule,min,max
CountLineComment,338.0,0.10422173505914761,15.0,254.46825531408285,-1,254.46825531408285 < CountLineComment <= 430.39806709852445,15.0,3419.0
MAJOR_LINE,3.0,0.06101505922757776,0.0,2.492835724294319,-1,2.492835724294319 < MAJOR_LINE <= 4.497171535648503,0.0,12.0
CountDeclMethodPublic,49.0,0.0535755182652539,0.0,46.44782433188537,-1,CountDeclMethodPublic > 46.44782433188537,0.0,205.0
OWN_COMMIT,0.0,-0.03771032060759634,0.0823678792991347,1.0,1,OWN_COMMIT <= 0.0823678792991347,0.0,1.0
CountClassCoupled,15.0,0.02311808831703088,0.0,11.482558914251676,-1,11.482558914251676 < CountClassCoupled <= 16.508344142878215,0.0,128.0
