feature,value,importance,left,right,rec,rule,min,max
CountClassCoupled,22.0,0.04165116970588189,0.0,16.508344142878215,-1,16.508344142878215 < CountClassCoupled <= 24.508573690487815,0.0,128.0
CountLineComment,194.0,0.024796960977451512,15.0,78.53844352964126,-1,78.53844352964126 < CountLineComment <= 252.3227698045165,15.0,3419.0
MAJOR_LINE,2.0,0.018816978190558237,0.0,1.505625548552707,-1,1.505625548552707 < MAJOR_LINE <= 2.492835724294319,0.0,12.0
CountDeclMethodPublic,12.0,0.0048411615723439,0.0,10.42834381908749,-1,10.42834381908749 < CountDeclMethodPublic <= 13.480842167629682,0.0,205.0
OWN_COMMIT,1.0,-0.003269414501375178,1.0,1.0,1,OWN_COMMIT > 0.9396574894715668,0.0,1.0
