feature,value,importance,left,right,rec,rule,min,max
MAJOR_LINE,4.0,0.06783070920004929,0.0,2.492835724294319,-1,2.492835724294319 < MAJOR_LINE <= 4.497171535648503,0.0,12.0
CountClassCoupled,34.0,0.04417940405215607,0.0,24.508573690487815,-1,24.508573690487815 < CountClassCoupled <= 42.45780664986833,0.0,128.0
CountLineComment,154.0,0.012700035849912234,15.0,78.53844352964126,-1,78.53844352964126 < CountLineComment <= 252.3227698045165,15.0,3419.0
OWN_COMMIT,1.0,-0.0017714325172641448,1.0,1.0,1,OWN_COMMIT > 0.9396574894715668,0.0,1.0
CountDeclMethodPublic,8.0,0.0017040914663094709,0.0,6.460095965982637,-1,6.460095965982637 < CountDeclMethodPublic <= 10.42834381908749,0.0,205.0
