feature,value,importance,min,max,rule,importance_ratio
OWN_COMMIT,1.0,0.08381907741195087,0.0,1.0,OWN_COMMIT > 0.9158840980681497,0.2025999033091394
OWN_LINE,0.48590021691974,0.04513754091372888,0.282051282051282,1.0,OWN_LINE <= 0.4929700565327333,0.10910238703522078
CountClassCoupled,14.0,0.03421969317971178,0.0,71.0,7.4740046828129625 < CountClassCoupled <= 14.476416159221149,0.08271275160193466
CountDeclMethodPrivate,1.0,0.03205985445313637,0.0,21.0,0.5047804236063558 < CountDeclMethodPrivate <= 1.5022263967624856,0.07749218451054452
RatioCommentToCode,0.08,0.025272310665824964,0.03,8.5,0.04753367113528073 < RatioCommentToCode <= 0.16254030530342767,0.06108594672463718
