feature,value,importance,min,max,rule,importance_ratio
CountClassCoupled,80.0,0.10331482327208093,0.0,71.0,CountClassCoupled > 58.969614743832466,0.1605884665455024
CountDeclInstanceVariable,100.0,0.07902643388832094,0.0,74.0,CountDeclInstanceVariable > 37.492663687704365,0.12283555672610283
MAJOR_LINE,6.0,0.07452329440389734,0.0,5.0,MAJOR_LINE > 4.499384532543117,0.1158360551875902
CountDeclMethodPublic,215.0,0.06242415405396472,0.0,165.0,CountDeclMethodPublic > 59.45821356470026,0.09702963096134318
OWN_LINE,0.279745042492918,0.046835263415950144,0.282051282051282,1.0,OWN_LINE <= 0.4929700565327333,0.07279887719901448
