feature,value,importance,min,max,rule,importance_ratio
OWN_COMMIT,1.0,0.08144623525224835,0.0,1.0,OWN_COMMIT > 0.9158840980681497,0.20164042635195686
OWN_LINE,0.352030947775629,0.04411840532996665,0.282051282051282,1.0,OWN_LINE <= 0.4929700565327333,0.10922609293297376
CountDeclMethodPrivate,0.0,-0.03794278054552376,0.0,21.0,CountDeclMethodPrivate <= 0.5047804236063558,0.09393679674060738
CountClassCoupled,6.0,0.03225728954353929,0.0,71.0,5.491020901883211 < CountClassCoupled <= 7.4740046828129625,0.07986094871510009
AvgLineBlank,5.0,0.02171675049920142,0.0,15.0,4.494877332780186 < AvgLineBlank <= 5.494477600885018,0.05376522089788261
