feature,value,importance,min,max,rule,importance_ratio
OWN_COMMIT,0.666666666666667,0.04937462951152459,0.0,1.0,0.524282117653962 < OWN_COMMIT <= 0.9158840980681497,0.12497802793733392
OWN_LINE,0.407228915662651,0.047447423254282875,0.282051282051282,1.0,OWN_LINE <= 0.4929700565327333,0.12009984576480054
CountDeclMethodPrivate,0.0,-0.037126146356349914,0.0,21.0,CountDeclMethodPrivate <= 0.5047804236063558,0.0939744278070265
CountClassCoupled,6.0,0.032755716332655005,0.0,71.0,5.491020901883211 < CountClassCoupled <= 7.4740046828129625,0.08291190984986362
CountInput_Mean,3.93333333333333,0.021597381254777205,0.0,57.0,2.586598893284177 < CountInput_Mean <= 4.925382864055369,0.05466771385500269
