feature,value,importance,min,max,rule,importance_ratio
CountClassCoupled,48.0,0.13085134854091732,0.0,71.0,14.476416159221149 < CountClassCoupled <= 58.969614743832466,0.21948117322994404
CountDeclInstanceVariable,24.0,0.06215004628161303,0.0,74.0,21.509667398160907 < CountDeclInstanceVariable <= 37.492663687704365,0.10424627049157442
MAJOR_LINE,5.0,0.05915580533700161,0.0,5.0,MAJOR_LINE > 4.499384532543117,0.09922393390288463
CountDeclMethodPublic,68.0,0.055106592243864,0.0,165.0,CountDeclMethodPublic > 59.45821356470026,0.09243205861654023
OWN_LINE,0.240831295843521,0.0476757870397595,0.282051282051282,1.0,OWN_LINE <= 0.4929700565327333,0.07996813017846197
