feature,value,importance,min,max,rule,importance_ratio
CountDeclMethodPublic,71.0,0.05622921306507663,0.0,165.0,CountDeclMethodPublic > 59.45821356470026,0.1356613331860362
OWN_COMMIT,0.666666666666667,0.04657303796296591,0.0,1.0,0.524282117653962 < OWN_COMMIT <= 0.9158840980681497,0.1123643756719045
CountClassCoupled,13.0,0.033765613776782014,0.0,71.0,7.4740046828129625 < CountClassCoupled <= 14.476416159221149,0.08146456141048249
CountDeclMethodPrivate,1.0,0.03185921392320614,0.0,21.0,0.5047804236063558 < CountDeclMethodPrivate <= 1.5022263967624856,0.07686508843862266
OWN_LINE,0.536423841059603,0.0287099619435495,0.282051282051282,1.0,0.4971134892157368 < OWN_LINE <= 0.8679507143445468,0.06926705000254267
