"Rule ID","Antecedent","Consequent","Antecedent Coverage %","Antecedent Coverage","Support %","Support","Confidence","Leverage","Lift","p-value","Consequent Coverage %","Consequent Coverage"
"b'000000'","b'-0.059 < MAJOR_LINE <= 0.031'","b'target = 0'",0.4821,1064,0.4821,1064,1,0.01158,1.02461,3.94889e-16,0.97599,2154
"b'000001'","b'-0.2 < CountDeclInstanceVariable <= 0.86'","b'target = 0'",0.34436,760,0.34436,760,1,0.00827,1.02461,1.37394e-10,0.97599,2154
"b'000002'","b'PercentLackOfCohesion <= 2'","b'target = 0'",0.24422,539,0.24422,539,1,0.00586,1.02461,2.92142e-07,0.97599,2154
"b'000003'","b'-0.0385 < OWN_COMMIT <= 0.005'","b'target = 0'",0.6126,1352,0.60852,1343,0.99334,0.01063,1.01778,2.74177e-11,0.97599,2154
"b'000004'","b'0.99 < CountDeclClass <= 1.24'","b'target = 0'",0.72315,1596,0.71726,1583,0.99185,0.01148,1.01626,3.32544e-13,0.97599,2154
"b'000005'","b'-0.004 < CountDeclMethodPrivate <= 0.174'","b'target = 0'",0.71001,1567,0.70367,1553,0.99107,0.01071,1.01545,1.34398e-11,0.97599,2154
