"Rule ID","Antecedent","Consequent","Antecedent Coverage %","Antecedent Coverage","Support %","Support","Confidence","Leverage","Lift","p-value","Consequent Coverage %","Consequent Coverage"
"b'000000'","b'-0.12 < MAJOR_LINE <= 0.036'","b'target = 0'",0.5179,1143,0.5179,1143,1,0.0122,1.02413,1.72204e-17,0.97644,2155
"b'000001'","b'0.45 < CountDeclMethodPublic <= 2.75'","b'target = 0'",0.22519,497,0.22519,497,1,0.00531,1.02413,1.4483e-06,0.97644,2155
"b'000002'","b'-0.3 < CountDeclInstanceVariable <= 0.86'","b'target = 0'",0.31989,706,0.31944,705,0.99858,0.00708,1.02268,3.88327e-08,0.97644,2155
"b'000003'","b'-0.49 < CountDeclClassVariable <= 0.26'","b'target = 0'",0.39284,867,0.39148,864,0.99654,0.0079,1.02059,2.65402e-08,0.97644,2155
"b'000004'","b'-0.0595 < OWN_COMMIT <= 0.006'","b'target = 0'",0.60671,1339,0.60399,1333,0.99552,0.01158,1.01954,1.34772e-13,0.97644,2155
"b'000005'","b'-0.004 < CountDeclMethodPrivate <= 0.17'","b'target = 0'",0.7014,1548,0.69461,1533,0.99031,0.00973,1.01421,6.01958e-10,0.97644,2155
