feature,value,importance,min,max,rule,importance_ratio
Del_lines,15.0,0.2442127526272725,0.0,199.0,2.5289990112893617 < Del_lines <= 26.52313278361831,0.4336370761664026
CountClassCoupled,19.0,0.10286648999485205,0.0,71.0,13.494783233669544 < CountClassCoupled <= 29.979533932174256,0.18265517863822928
CountDeclInstanceVariable,16.0,0.0492294667973786,0.0,146.0,15.513666320810996 < CountDeclInstanceVariable <= 21.48866785028532,0.08741444422367255
CountDeclMethodDefault,0.0,-0.025800864496012838,0.0,45.0,CountDeclMethodDefault <= 9.512909076575847,0.045813379204207486
MAJOR_LINE,2.0,0.022013638346631902,0.0,4.0,1.500645087288425 < MAJOR_LINE <= 2.4984912888350683,0.03908858020607732
