feature,value,importance,min,max,rule,importance_ratio
Del_lines,11.0,0.24484160507095762,0.0,199.0,2.5289990112893617 < Del_lines <= 26.52313278361831,0.5813258211133498
CountDeclMethodDefault,0.0,-0.030142469316466924,0.0,45.0,CountDeclMethodDefault <= 9.512909076575847,0.07156706769954747
CountDeclInstanceVariable,14.0,0.019270452543126433,0.0,146.0,10.502374715445432 < CountDeclInstanceVariable <= 15.513666320810996,0.04575370940168539
CountDeclMethodPrivate,3.0,0.01914454049121325,0.0,45.0,2.5013623156651215 < CountDeclMethodPrivate <= 3.506738395921374,0.045454757240571735
CountClassCoupled,3.0,-0.013901911315877527,0.0,71.0,1.5280753191994587 < CountClassCoupled <= 4.51975229781698,0.033007217087983716
