"Rule ID","Antecedent","Consequent","Antecedent Coverage %","Antecedent Coverage","Support %","Support","Confidence","Leverage","Lift","p-value","Consequent Coverage %","Consequent Coverage"
"b'000000'","b'0.68 < CountDeclInstanceVariable <= 1.92'","b'target = 0'",0.19072,403,0.1893,400,0.99256,0.00923,1.05126,3.04386e-08,0.94416,1995
"b'000001'","b'RatioCommentToCode > 2.11'","b'target = 0'",0.1983,419,0.1964,415,0.99045,0.00918,1.04904,8.73311e-08,0.94416,1995
"b'000002'","b'1.78 < CountClassCoupled <= 3.66'","b'target = 0'",0.18173,384,0.17984,380,0.98958,0.00826,1.04812,6.97646e-07,0.94416,1995
"b'000003'","b'0.5 < CountDeclMethodPublic <= 3.35'","b'target = 0'",0.22527,476,0.22243,470,0.98739,0.00974,1.0458,1.10149e-07,0.94416,1995
"b'000004'","b'-0.092 < MAJOR_LINE <= 0.054'","b'target = 0'",0.44723,945,0.44108,932,0.98624,0.01882,1.04458,4.43648e-16,0.94416,1995
"b'000005'","b'-0.003 < OWN_COMMIT <= 0.0295'","b'target = 0'",0.70611,1492,0.68765,1453,0.97386,0.02098,1.03146,3.67607e-18,0.94416,1995
