feature,value,importance,left,right,rec,rule,min,max
OWN_COMMIT,0.8,0.061086359670555056,0.0,0.47314245730383975,-1,0.47314245730383975 < OWN_COMMIT <= 0.8757602249511109,0.0,1.0
MINOR_LINE,1.0,-0.054355450433725916,1.4996400298738282,7.0,1,MINOR_LINE <= 1.4996400298738282,1.0,7.0
MAJOR_LINE,1.0,0.009397682941616612,0.0,0.4986009014000341,-1,0.4986009014000341 < MAJOR_LINE <= 1.499206042722081,0.0,13.0
