feature,value,importance,left,right,rec,rule,min,max
OWN_COMMIT,0.571428571428571,0.050185669374519404,0.0,0.47314245730383975,-1,0.47314245730383975 < OWN_COMMIT <= 0.8757602249511109,0.0,1.0
PercentLackOfCohesion,84.0,0.019989247719082556,0.0,72.43388073993849,-1,72.43388073993849 < PercentLackOfCohesion <= 85.4235986405478,0.0,100.0
