feature,value,importance,left,right,rec,rule,min,max
OWN_COMMIT,0.6,0.07126053659650952,0.0,0.47314245730383975,-1,0.47314245730383975 < OWN_COMMIT <= 0.8757602249511109,0.0,1.0
PercentLackOfCohesion,100.0,-0.05737961021782355,100.0,100.0,1,PercentLackOfCohesion > 99.5594681206226,0.0,100.0
MAJOR_LINE,4.0,0.03207619184307844,0.0,2.4998111840441277,-1,2.4998111840441277 < MAJOR_LINE <= 6.502231749332315,0.0,13.0
