feature,value,importance,left,right,rec,rule,min,max
MINOR_LINE,1.0,-0.06912930583487974,1.4996400298738282,7.0,1,MINOR_LINE <= 1.4996400298738282,1.0,7.0
OWN_COMMIT,0.8,0.038231057784744935,0.0,0.47314245730383975,-1,0.47314245730383975 < OWN_COMMIT <= 0.8757602249511109,0.0,1.0
MAJOR_LINE,1.0,0.007136731269723072,0.0,0.4986009014000341,-1,0.4986009014000341 < MAJOR_LINE <= 1.499206042722081,0.0,13.0
