feature,value,importance,left,right,rec,rule,min,max
MINOR_LINE,3.0,0.06233290714555232,1.0,2.4979493036941283,-1,2.4979493036941283 < MINOR_LINE <= 3.4962585775144284,1.0,7.0
CountClassBase,2.0,0.01301853556665817,0.0,1.5010933622734564,-1,1.5010933622734564 < CountClassBase <= 2.499285552932663,0.0,5.0
PercentLackOfCohesion,80.0,-0.0012293938949490219,85.4235986405478,100.0,1,72.43388073993849 < PercentLackOfCohesion <= 85.4235986405478,0.0,100.0
