feature,value,importance,left,right,rec,rule,min,max
OWN_COMMIT,0.666666666666667,0.041314668443475006,0.0,0.47314245730383975,-1,0.47314245730383975 < OWN_COMMIT <= 0.8757602249511109,0.0,1.0
MINOR_LINE,2.0,-0.012385962874335119,2.4979493036941283,7.0,1,1.4996400298738282 < MINOR_LINE <= 2.4979493036941283,1.0,7.0
MAJOR_LINE,1.0,0.0007118764917041674,0.0,0.4986009014000341,-1,0.4986009014000341 < MAJOR_LINE <= 1.499206042722081,0.0,13.0
