feature,value,importance,left,right,rec,rule,min,max
MINOR_LINE,3.0,0.05344058235471996,1.0,2.4979493036941283,-1,2.4979493036941283 < MINOR_LINE <= 3.4962585775144284,1.0,7.0
OWN_COMMIT,1.0,0.015347059420930087,0.0,0.8757602249511109,-1,OWN_COMMIT > 0.8757602249511109,0.0,1.0
CountClassBase,1.0,-0.011264014517553225,1.5010933622734564,5.0,1,0.5029011716142495 < CountClassBase <= 1.5010933622734564,0.0,5.0
