feature,value,importance,left,right,rec,rule,min,max
MAJOR_LINE,3.0,0.058869863638404414,0.0,2.4998111840441277,-1,2.4998111840441277 < MAJOR_LINE <= 6.502231749332315,0.0,13.0
OWN_COMMIT,0.714285714285714,0.042982237279957834,0.0,0.47314245730383975,-1,0.47314245730383975 < OWN_COMMIT <= 0.8757602249511109,0.0,1.0
MINOR_LINE,2.0,-0.0134200564106539,2.4979493036941283,7.0,1,1.4996400298738282 < MINOR_LINE <= 2.4979493036941283,1.0,7.0
