feature,value,importance,left,right,rec,rule,min,max
MINOR_LINE,5.0,0.09189220520403342,1.0,4.494567851334727,-1,4.494567851334727 < MINOR_LINE <= 5.505201931004661,1.0,7.0
CountClassBase,3.0,0.04792681203384745,0.0,2.499285552932663,-1,2.499285552932663 < CountClassBase <= 3.49747774359187,0.0,5.0
PercentLackOfCohesion,100.0,-0.031092890903371088,100.0,100.0,1,PercentLackOfCohesion > 99.5594681206226,0.0,100.0
MAJOR_LINE,9.0,-0.010560299635093879,13.0,13.0,1,MAJOR_LINE > 8.50344203197641,0.0,13.0
