feature,value,importance,left,right,rec,rule,min,max
MINOR_LINE,6.0,0.06388410554431856,1.0,5.505201931004661,-1,5.505201931004661 < MINOR_LINE <= 6.50351120482496,1.0,7.0
PercentLackOfCohesion,60.0,-0.019275044326697598,65.55697126314533,100.0,1,4.428887024983929 < PercentLackOfCohesion <= 65.55697126314533,0.0,100.0
CountClassBase,2.0,0.0070970981164801316,0.0,1.5010933622734564,-1,1.5010933622734564 < CountClassBase <= 2.499285552932663,0.0,5.0
