feature,value,importance,left,right,rec,rule,min,max
OWN_COMMIT,0.444444444444444,0.05129949678166947,0.0,0.1422783512174683,-1,0.1422783512174683 < OWN_COMMIT <= 0.47314245730383975,0.0,1.0
PercentLackOfCohesion,92.0,0.030691140435093144,0.0,85.4235986405478,-1,85.4235986405478 < PercentLackOfCohesion <= 99.5594681206226,0.0,100.0
MAJOR_LINE,13.000000000000002,-0.007508682017054503,13.0,13.0,1,MAJOR_LINE > 8.50344203197641,0.0,13.0
