feature,value,importance,left,right,rec,rule,min,max
PercentLackOfCohesion,100.0,-0.048104363070273576,100.0,100.0,1,PercentLackOfCohesion > 99.5594681206226,0.0,100.0
MAJOR_LINE,10.0,0.04340120952206946,0.0,8.50344203197641,-1,MAJOR_LINE > 8.50344203197641,0.0,13.0
OWN_COMMIT,0.571428571428571,0.0298185800151991,0.0,0.47314245730383975,-1,0.47314245730383975 < OWN_COMMIT <= 0.8757602249511109,0.0,1.0
