feature,value,importance,left,right,rec,rule,min,max
OWN_COMMIT,0.5,0.038182884163109464,0.0,0.47314245730383975,-1,0.47314245730383975 < OWN_COMMIT <= 0.8757602249511109,0.0,1.0
PercentLackOfCohesion,91.0,0.03006993033966853,0.0,85.4235986405478,-1,85.4235986405478 < PercentLackOfCohesion <= 99.5594681206226,0.0,100.0
