feature,value,importance,left,right,rec,rule,min,max
PercentLackOfCohesion,90.0,0.04085525048783129,0.0,85.4235986405478,-1,85.4235986405478 < PercentLackOfCohesion <= 99.5594681206226,0.0,100.0
MAJOR_LINE,1.1102230246251565e-16,-0.03389712940098781,0.4986009014000341,13.0,1,MAJOR_LINE <= 0.4986009014000341,0.0,13.0
OWN_COMMIT,1.0,0.022173418110392053,0.0,0.8757602249511109,-1,OWN_COMMIT > 0.8757602249511109,0.0,1.0
