feature,value,importance,min,max,rule,importance_ratio
Del_lines,0.0,-0.36943288554412246,0.0,199.0,Del_lines <= 0.46980096366411606,0.4124086104005968
CountDeclMethodPrivate,3.0,0.1287204371782927,0.0,45.0,2.5013623156651215 < CountDeclMethodPrivate <= 3.506738395921374,0.14369434531706535
CountDeclClassMethod,15.0,0.09325754538032667,0.0,173.0,12.99358836470865 < CountDeclClassMethod <= 16.511093397792216,0.10410609397434842
RatioCommentToCode,0.16,0.045892135555111034,0.0,8.67,0.04589779381846659 < RatioCommentToCode <= 0.2189207198053974,0.05123071765720959
AvgEssential,1.0,-0.029802567299044746,0.0,4.0,0.5014991464925511 < AvgEssential <= 1.4996372156384044,0.03326946746515716
