feature,value,importance,min,max,rule,importance_ratio
Del_lines,37.0,0.23059337902744345,0.0,199.0,Del_lines > 26.52313278361831,0.2609392725363937
CountClassCoupled,40.0,0.17728966196716187,0.0,71.0,CountClassCoupled > 29.979533932174256,0.20062083142651133
CountLineComment,24.0,-0.0678018723729393,0.0,1043.0,CountLineComment <= 28.48796808168277,0.0767245413906468
CountDeclInstanceVariable,16.0,0.05516580872551106,0.0,146.0,15.513666320810996 < CountDeclInstanceVariable <= 21.48866785028532,0.0624255824622073
RatioCommentToCode,0.05,0.04496074702789899,0.0,8.67,0.04589779381846659 < RatioCommentToCode <= 0.2189207198053974,0.050877543282613215
