feature,value,importance,min,max,rule,importance_ratio
Del_lines,4.0,0.4391737105593954,0.0,199.0,2.5289990112893617 < Del_lines <= 26.52313278361831,0.5393217245855506
CountLineComment,21.0,-0.0672115173106409,0.0,1043.0,CountLineComment <= 28.48796808168277,0.08253825435455807
CountClassCoupled,8.0,0.04753415925232249,0.0,71.0,5.496626413283925 < CountClassCoupled <= 11.47998037051897,0.05837372349094572
OWN_LINE,1.0,-0.030768649537902502,0.303571428571429,1.0,OWN_LINE > 0.9503642195893409,0.037785051183535555
CountDeclMethodDefault,0.0,-0.03062010481211182,0.0,45.0,CountDeclMethodDefault <= 9.512909076575847,0.03760263271046831
