feature,value,importance,min,max,rule,importance_ratio
CountLineComment,119.0,0.22453413702665426,0.0,1043.0,115.41967126776413 < CountLineComment <= 699.3640439784572,0.21510579159563503
Del_lines,71.0,0.21752941378457857,0.0,199.0,Del_lines > 26.52313278361831,0.20839520158091415
CountClassCoupled,47.0,0.17069227914324295,0.0,71.0,CountClassCoupled > 29.979533932174256,0.16352479097649078
CountDeclInstanceVariable,39.0,0.07980096429751242,0.0,146.0,CountDeclInstanceVariable > 21.48866785028532,0.07645006600165077
RatioCommentToCode,0.12,0.04272009222455545,0.0,8.67,0.04589779381846659 < RatioCommentToCode <= 0.2189207198053974,0.04092624567778161
