feature,value,importance,min,max,rule,importance_ratio
Del_lines,0.0,-0.3677481567132952,0.0,199.0,Del_lines <= 0.46980096366411606,0.4612125963641038
CountClassCoupled,23.0,0.10037037842536026,0.0,71.0,13.494783233669544 < CountClassCoupled <= 29.979533932174256,0.12587985007277247
RatioCommentToCode,0.13,0.045309215926836066,0.0,8.67,0.04589779381846659 < RatioCommentToCode <= 0.2189207198053974,0.05682470662423954
CountInput_Mean,2.83333333333333,0.03374266460206427,0.0,53.0,0.4907821800349863 < CountInput_Mean <= 3.058906243303005,0.04231847710250826
AvgEssential,1.0,-0.03066589768557056,0.0,4.0,0.5014991464925511 < AvgEssential <= 1.4996372156384044,0.038459739452683515
