feature,value,importance,min,max,rule,importance_ratio
Del_lines,6.0,0.44206178824574194,0.0,199.0,2.5289990112893617 < Del_lines <= 26.52313278361831,0.5346047511800536
CountLineComment,27.0,-0.06674123779976164,0.0,1043.0,CountLineComment <= 28.48796808168277,0.08071311245647805
OWN_LINE,0.674157303370786,0.04502558673758428,0.303571428571429,1.0,0.5955472712676014 < OWN_LINE <= 0.7450487944368737,0.05445142112396551
CountDeclMethodDefault,0.0,-0.03501243449950128,0.0,45.0,CountDeclMethodDefault <= 9.512909076575847,0.04234207599822806
CountInput_Mean,2.33333333333333,0.029537985480882472,0.0,53.0,0.4907821800349863 < CountInput_Mean <= 3.058906243303005,0.035721584172728624
