feature,value,importance,min,max,rule,importance_ratio
Del_lines,24.0,0.438497222385653,0.0,199.0,2.5289990112893617 < Del_lines <= 26.52313278361831,0.45262277777427323
CountLineComment,79.0,0.09259053621390353,0.0,1043.0,62.623453625955555 < CountLineComment <= 100.40005762828412,0.09557320675543154
CountDeclInstanceVariable,29.0,0.08656705067969472,0.0,146.0,CountDeclInstanceVariable > 21.48866785028532,0.08935568332496625
RatioCommentToCode,0.19,0.04278935961108179,0.0,8.67,0.04589779381846659 < RatioCommentToCode <= 0.2189207198053974,0.0441677570977102
CountDeclMethodDefault,0.0,-0.03558294697315444,0.0,45.0,CountDeclMethodDefault <= 9.512909076575847,0.036729200273517594
