feature,value,importance,min,max,rule,importance_ratio
Del_lines,5.0,0.43982247002130376,0.0,199.0,2.5289990112893617 < Del_lines <= 26.52313278361831,0.559208401603651
CountLineComment,21.0,-0.06837310666671573,0.0,1043.0,CountLineComment <= 28.48796808168277,0.086932383627235
CountDeclMethodDefault,0.0,-0.035735176062450656,0.0,45.0,CountDeclMethodDefault <= 9.512909076575847,0.04543517452835037
CountClassCoupled,2.0,-0.029410484119805933,0.0,71.0,1.5280753191994587 < CountClassCoupled <= 4.51975229781698,0.03739370072254292
CountDeclMethodProtected,0.0,0.02647228616048161,0.0,40.0,CountDeclMethodProtected <= 0.5010504586027253,0.033657954833186066
