feature,value,importance,min,max,rule,importance_ratio
Del_lines,34.0,0.22385367979592402,0.0,199.0,Del_lines > 26.52313278361831,0.2644032754240604
CountLineComment,108.0,0.1512793154380096,0.0,1043.0,100.40005762828412 < CountLineComment <= 115.41967126776413,0.17868255077238032
CountClassCoupled,15.0,0.11724512592851172,0.0,71.0,13.494783233669544 < CountClassCoupled <= 29.979533932174256,0.13848329565663625
CountDeclInstanceVariable,21.0,0.05098540752863128,0.0,146.0,15.513666320810996 < CountDeclInstanceVariable <= 21.48866785028532,0.06022107280831984
CountDeclMethodDefault,0.0,-0.038913441728898296,0.0,45.0,CountDeclMethodDefault <= 9.512909076575847,0.04596235121318457
