feature,value,importance,min,max,rule,importance_ratio
Del_lines,10.0,0.4445043296899329,0.0,199.0,2.5289990112893617 < Del_lines <= 26.52313278361831,0.4881311112306007
CountLineComment,21.0,-0.0673345457699039,0.0,1043.0,CountLineComment <= 28.48796808168277,0.07394323172014612
CountDeclClassMethod,15.0,0.06310417302606079,0.0,173.0,12.99358836470865 < CountDeclClassMethod <= 16.511093397792216,0.06929766043895698
RatioCommentToCode,0.08,0.0443346229041364,0.0,8.67,0.04589779381846659 < RatioCommentToCode <= 0.2189207198053974,0.048685934643834965
PercentLackOfCohesion,100.0,-0.031402768403168,0.0,100.0,PercentLackOfCohesion > 98.81412948487389,0.03448485698001684
