feature,value,importance,min,max,rule,importance_ratio
Del_lines,40.0,0.21064701721701212,0.0,199.0,Del_lines > 26.52313278361831,0.2793026911776571
CountClassCoupled,40.0,0.160221537633126,0.0,71.0,CountClassCoupled > 29.979533932174256,0.2124421567263487
MAJOR_LINE,3.0,0.0817344223138418,0.0,4.0,MAJOR_LINE > 2.4984912888350683,0.10837392532640854
CountLineComment,70.0,0.07446565080714708,0.0,1043.0,62.623453625955555 < CountLineComment <= 100.40005762828412,0.09873606066448562
RatioCommentToCode,0.15,0.04074543326019651,0.0,8.67,0.04589779381846659 < RatioCommentToCode <= 0.2189207198053974,0.054025493990490815
