feature,value,importance,min,max,rule,importance_ratio
Del_lines,162.0,0.1753675049582784,0.0,199.0,Del_lines > 26.52313278361831,0.16703326401887264
CountDeclInstanceVariable,38.0,0.17299166536179436,0.0,146.0,CountDeclInstanceVariable > 21.48866785028532,0.1647703348480412
CountLineComment,173.0,0.1553767934290837,0.0,1043.0,115.41967126776413 < CountLineComment <= 699.3640439784572,0.14799259968613035
CountClassCoupled,71.0,0.14732731911990826,0.0,71.0,CountClassCoupled > 29.979533932174256,0.14032567206565977
CountDeclMethodPrivate,5.0,0.06508203020929146,0.0,45.0,CountDeclMethodPrivate > 3.506738395921374,0.06198904373657541
