feature,value,importance,min,max,rule,importance_ratio
Del_lines,15.0,0.26998200713716963,0.0,199.0,2.5289990112893617 < Del_lines <= 26.52313278361831,0.3004417256236403
CountClassCoupled,19.0,0.16258365158565574,0.0,71.0,13.494783233669544 < CountClassCoupled <= 29.979533932174256,0.1809265489895017
CountDeclInstanceVariable,16.0,0.08331411741301926,0.0,146.0,15.513666320810996 < CountDeclInstanceVariable <= 21.48866785028532,0.09271372366552035
CountDeclMethodDefault,0.0,-0.06063311415102891,0.0,45.0,CountDeclMethodDefault <= 9.512909076575847,0.06747382034320136
CountLineComment,60.0,0.04516960255153792,0.0,1043.0,59.43747497515676 < CountLineComment <= 61.71317401144161,0.05026569540770586
