feature,value,importance,min,max,rule,importance_ratio
Del_lines,0.0,-0.2509422382905266,0.0,199.0,Del_lines <= 0.46980096366411606,0.23882072356427486
CountClassCoupled,31.0,0.1721059977728864,0.0,71.0,CountClassCoupled > 29.979533932174256,0.16379258907496516
CountDeclInstanceVariable,19.0,0.09101020735597797,0.0,146.0,15.513666320810996 < CountDeclInstanceVariable <= 21.48866785028532,0.08661404999235588
MAJOR_LINE,5.0,0.08188850938225412,0.0,4.0,MAJOR_LINE > 2.4984912888350683,0.07793296654837453
CountClassBase,5.0,0.08011778395434513,0.0,9.0,3.4992238937748814 < CountClassBase <= 7.500128201020353,0.07624777424751807
