feature,value,importance,min,max,rule,importance_ratio
Del_lines,36.0,0.22383334074561628,0.0,199.0,Del_lines > 26.52313278361831,0.19300398087472723
CountLineComment,279.0,0.18411442787916601,0.0,1043.0,115.41967126776413 < CountLineComment <= 699.3640439784572,0.15875569474494314
CountDeclInstanceVariable,24.0,0.171461508888461,0.0,146.0,CountDeclInstanceVariable > 21.48866785028532,0.1478455071618213
CountClassCoupled,32.0,0.1202859730596804,0.0,71.0,CountClassCoupled > 29.979533932174256,0.10371855938250425
CountClassBase,4.0,0.06905635147945101,0.0,9.0,3.4992238937748814 < CountClassBase <= 7.500128201020353,0.05954497527410662
