feature,value,importance,min,max,rule,importance_ratio
Del_lines,1.0,0.16951209477199225,0.0,199.0,0.46980096366411606 < Del_lines <= 1.5441651624251138,0.27429022225058236
CountClassCoupled,12.0,0.13041708888775777,0.0,71.0,11.47998037051897 < CountClassCoupled <= 13.494783233669544,0.2110299701293498
MAJOR_LINE,3.0,0.06093253982291877,0.0,4.0,MAJOR_LINE > 2.4984912888350683,0.09859591383612763
CountDeclMethodDefault,0.0,-0.041136353904172515,0.0,45.0,CountDeclMethodDefault <= 9.512909076575847,0.06656338988749481
AvgCyclomaticModified,2.0,0.030917774034836816,0.0,14.0,1.5033808693140704 < AvgCyclomaticModified <= 2.4951958416800153,0.050028542936216856
