feature,value,importance,min,max,rule,importance_ratio
OWN_COMMIT,0.0,0.3181472590296692,0.333333333333333,1.0,OWN_COMMIT <= 0.5145864139598059,0.3679170678424025
RatioCommentToCode,0.13,0.12407324352812006,0.03,13.17,0.12009511813183904 < RatioCommentToCode <= 0.16934579279518402,0.14348281388872583
AvgCyclomaticModified,1.0,-0.04630788888064238,0.0,14.0,0.49835134447717677 < AvgCyclomaticModified <= 1.4992287643594169,0.053552127863370616
CountDeclMethodPublic,20.0,0.03533049354298375,0.0,129.0,17.486264821402255 < CountDeclMethodPublic <= 28.511725725366688,0.04085746842328542
ADEV,0.0,-0.03383399994491217,1.0,23.0,ADEV <= 2.508258838423875,0.039126868768500786
