feature,value,importance,min,max,rule,importance_ratio
OWN_COMMIT,0.0,0.31730025760146824,0.333333333333333,1.0,OWN_COMMIT <= 0.5145864139598059,0.4329455459082158
MAJOR_LINE,4.0,0.05087553348930155,0.0,4.0,MAJOR_LINE > 2.501732967083082,0.06941795694210447
AvgCyclomaticModified,4.0,0.04285420756397699,0.0,14.0,1.4992287643594169 < AvgCyclomaticModified <= 4.5018610240061365,0.05847312708946303
ADEV,0.0,-0.035286016986988085,1.0,23.0,ADEV <= 2.508258838423875,0.04814658520241757
MINOR_COMMIT,0.0,0.03056343920040995,0.0,1.0,MINOR_COMMIT <= 0.49994445525106007,0.041702786406413624
