feature,value,importance,min,max,rule,importance_ratio
OWN_COMMIT,0.75,0.259187436225929,0.333333333333333,1.0,0.6568210184374299 < OWN_COMMIT <= 0.788684349671894,0.36790599622801906
CountClassCoupled,11.0,0.06853155579227563,0.0,72.0,10.530567416416119 < CountClassCoupled <= 13.472409202599035,0.0972777487749652
RatioCommentToCode,0.25,0.04597128884531878,0.03,13.17,0.16934579279518402 < RatioCommentToCode <= 0.28015981078771035,0.0652543698367392
AvgCyclomaticModified,2.0,0.04154892699685426,0.0,14.0,1.4992287643594169 < AvgCyclomaticModified <= 4.5018610240061365,0.058977007533877086
CountDeclClassMethod,0.0,0.025124696844565565,0.0,45.0,CountDeclClassMethod <= 0.49953042603868547,0.03566348260210208
