feature,value,importance,min,max,rule,importance_ratio
OWN_COMMIT,0.0,0.31585226505779507,0.333333333333333,1.0,OWN_COMMIT <= 0.5145864139598059,0.4502260502465577
AvgCyclomaticModified,2.0,0.04376441435663519,0.0,14.0,1.4992287643594169 < AvgCyclomaticModified <= 4.5018610240061365,0.062383213916595355
ADEV,0.0,-0.03690591984866227,1.0,23.0,ADEV <= 2.508258838423875,0.052606893672707496
CountDeclClassVariable,0.0,0.025827085046548407,0.0,23.0,CountDeclClassVariable <= 0.4984295886989145,0.036814763660984705
MINOR_COMMIT,0.0,0.025637692511807718,0.0,1.0,MINOR_COMMIT <= 0.49994445525106007,0.036544797406834584
