feature,value,importance,left,right,rec,rule,min,max
OWN_COMMIT,0.8,0.05398892185145542,0.0,0.7899429007103611,-1,0.7899429007103611 < OWN_COMMIT <= 0.902407579991984,0.0,1.0
MAJOR_LINE,7.0,0.037756956907802994,0.0,4.495303181903716,-1,4.495303181903716 < MAJOR_LINE <= 9.496391564715786,0.0,12.0
CountClassCoupled,19.0,0.0284581610177992,0.0,16.51791080861062,-1,16.51791080861062 < CountClassCoupled <= 30.5140548185515,0.0,110.0
CountDeclMethodPublic,25.0,0.011419473525954536,0.0,21.504048751561132,-1,21.504048751561132 < CountDeclMethodPublic <= 45.488863890347744,0.0,226.0
