feature,value,importance,left,right,rec,rule,min,max
MAJOR_LINE,4.0,0.01818739357797416,0.0,3.5014293806683363,-1,3.5014293806683363 < MAJOR_LINE <= 4.495303181903716,0.0,12.0
OWN_COMMIT,0.666666666666667,0.016695470988095953,0.0,0.29250297311856827,-1,0.29250297311856827 < OWN_COMMIT <= 0.7899429007103611,0.0,1.0
CountDeclMethodPublic,28.0,0.007259094512423518,0.0,21.504048751561132,-1,21.504048751561132 < CountDeclMethodPublic <= 45.488863890347744,0.0,226.0
CountClassCoupled,14.0,0.007231116604028971,0.0,8.490710567615114,-1,8.490710567615114 < CountClassCoupled <= 16.51791080861062,0.0,110.0
MINOR_LINE,2.0,-0.0014988709845133593,2.49780857741505,7.0,1,1.501205917606203 < MINOR_LINE <= 2.49780857741505,1.0,7.0
