feature,value,importance,min,max,rule,importance_ratio
Added_lines,465.0,0.07818137808950837,0.0,5928.0,126.85831835297502 < Added_lines <= 493.71287220149475,0.18340327110578752
CountClassCoupled,22.0,0.06382616768068522,0.0,146.0,21.543720972114656 < CountClassCoupled <= 22.548600364051904,0.14972782804342832
OWN_COMMIT,0.25,0.05201366951025852,0.0,1.0,0.12393369934026388 < OWN_COMMIT <= 0.26887423520242704,0.12201725479276168
CountLineComment,140.0,0.045840192672787036,0.0,745.0,CountLineComment > 129.9397162581838,0.10753508686791635
MAJOR_LINE,8.0,0.04241528959282246,0.0,8.0,MAJOR_LINE > 7.503241907815231,0.099500712910391
