feature,value,importance,min,max,rule,importance_ratio
Added_lines,314.0,0.07877213694129545,0.0,5928.0,126.85831835297502 < Added_lines <= 493.71287220149475,0.19193172854595425
CountClassCoupled,22.0,0.07085710962176792,0.0,146.0,21.543720972114656 < CountClassCoupled <= 22.548600364051904,0.17264642115284004
CountDeclClassMethod,67.0,0.044955792213007814,0.0,105.0,CountDeclClassMethod > 40.52628629525767,0.1095367377684021
OWN_COMMIT,0.648648648648649,0.0334025430622436,0.0,1.0,0.49249677624690735 < OWN_COMMIT <= 0.8693421694885315,0.08138674506881612
CountDeclClass,50.0,0.02972953671120221,0.0,136.0,CountDeclClass > 12.470673854194736,0.0724373057709967
