feature,value,importance,min,max,rule,importance_ratio
CountDeclClassVariable,15.0,0.06692023458479746,0.0,133.0,6.5202711377324984 < CountDeclClassVariable <= 76.47186874608664,0.24015284366618
OWN_COMMIT,0.5,0.03384457513322081,0.0,1.0,0.49249677624690735 < OWN_COMMIT <= 0.8693421694885315,0.12145610384281443
CountDeclClassMethod,22.0,0.025089697070117392,0.0,105.0,9.466865411321908 < CountDeclClassMethod <= 40.52628629525767,0.09003797036121752
MaxNesting_Mean,1.54761904761905,-0.014749564458282455,0.0,3.0,1.4245648457002003 < MaxNesting_Mean <= 2.750873316722289,0.052930923949552865
CountPath_Min,1.0,-0.012987265606353389,0.0,54.0,0.49316297023996225 < CountPath_Min <= 1.5053065992155934,0.04660666218767682
