feature,value,importance,min,max,rule,importance_ratio
CountDeclClass,9.0,0.13201457624934188,0.0,143.0,4.5102450435820245 < CountDeclClass <= 29.998187178098068,0.18878299897244047
CountClassCoupled,159.0,0.09929613737286272,0.0,179.0,CountClassCoupled > 35.479593397145734,0.14199509730064297
MAJOR_LINE,21.0,0.07965620431155876,0.0,14.0,MAJOR_LINE > 12.505866390406352,0.11390967243113406
CountDeclClassMethod,14.0,0.07921053614115182,0.0,387.0,4.501907984742028 < CountDeclClassMethod <= 25.50551827533331,0.11327235967260146
CountDeclMethodPrivate,26.0,0.07036150689899115,0.0,153.0,18.017461345159308 < CountDeclMethodPrivate <= 30.980095175026985,0.1006181034094546
