feature,value,importance,left,right,rec,rule,min,max
CountDeclMethodPublic,91.0,0.13474497853349826,0.0,71.96731990555539,-1,CountDeclMethodPublic > 71.96731990555539,0.0,217.0
MAJOR_LINE,7.0,0.10157309044401312,0.0,6.495923940139127,-1,MAJOR_LINE > 6.495923940139127,0.0,11.0
CountClassCoupled,17.0,0.011760164022904812,0.0,13.519892531020918,-1,13.519892531020918 < CountClassCoupled <= 18.505132292347,0.0,108.0
OWN_COMMIT,0.5,0.0005362713126289996,0.0,0.2239089921712486,-1,0.2239089921712486 < OWN_COMMIT <= 0.8656770168722359,0.0,1.0
