Antecedent,Antecedent Coverage %,Confidence,Lift
OWN_COMMIT > 1.0168,0.07029,1.0,1.11307
0.9978 < OWN_COMMIT <= 1.0168,0.60499,0.98876,1.10056
2.13 < ADEV <= 2.88,0.14739,0.97846,1.0891
CountDeclMethodPublic <= 0.6,0.19728,0.97701,1.08749
0.4 < CountClassCoupled <= 1.78,0.19365,0.97658,1.08701
CountClassCoupled <= 0.4,0.20454,0.97561,1.08593
1.45 < ADEV <= 2.13,0.23991,0.97353,1.08362
CountOutput_Min > 2.07,0.15873,0.96857,1.07809
