Antecedent,Antecedent Coverage %,Confidence,Lift
OWN_COMMIT > 1.0138,0.07176,1.0,1.14194
MAJOR_LINE <= -0.027,0.0727,0.99355,1.13457
0.9968 < OWN_COMMIT <= 1.0138,0.55206,0.97621,1.11477
CountDeclInstanceVariable <= -0.56,0.11679,0.97189,1.10984
CountDeclMethodPublic <= 0.1,0.15854,0.96746,1.10478
1.35 < ADEV <= 2.14,0.22983,0.96735,1.10465
CountClassCoupled <= 0.08,0.16839,0.96379,1.10059
0.91 < AvgCyclomaticModified <= 1.16 & -0.006 < CountDeclClassMethod <= 0.106,0.30629,0.96172,1.09822
2.14 < ADEV <= 2.91,0.14587,0.96141,1.09788
