feature,value,importance,left,right,rec,rule,min,max
CountClassCoupled,28.0,0.09641095537611055,0.0,13.494783233669544,-1,13.494783233669544 < CountClassCoupled <= 29.979533932174256,0.0,71.0
CountDeclInstanceVariable,12.0,0.021091111826362058,0.0,10.502374715445432,-1,10.502374715445432 < CountDeclInstanceVariable <= 15.513666320810996,0.0,146.0
PercentLackOfCohesion,82.0,0.006192527731950521,0.0,54.451027961191265,-1,54.451027961191265 < PercentLackOfCohesion <= 87.34091357357666,0.0,100.0
CountInput_Mean,4.48275862068965,-0.004397459076620677,6.882557626390944,53.0,1,3.2586492260016287 < CountInput_Mean <= 6.882557626390944,0.0,53.0
