feature,value,importance,left,right,rec,rule,min,max
CountClassCoupled,22.0,0.10061343581262329,0.0,13.494783233669544,-1,13.494783233669544 < CountClassCoupled <= 29.979533932174256,0.0,71.0
CountDeclInstanceVariable,16.0,0.06047729349297316,0.0,15.513666320810996,-1,15.513666320810996 < CountDeclInstanceVariable <= 21.48866785028532,0.0,146.0
CountInput_Mean,3.26666666666667,-0.0030359964091175922,6.882557626390944,53.0,1,3.2586492260016287 < CountInput_Mean <= 6.882557626390944,0.0,53.0
PercentLackOfCohesion,95.0,0.0027462690545716653,0.0,87.34091357357666,-1,87.34091357357666 < PercentLackOfCohesion <= 98.81412948487389,0.0,100.0
