Antecedent,Antecedent Coverage %,Confidence,Lift
OWN_COMMIT <= -0.014,0.07818,0.98837,1.23617
-0.014 < OWN_COMMIT <= 0.054,0.36364,0.9875,1.23508
CountClassCoupled <= 0.85,0.18682,0.94647,1.18376
RatioCommentToCode > 1.715,0.18909,0.92308,1.1545
MaxInheritanceTree <= 1.035,0.23773,0.91587,1.14549
0.85 < CountClassCoupled <= 2.85,0.21409,0.89384,1.11794
CountInput_Min > 2.28,0.19136,0.89311,1.11702
AvgLineComment > 4.96,0.2,0.87955,1.10006
-0.05 < MAJOR_LINE <= 0.47,0.295,0.87519,1.09461
