Antecedent,Antecedent Coverage %,Confidence,Lift
OWN_COMMIT <= -0.007,0.06741,1.0,1.30308
-0.007 < OWN_COMMIT <= 0.071,0.33973,0.99606,1.29795
MaxInheritanceTree <= 1.075,0.22366,0.93214,1.21465
RatioCommentToCode > 1.49,0.19509,0.92906,1.21064
AvgLineBlank <= -0.2,0.09464,0.91509,1.19244
CountClassCoupled <= 0.8,0.18036,0.91337,1.19019
0.8 < CountClassCoupled <= 2.95,0.21786,0.89754,1.16957
-0.2 < AvgLineBlank <= 0.155,0.39509,0.89266,1.1632
1.075 < MaxInheritanceTree <= 1.845,0.17143,0.88802,1.15717
