Antecedent,Antecedent Coverage %,Confidence,Lift
0 < OWN_COMMIT <= 0.205,0.06875,1.0,1.33175
OWN_COMMIT <= 0,0.33036,0.99459,1.32455
CountClassCoupled <= 0.68,0.19063,0.90164,1.20076
1.05 < MaxInheritanceTree <= 1.785,0.16339,0.88798,1.18256
RatioCommentToCode > 1.675,0.20313,0.88352,1.17662
MaxNesting_Mean <= 0.15,0.20357,0.87061,1.15944
-0.235 < AvgLineBlank <= 0.13,0.48929,0.85858,1.14341
-0.055 < MAJOR_LINE <= 0.365,0.31384,0.85775,1.14231
