Antecedent,Antecedent Coverage %,Confidence,Lift
-0.002 < OWN_COMMIT <= 0.132,0.32157,0.99444,1.33647
OWN_COMMIT <= -0.002,0.07816,0.98286,1.3209
CountClassCoupled <= 0.8,0.18848,0.90521,1.21655
MaxInheritanceTree <= 1.04,0.23939,0.88806,1.1935
CountInput_Min > 2.41,0.19116,0.88785,1.19322
RatioCommentToCode > 1.405,0.20054,0.86414,1.16135
0.8 < CountClassCoupled <= 3.15,0.22644,0.86391,1.16103
1.04 < MaxInheritanceTree <= 1.735,0.16079,0.85556,1.14981
-0.01 < MAJOR_LINE <= 0.5,0.31577,0.85007,1.14244
