Antecedent,Antecedent Coverage %,Confidence,Lift
OWN_COMMIT <= -0.023,0.08348,1.0,1.2881
-0.023 < OWN_COMMIT <= 0.055,0.36741,0.99028,1.27558
CountClassCoupled <= 0.7,0.18884,0.93617,1.20588
0.7 < CountClassCoupled <= 2.56,0.21161,0.92616,1.19298
-0.065 < MAJOR_LINE <= 0.365,0.32589,0.91918,1.18399
RatioCommentToCode > 1.485,0.19643,0.91364,1.17685
0.81 < RatioCommentToCode <= 1.485,0.19777,0.89391,1.15144
MaxInheritanceTree <= 1.035,0.24464,0.89234,1.14941
1.035 < MaxInheritanceTree <= 1.725,0.15848,0.88732,1.14296
