Antecedent,Antecedent Coverage %,Confidence,Lift
-0.007 < OWN_COMMIT <= 0.092,0.32723,0.98772,1.30608
OWN_COMMIT <= -0.007,0.07768,0.97126,1.28432
CountClassCoupled <= 1.04,0.23393,0.90458,1.19614
AvgLineBlank <= -0.27,0.08929,0.89,1.17686
1.085 < MaxInheritanceTree <= 1.895,0.17321,0.87629,1.15873
RatioCommentToCode > 1.6,0.19688,0.87075,1.1514
-0.065 < MAJOR_LINE <= 0.34,0.31964,0.86872,1.14871
1.895 < MaxInheritanceTree <= 2.19,0.21429,0.85625,1.13223
0.86 < RatioCommentToCode <= 1.6,0.19777,0.8465,1.11934
