feature,value,importance,left,right,rec,rule,min,max
CountClassCoupled,17.0,0.0815142518018066,0.0,10.492249034455536,-1,10.492249034455536 < CountClassCoupled <= 17.999561761991284,0.0,64.0
AvgLineBlank,0.0,-0.025600000451687657,0.4964566109928017,7.0,1,AvgLineBlank <= 0.4964566109928017,0.0,7.0
CountDeclMethodPrivate,1.0,-0.024685109291433832,1.4992350253535944,15.0,1,0.49821395562185433 < CountDeclMethodPrivate <= 1.4992350253535944,0.0,15.0
CountDeclMethodPublic,13.0,0.019883234956527874,0.0,8.467203369720071,-1,8.467203369720071 < CountDeclMethodPublic <= 13.516679342545459,0.0,130.0
CountDeclClass,3.0,0.0013315328807385345,0.0,2.495299635383155,-1,2.495299635383155 < CountDeclClass <= 3.502471565587012,0.0,26.0
