feature,value,importance,left,right,rec,rule,min,max
AvgLineBlank,0.0,-0.04317801958488288,0.4964566109928017,7.0,1,AvgLineBlank <= 0.4964566109928017,0.0,7.0
CountDeclMethodPublic,25.0,0.02900059879372904,0.0,19.46203008474309,-1,19.46203008474309 < CountDeclMethodPublic <= 97.97323714609264,0.0,130.0
CountClassCoupled,9.0,-0.02565758103515652,9.496381019578344,64.0,1,4.517040945192387 < CountClassCoupled <= 9.496381019578344,0.0,64.0
CountDeclClass,1.0,-0.02103115862257118,1.5031601220480126,26.0,1,0.495988191844156 < CountDeclClass <= 1.5031601220480126,0.0,26.0
CountDeclMethodPrivate,0.0,0.020571459182986494,0.0,0.0,-1,CountDeclMethodPrivate <= 0.49821395562185433,0.0,15.0
