feature,value,importance,left,right,rec,rule,min,max
CountDeclMethodPrivate,17.0,-0.057681961167385006,15.0,15.0,1,CountDeclMethodPrivate > 12.002906813383825,0.0,15.0
CountClassCoupled,14.0,0.051670317850958096,0.0,10.492249034455536,-1,10.492249034455536 < CountClassCoupled <= 17.999561761991284,0.0,64.0
CountDeclMethodPublic,151.0,-0.05084913683241246,130.0,130.0,1,CountDeclMethodPublic > 97.97323714609264,0.0,130.0
AvgLineBlank,0.0,-0.0276341123057301,0.4964566109928017,7.0,1,AvgLineBlank <= 0.4964566109928017,0.0,7.0
