feature,value,importance,left,right,rec,rule,min,max
CountClassCoupled,24.0,0.06791021436601699,0.0,17.999561761991284,-1,CountClassCoupled > 17.999561761991284,0.0,64.0
AvgLineBlank,0.0,-0.02651133913872376,0.4964566109928017,7.0,1,AvgLineBlank <= 0.4964566109928017,0.0,7.0
CountDeclMethodPrivate,13.0,0.012519844784604094,0.0,12.002906813383825,-1,CountDeclMethodPrivate > 12.002906813383825,0.0,15.0
CountDeclMethodPublic,19.0,-0.011804762827723598,19.46203008474309,130.0,1,18.48471215451882 < CountDeclMethodPublic <= 19.46203008474309,0.0,130.0
