feature,value,importance,left,right,rec,rule,min,max
OWN_COMMIT,0.333333333333333,0.10932657950836717,0.0,0.12394271196938178,-1,0.12394271196938178 < OWN_COMMIT <= 0.48523577667359796,0.0,1.0
CountClassCoupled,19.0,0.08181575597908154,0.0,14.528794990404752,-1,14.528794990404752 < CountClassCoupled <= 19.508692962965362,0.0,132.0
CountDeclClassMethod,2.0,0.061805450878715924,0.0,1.5382515305679796,-1,1.5382515305679796 < CountDeclClassMethod <= 36.01015640726675,0.0,247.0
CountDeclMethodProtected,0.0,0.008270653866418034,0.0,0.0,-1,CountDeclMethodProtected <= 0.5126907197084872,0.0,83.0
