feature,value,importance,left,right,rec,rule,min,max
OWN_COMMIT,0.5,0.07946349648854203,0.0,0.48523577667359796,-1,0.48523577667359796 < OWN_COMMIT <= 0.9163585933794693,0.0,1.0
CountClassCoupled,18.0,0.062105015836908105,0.0,14.528794990404752,-1,14.528794990404752 < CountClassCoupled <= 19.508692962965362,0.0,132.0
MAJOR_LINE,1.0,-0.02424785018070914,1.5046269532496872,11.0,1,0.5064527171995299 < MAJOR_LINE <= 1.5046269532496872,0.0,11.0
CountDeclClassMethod,1.0,-0.012570924393503257,1.5382515305679796,247.0,1,0.48786107726136896 < CountDeclClassMethod <= 1.5382515305679796,0.0,247.0
