feature,value,importance,left,right,rec,rule,min,max
MAJOR_LINE,4.0,0.048176362135667734,0.0,3.500975425350002,-1,3.500975425350002 < MAJOR_LINE <= 8.507443078039072,0.0,11.0
CountClassCoupled,10.0,0.011967554403210914,0.0,6.499979891786626,-1,6.499979891786626 < CountClassCoupled <= 14.528794990404752,0.0,132.0
CountDeclMethodProtected,0.0,0.011187577805355502,0.0,0.0,-1,CountDeclMethodProtected <= 0.5126907197084872,0.0,83.0
