feature,value,importance,left,right,rec,rule,min,max
CountClassCoupled,24.0,0.20434605122518362,0.0,19.508692962965362,-1,19.508692962965362 < CountClassCoupled <= 35.464692589333026,0.0,132.0
OWN_COMMIT,0.666666666666667,0.08339728358862775,0.0,0.48523577667359796,-1,0.48523577667359796 < OWN_COMMIT <= 0.9163585933794693,0.0,1.0
MAJOR_LINE,2.0,0.019152440699257072,0.0,1.5046269532496872,-1,1.5046269532496872 < MAJOR_LINE <= 2.5028011892998445,0.0,11.0
CountDeclMethodProtected,0.0,0.011851653921670011,0.0,0.0,-1,CountDeclMethodProtected <= 0.5126907197084872,0.0,83.0
