feature,value,importance,left,right,rec,rule,min,max
CountClassCoupled,30.0,0.19485745188333906,0.0,19.508692962965362,-1,19.508692962965362 < CountClassCoupled <= 35.464692589333026,0.0,132.0
OWN_COMMIT,0.3,0.09712125968250937,0.0,0.12394271196938178,-1,0.12394271196938178 < OWN_COMMIT <= 0.48523577667359796,0.0,1.0
CountDeclClassMethod,3.0,0.05187981318293116,0.0,1.5382515305679796,-1,1.5382515305679796 < CountDeclClassMethod <= 36.01015640726675,0.0,247.0
