feature,value,importance,left,right,rec,rule,min,max
OWN_COMMIT,0.6,0.08457193404451768,0.0,0.48523577667359796,-1,0.48523577667359796 < OWN_COMMIT <= 0.9163585933794693,0.0,1.0
CountClassCoupled,19.0,0.07390757619229171,0.0,14.528794990404752,-1,14.528794990404752 < CountClassCoupled <= 19.508692962965362,0.0,132.0
CountDeclClassMethod,2.0,0.05156896314191222,0.0,1.5382515305679796,-1,1.5382515305679796 < CountDeclClassMethod <= 36.01015640726675,0.0,247.0
