feature,value,importance,left,right,rec,rule,min,max
OWN_COMMIT,0.346153846153846,0.09708517181877076,0.0,0.12394271196938178,-1,0.12394271196938178 < OWN_COMMIT <= 0.48523577667359796,0.0,1.0
CountDeclClassMethod,0.0,-0.033416959180149565,0.48786107726136896,247.0,1,CountDeclClassMethod <= 0.48786107726136896,0.0,247.0
CountClassCoupled,2.000000000000001,-0.030275659722474355,2.5363876279118545,132.0,1,1.5200819192260155 < CountClassCoupled <= 2.5363876279118545,0.0,132.0
CountDeclMethodProtected,0.0,0.004696538845888112,0.0,0.0,-1,CountDeclMethodProtected <= 0.5126907197084872,0.0,83.0
