feature,value,importance,left,right,rec,rule,min,max
CountClassCoupled,33.0,0.20874671191763244,0.0,19.508692962965362,-1,19.508692962965362 < CountClassCoupled <= 35.464692589333026,0.0,132.0
OWN_COMMIT,0.571428571428571,0.08331321158508762,0.0,0.48523577667359796,-1,0.48523577667359796 < OWN_COMMIT <= 0.9163585933794693,0.0,1.0
CountDeclClassMethod,8.0,0.06486390322323438,0.0,1.5382515305679796,-1,1.5382515305679796 < CountDeclClassMethod <= 36.01015640726675,0.0,247.0
