feature,value,importance,left,right,rec,rule,min,max
CountClassCoupled,24.0,0.19943221322792362,0.0,19.508692962965362,-1,19.508692962965362 < CountClassCoupled <= 35.464692589333026,0.0,132.0
OWN_COMMIT,0.666666666666667,0.08385011794834027,0.0,0.48523577667359796,-1,0.48523577667359796 < OWN_COMMIT <= 0.9163585933794693,0.0,1.0
CountDeclClassMethod,0.0,-0.036586106510363404,0.48786107726136896,247.0,1,CountDeclClassMethod <= 0.48786107726136896,0.0,247.0
CountDeclMethodProtected,0.0,-0.00010237784354101231,0.5126907197084872,83.0,1,CountDeclMethodProtected <= 0.5126907197084872,0.0,83.0
