feature,value,importance,left,right,rec,rule,min,max
OWN_COMMIT,0.666666666666667,0.0888867092862653,0.0,0.48523577667359796,-1,0.48523577667359796 < OWN_COMMIT <= 0.9163585933794693,0.0,1.0
CountDeclClassMethod,0.0,-0.045739528833760056,0.48786107726136896,247.0,1,CountDeclClassMethod <= 0.48786107726136896,0.0,247.0
CountDeclMethodProtected,0.0,0.009389908678557346,0.0,0.0,-1,CountDeclMethodProtected <= 0.5126907197084872,0.0,83.0
CountClassCoupled,14.0,-0.00018359268889329451,14.528794990404752,132.0,1,6.499979891786626 < CountClassCoupled <= 14.528794990404752,0.0,132.0
