feature,value,importance,left,right,rec,rule,min,max
CountClassCoupled,213.0,0.2342450525208029,0.0,35.464692589333026,-1,CountClassCoupled > 35.464692589333026,0.0,132.0
OWN_COMMIT,0.269230769230769,0.08387525036804164,0.0,0.12394271196938178,-1,0.12394271196938178 < OWN_COMMIT <= 0.48523577667359796,0.0,1.0
CountDeclClassMethod,7.0,0.05297850724681511,0.0,1.5382515305679796,-1,1.5382515305679796 < CountDeclClassMethod <= 36.01015640726675,0.0,247.0
CountDeclMethodProtected,3.0,0.0005111697696704309,0.0,2.5152148456649166,-1,2.5152148456649166 < CountDeclMethodProtected <= 23.98489973706664,0.0,83.0
