feature,value,importance,left,right,rec,rule,min,max
OWN_COMMIT,0.75,0.08976718148573232,0.0,0.48523577667359796,-1,0.48523577667359796 < OWN_COMMIT <= 0.9163585933794693,0.0,1.0
CountClassCoupled,18.0,0.0705566213070167,0.0,14.528794990404752,-1,14.528794990404752 < CountClassCoupled <= 19.508692962965362,0.0,132.0
CountDeclClassMethod,66.0,0.055736729448386375,0.0,47.46896135242978,-1,CountDeclClassMethod > 47.46896135242978,0.0,247.0
CountDeclMethodProtected,1.0,0.013457667626842829,0.0,0.5126907197084872,-1,0.5126907197084872 < CountDeclMethodProtected <= 1.4975386505067312,0.0,83.0
