feature,value,importance,left,right,rec,rule,min,max
OWN_COMMIT,0.5,0.08397276991390858,0.0,0.48523577667359796,-1,0.48523577667359796 < OWN_COMMIT <= 0.9163585933794693,0.0,1.0
CountClassCoupled,18.0,0.06554647751231747,0.0,14.528794990404752,-1,14.528794990404752 < CountClassCoupled <= 19.508692962965362,0.0,132.0
CountDeclClassMethod,0.0,-0.05816336760140314,0.48786107726136896,247.0,1,CountDeclClassMethod <= 0.48786107726136896,0.0,247.0
CountDeclMethodProtected,2.0,-0.039545865772917,2.5152148456649166,83.0,1,1.4975386505067312 < CountDeclMethodProtected <= 2.5152148456649166,0.0,83.0
