feature,value,importance,left,right,rec,rule,min,max
CountClassCoupled,69.0,0.25322176561833776,0.0,35.464692589333026,-1,CountClassCoupled > 35.464692589333026,0.0,132.0
OWN_COMMIT,0.375,0.09170395418566298,0.0,0.12394271196938178,-1,0.12394271196938178 < OWN_COMMIT <= 0.48523577667359796,0.0,1.0
CountDeclClassMethod,2.0,0.06346377398788128,0.0,1.5382515305679796,-1,1.5382515305679796 < CountDeclClassMethod <= 36.01015640726675,0.0,247.0
