feature,value,importance,min,max,rule,importance_ratio
MINOR_COMMIT,0.0,-0.14852465647446597,0.0,3.0,MINOR_COMMIT <= 0.4992984298946273,0.15987296466708803
CountDeclClassMethod,43.0,0.13308113196878357,0.0,105.0,CountDeclClassMethod > 40.52628629525767,0.14324944836858888
Added_lines,378.0,0.12480172650907194,0.0,5928.0,126.85831835297502 < Added_lines <= 493.71287220149475,0.1343374392251607
CountDeclClassVariable,11.0,0.08856100822711249,0.0,133.0,6.5202711377324984 < CountDeclClassVariable <= 76.47186874608664,0.09532768009875146
MAJOR_LINE,9.0,0.0861819854950498,0.0,8.0,MAJOR_LINE > 7.503241907815231,0.0927668836208236
