feature,value,importance,min,max,rule,importance_ratio
Added_lines,593.0,0.16761637043962938,0.0,5928.0,556.1562005161363 < Added_lines <= 3662.7117841695585,0.15701057145417155
MINOR_COMMIT,0.0,-0.13706183381439102,0.0,3.0,MINOR_COMMIT <= 0.4992984298946273,0.12838935000984988
CountDeclClass,47.0,0.1225951482767043,0.0,136.0,CountDeclClass > 12.470673854194736,0.11483803305099655
CountDeclClassMethod,13.0,0.1038003666429935,0.0,105.0,9.466865411321908 < CountDeclClassMethod <= 40.52628629525767,0.09723247700103924
CountLineComment,274.0,0.08667104100930635,0.0,745.0,CountLineComment > 129.9397162581838,0.08118699648314147
