feature,value,importance,min,max,rule,importance_ratio
MINOR_COMMIT,0.0,-0.1537756973221874,0.0,3.0,MINOR_COMMIT <= 0.4992984298946273,0.1988286517999642
Added_lines,159.0,0.1259169418226613,0.0,5928.0,126.85831835297502 < Added_lines <= 493.71287220149475,0.16280788328288068
CountDeclClassMethod,19.0,0.1149734370210839,0.0,105.0,9.466865411321908 < CountDeclClassMethod <= 40.52628629525767,0.14865816818774955
CountLineComment,149.0,0.08334021920578073,0.0,745.0,CountLineComment > 129.9397162581838,0.10775710150532361
MAJOR_LINE,9.0,0.06619118330693578,0.0,8.0,MAJOR_LINE > 7.503241907815231,0.08558376887336316
