feature,value,importance,min,max,rule,importance_ratio
MAJOR_COMMIT,6.0,0.25364464535871917,0.0,10.0,5.496120711316784 < MAJOR_COMMIT <= 7.505691480300078,0.26903222020036116
CountLineComment,133.0,0.1278057947497611,0.0,4740.0,97.54858712745128 < CountLineComment <= 235.90883570083076,0.13555924536617828
CountClassCoupled,23.0,0.09060932665249073,0.0,230.0,16.502179241780798 < CountClassCoupled <= 23.495360010578608,0.0961062209127427
MaxNesting_Mean,1.625,0.06551493434341614,0.0,6.4,MaxNesting_Mean > 1.0140054051166967,0.0694894552879795
CountOutput_Mean,7.0,0.06191219993871323,0.0,28.0,CountOutput_Mean > 4.581772384689348,0.06566815784123595
