feature,value,importance,min,max,rule,importance_ratio
CountClassCoupled,35.0,0.15256641336439772,0.0,230.0,23.495360010578608 < CountClassCoupled <= 42.555205635341274,0.1680696527124725
CountLineComment,147.0,0.12880700912035278,0.0,4740.0,97.54858712745128 < CountLineComment <= 235.90883570083076,0.14189590495310017
MAJOR_COMMIT,3.0,0.10556518929226688,0.0,10.0,2.504428889822858 < MAJOR_COMMIT <= 4.498890104152141,0.11629233663965774
MaxNesting_Mean,1.25,0.06298651535606044,0.0,6.4,MaxNesting_Mean > 1.0140054051166967,0.06938697402669773
CountOutput_Mean,7.03333333333333,0.06164581499865986,0.0,28.0,CountOutput_Mean > 4.581772384689348,0.06791003661635428
