feature,value,importance,min,max,rule,importance_ratio
CountClassCoupled,26.0,0.15518356002865996,0.0,230.0,23.495360010578608 < CountClassCoupled <= 42.555205635341274,0.19756891439280683
MAJOR_COMMIT,3.0,0.10247328978246271,0.0,10.0,2.504428889822858 < MAJOR_COMMIT <= 4.498890104152141,0.13046186472872276
CountClassBase,3.0,0.07979563099081369,0.0,7.0,2.4973382875892316 < CountClassBase <= 3.5016059418631427,0.10159024696451416
MaxNesting_Mean,1.1,0.0651464191492606,0.0,6.4,MaxNesting_Mean > 1.0140054051166967,0.08293988941561288
CountOutput_Mean,7.5,0.061954293863135904,0.0,28.0,CountOutput_Mean > 4.581772384689348,0.07887589753870909
