feature,value,importance,min,max,rule,importance_ratio
MAJOR_COMMIT,5.0,0.24567769335280285,0.0,10.0,4.498890104152141 < MAJOR_COMMIT <= 5.496120711316784,0.25652663776360746
CountClassCoupled,34.0,0.14924684605141242,0.0,230.0,23.495360010578608 < CountClassCoupled <= 42.555205635341274,0.1558374758892402
RatioCommentToCode,0.09,0.13852826834744875,0.0,267.0,0.06654115773676095 < RatioCommentToCode <= 0.06654115773676095,0.14464557375729845
MaxNesting_Mean,1.22727272727273,0.06413767310180273,0.0,6.4,MaxNesting_Mean > 1.0140054051166967,0.06696994509452525
CountOutput_Mean,9.55555555555556,0.05903647386418483,0.0,28.0,CountOutput_Mean > 4.581772384689348,0.06164348068853946
