feature,value,importance,min,max,rule,importance_ratio
RatioCommentToCode,0.09,0.1453705478885216,0.0,267.0,0.06654115773676095 < RatioCommentToCode <= 0.06654115773676095,0.18458249953050543
CountClassCoupled,17.0,0.08488020406117869,0.0,230.0,16.502179241780798 < CountClassCoupled <= 23.495360010578608,0.10777561516990616
MaxNesting_Mean,4.16666666666667,0.06673645839093104,0.0,6.4,MaxNesting_Mean > 1.0140054051166967,0.08473781297885771
CountOutput_Mean,23.0,0.06345919086275606,0.0,28.0,CountOutput_Mean > 4.581772384689348,0.08057654206967334
CountInput_Mean,3.0,0.06151586678713691,0.0,57.3076923076923,1.2494316508645946 < CountInput_Mean <= 3.650492018237092,0.07810902976758952
