feature,value,importance,min,max,rule,importance_ratio
MAJOR_COMMIT,5.0,0.24824958088472054,0.0,10.0,4.498890104152141 < MAJOR_COMMIT <= 5.496120711316784,0.1932171761424839
CountClassCoupled,34.0,0.15899874727123672,0.0,230.0,23.495360010578608 < CountClassCoupled <= 42.555205635341274,0.12375162466923498
MAJOR_LINE,8.0,0.15728296993667792,0.0,21.0,7.493770580251528 < MAJOR_LINE <= 11.993562776583781,0.12241620387903161
CountLineComment,170.0,0.13029339540476575,0.0,4740.0,97.54858712745128 < CountLineComment <= 235.90883570083076,0.10140972581063645
CountPath_Min,0.0,-0.0818549685884632,0.0,576.0,CountPath_Min <= 0.4591410233064621,0.06370921484551849
