feature,value,importance,min,max,rule,importance_ratio
CountLineComment,103.0,0.12978288390888165,0.0,4740.0,97.54858712745128 < CountLineComment <= 235.90883570083076,0.15189315930799477
MAJOR_COMMIT,4.0,0.10471416229151616,0.0,10.0,2.504428889822858 < MAJOR_COMMIT <= 4.498890104152141,0.12255364078606366
CountClassCoupled,22.0,0.08695429063085323,0.0,230.0,16.502179241780798 < CountClassCoupled <= 23.495360010578608,0.10176813399044833
MaxNesting_Mean,1.65,0.06519695664906967,0.0,6.4,MaxNesting_Mean > 1.0140054051166967,0.07630414292262358
CountOutput_Mean,9.58823529411765,0.06275720153867036,0.0,28.0,CountOutput_Mean > 4.581772384689348,0.07344874242222664
