feature,value,importance,min,max,rule,importance_ratio
MAJOR_COMMIT,5.0,0.23958129160176359,0.0,10.0,4.498890104152141 < MAJOR_COMMIT <= 5.496120711316784,0.2190805628330586
CountClassCoupled,32.0,0.15439583783471703,0.0,230.0,23.495360010578608 < CountClassCoupled <= 42.555205635341274,0.14118434217366269
CountLineComment,154.0,0.12914805960386413,0.0,4740.0,97.54858712745128 < CountLineComment <= 235.90883570083076,0.11809699078608557
MaxNesting_Mean,1.52,0.06539834306142478,0.0,6.4,MaxNesting_Mean > 1.0140054051166967,0.05980227300077268
CountOutput_Mean,14.9565217391304,0.05728523769535613,0.0,28.0,CountOutput_Mean > 4.581772384689348,0.052383397853890616
