feature,value,importance,min,max,rule,importance_ratio
MAJOR_COMMIT,3.0,0.10298271895185222,0.0,10.0,2.504428889822858 < MAJOR_COMMIT <= 4.498890104152141,0.16264626590965792
CountClassCoupled,18.0,0.07827408056380798,0.0,230.0,16.502179241780798 < CountClassCoupled <= 23.495360010578608,0.12362255581120607
CountOutput_Mean,6.625,0.06445592997035061,0.0,28.0,CountOutput_Mean > 4.581772384689348,0.10179879140997745
MaxNesting_Mean,0.473684210526316,-0.05802695788591999,0.0,6.4,0.41380013826276385 < MaxNesting_Mean <= 0.5495608533844867,0.09164516258940857
CountPath_Min,1.0,0.04721352886387224,0.0,576.0,0.4591410233064621 < CountPath_Min <= 1.4178638734662286,0.07456692004526416
