feature,value,importance,min,max,rule,importance_ratio
MaxInheritanceTree,4.0,0.1894847011394214,0.0,5.0,3.49688863185777 < MaxInheritanceTree <= 4.5027108902691175,0.22836198001382232
MAJOR_COMMIT,3.0,0.1072791239669727,0.0,10.0,2.504428889822858 < MAJOR_COMMIT <= 4.498890104152141,0.12928997969720205
MaxNesting_Mean,1.26923076923077,0.06475427085806962,0.0,6.4,MaxNesting_Mean > 1.0140054051166967,0.0780401447640866
CountOutput_Mean,5.3,0.06338668135794076,0.0,28.0,CountOutput_Mean > 4.581772384689348,0.07639196185423919
CountClassCoupled,10.0,0.053201985633041904,0.0,230.0,9.508998472982986 < CountClassCoupled <= 16.502179241780798,0.06411763433549714
