feature,value,importance,min,max,rule,importance_ratio
MAJOR_COMMIT,5.0,0.2509432050837128,0.0,10.0,4.498890104152141 < MAJOR_COMMIT <= 5.496120711316784,0.31353747146905875
CountClassCoupled,19.0,0.0863381210494244,0.0,230.0,16.502179241780798 < CountClassCoupled <= 23.495360010578608,0.10787395560758703
MaxNesting_Mean,0.5,-0.05641748590052153,0.0,6.4,0.41380013826276385 < MaxNesting_Mean <= 0.5495608533844867,0.0704900372575933
MINOR_COMMIT,0.0,-0.05605475451751354,0.0,11.0,MINOR_COMMIT <= 1.0001719310427806,0.0700368276135511
CountPath_Min,1.0,0.051641709098719804,0.0,576.0,0.4591410233064621 < CountPath_Min <= 1.4178638734662286,0.0645230098489891
