feature,value,importance,min,max,rule,importance_ratio
MAJOR_COMMIT,6.0,0.25516500869531866,0.0,10.0,5.496120711316784 < MAJOR_COMMIT <= 7.505691480300078,0.24663177997875305
CountClassBase,4.0,0.17111060303629422,0.0,7.0,3.5016059418631427 < CountClassBase <= 4.498148460334946,0.1653883219170925
CountLineComment,148.0,0.12559416019988098,0.0,4740.0,97.54858712745128 < CountLineComment <= 235.90883570083076,0.12139404005045147
CountOutput_Mean,3.25,-0.04956398868720243,0.0,28.0,CountOutput_Mean <= 3.873264548197767,0.0479064696812239
CountClassCoupled,10.0,0.048051312931146575,0.0,230.0,9.508998472982986 < CountClassCoupled <= 16.502179241780798,0.046444380830741136
