feature,value,importance,min,max,rule,importance_ratio
MAJOR_COMMIT,6.0,0.24910169160528128,0.0,10.0,5.496120711316784 < MAJOR_COMMIT <= 7.505691480300078,0.25921011974734914
CountClassCoupled,29.0,0.15158873015501959,0.0,230.0,23.495360010578608 < CountClassCoupled <= 42.555205635341274,0.15774012871054366
MaxNesting_Mean,1.25,0.06397116582372651,0.0,6.4,MaxNesting_Mean > 1.0140054051166967,0.0665670853003317
CountOutput_Mean,6.69026548672566,0.05945253729690303,0.0,28.0,CountOutput_Mean > 4.581772384689348,0.06186509297750289
CountLineComment,505.0,0.05339526186161939,0.0,4740.0,CountLineComment > 423.10211318246184,0.05556201618663753
