feature,value,importance,min,max,rule,importance_ratio
MAJOR_COMMIT,5.0,0.23954068675703907,0.0,10.0,4.498890104152141 < MAJOR_COMMIT <= 5.496120711316784,0.2717352730525704
CountLineComment,130.0,0.12828769025115028,0.0,4740.0,97.54858712745128 < CountLineComment <= 235.90883570083076,0.14552972612555765
MaxNesting_Mean,1.47826086956522,0.0638112247101044,0.0,6.4,MaxNesting_Mean > 1.0140054051166967,0.07238753802190812
CountOutput_Mean,6.0,0.060340545531659025,0.0,28.0,CountOutput_Mean > 4.581772384689348,0.06845039495447883
MINOR_COMMIT,0.0,-0.05958363496427295,0.0,11.0,MINOR_COMMIT <= 1.0001719310427806,0.06759175460202109
