feature,value,importance,min,max,rule,importance_ratio
MAJOR_COMMIT,5.0,0.2441433041961156,0.0,10.0,4.498890104152141 < MAJOR_COMMIT <= 5.496120711316784,0.27299606906501056
CountClassCoupled,24.0,0.1522658444421214,0.0,230.0,23.495360010578608 < CountClassCoupled <= 42.555205635341274,0.17026056529558878
MaxNesting_Mean,1.17647058823529,0.06503004017452042,0.0,6.4,MaxNesting_Mean > 1.0140054051166967,0.07271526613125212
CountOutput_Mean,5.84615384615385,0.05943148685144037,0.0,28.0,CountOutput_Mean > 4.581772384689348,0.06645507785910526
MINOR_COMMIT,0.0,-0.055080992351970615,0.0,11.0,MINOR_COMMIT <= 1.0001719310427806,0.061590443538066655
