feature,value,importance,min,max,rule,importance_ratio
MAJOR_COMMIT,7.0,0.24441439633792852,0.0,10.0,5.496120711316784 < MAJOR_COMMIT <= 7.505691480300078,0.18529946787967205
MAJOR_LINE,23.0,0.20332415765729325,0.0,21.0,MAJOR_LINE > 11.993562776583781,0.1541474593374122
CountClassBase,7.0,0.20320965939585595,0.0,7.0,CountClassBase > 4.498148460334946,0.1540606540295606
CountClassCoupled,238.0,0.13041494749998978,0.0,230.0,CountClassCoupled > 42.555205635341274,0.09887232805178829
MaxNesting_Mean,1.23076923076923,0.06357128318608908,0.0,6.4,MaxNesting_Mean > 1.0140054051166967,0.04819570828603543
