feature,value,importance,min,max,rule,importance_ratio
CountLineComment,166.0,0.13882267846705612,0.0,4565.0,132.33687021838836 < CountLineComment <= 1780.4519740721664,0.23104886725235077
OWN_COMMIT,1.0,0.09999413368122863,0.0,1.0,OWN_COMMIT > 0.9396160800866156,0.16642476268321454
CountDeclInstanceVariable,15.0,0.06762740340167724,0.0,1496.0,14.589027509766481 < CountDeclInstanceVariable <= 46.334552020657924,0.1125553484755973
CountClassCoupled,33.0,0.0513466723053998,0.0,242.0,18.441101210186808 < CountClassCoupled <= 44.53474392232296,0.0854585908033435
RatioCommentToCode,0.17,0.034696439059961,0.0,43.0,0.03591251388253447 < RatioCommentToCode <= 0.3453902620365129,0.05774685397960112
