feature,value,importance,min,max,rule,importance_ratio
MAJOR_LINE,9.0,0.17409015159233995,0.0,14.0,MAJOR_LINE > 8.495319420437175,0.23851044464515678
CountDeclMethodPrivate,3.0,0.12672296843917666,0.0,301.0,2.4681446528566404 < CountDeclMethodPrivate <= 5.497936289499292,0.17361551628697702
CountDeclInstanceVariable,16.0,0.08945125124999555,0.0,1496.0,14.589027509766481 < CountDeclInstanceVariable <= 46.334552020657924,0.12255177857310125
OWN_COMMIT,0.428571428571429,0.05672768718912108,0.0,1.0,0.15491461162252382 < OWN_COMMIT <= 0.5211086302390999,0.07771919187509034
RatioCommentToCode,0.17,0.03808997930989393,0.0,43.0,0.03591251388253447 < RatioCommentToCode <= 0.3453902620365129,0.05218478942451195
