feature,value,importance,min,max,rule,importance_ratio
CountLineComment,296.0,0.1450454037574361,0.0,4565.0,132.33687021838836 < CountLineComment <= 1780.4519740721664,0.22899365825778079
MAJOR_LINE,5.0,0.10905790345999238,0.0,14.0,3.496459832780991 < MAJOR_LINE <= 8.495319420437175,0.1721775914870878
CountDeclMethodPrivate,0.0,-0.07647664248649089,0.0,301.0,CountDeclMethodPrivate <= 0.47984389130990057,0.12073920083356067
OWN_COMMIT,0.428571428571429,0.0599854123808789,0.0,1.0,0.15491461162252382 < OWN_COMMIT <= 0.5211086302390999,0.09470330439543358
MINOR_LINE,6.0,0.03919054460731276,0.0,7.0,MINOR_LINE > 5.494477103198857,0.06187294423856019
