feature,value,importance,min,max,rule,importance_ratio
OWN_COMMIT,1.0,0.09861072445412782,0.0,1.0,OWN_COMMIT > 0.9396160800866156,0.19023723425852512
CountDeclMethodPrivate,7.0,0.09536484140265923,0.0,301.0,5.497936289499292 < CountDeclMethodPrivate <= 12.504329449235424,0.18397536144645335
CountDeclInstanceVariable,28.0,0.05341420742910007,0.0,1496.0,14.589027509766481 < CountDeclInstanceVariable <= 46.334552020657924,0.10304529398473365
CountLineComment,55.0,0.039513036797224434,0.0,4565.0,40.8582338807355 < CountLineComment <= 118.84002223414448,0.07622751865042865
RatioCommentToCode,0.21,0.03818797507402293,0.0,43.0,0.03591251388253447 < RatioCommentToCode <= 0.3453902620365129,0.07367124417988714
