feature,value,importance,min,max,rule,importance_ratio
MAJOR_LINE,10.0,0.18425208686845293,0.0,14.0,MAJOR_LINE > 8.495319420437175,0.25489663084016523
OWN_COMMIT,0.8,0.12061808507867673,0.0,1.0,0.5211086302390999 < OWN_COMMIT <= 0.9396160800866156,0.16686456054577906
CountLineComment,77.0,0.04538070668628945,0.0,4565.0,40.8582338807355 < CountLineComment <= 118.84002223414448,0.06278023460184468
MINOR_COMMIT,0.0,-0.037164808801035155,0.0,1.0,MINOR_COMMIT <= 0.5000824993237257,0.051414259182671715
CountDeclMethodProtected,0.0,-0.03534814658617374,0.0,76.0,CountDeclMethodProtected <= 0.5038425476051929,0.04890106605789907
