feature,value,importance,min,max,rule,importance_ratio
MAJOR_LINE,7.0,0.12107130356056475,0.0,14.0,3.496459832780991 < MAJOR_LINE <= 8.495319420437175,0.16544083774161564
CountDeclMethodPrivate,8.0,0.10629801925565163,0.0,301.0,5.497936289499292 < CountDeclMethodPrivate <= 12.504329449235424,0.14525352283113194
OWN_COMMIT,0.636363636363636,0.08534685242754633,0.0,1.0,0.5211086302390999 < OWN_COMMIT <= 0.9396160800866156,0.11662428956305065
CountDeclInstanceVariable,22.0,0.08365879364388575,0.0,1496.0,14.589027509766481 < CountDeclInstanceVariable <= 46.334552020657924,0.11431760043761147
MINOR_LINE,6.0,0.06495061650546215,0.0,7.0,MINOR_LINE > 5.494477103198857,0.08875335517571875
