feature,value,importance,min,max,rule,importance_ratio
MAJOR_LINE,10.0,0.14497654113720906,0.0,14.0,MAJOR_LINE > 8.495319420437175,0.18208391809795793
CountLineComment,685.0,0.13884735547573562,0.0,4565.0,132.33687021838836 < CountLineComment <= 1780.4519740721664,0.17438594067873758
OWN_COMMIT,0.72,0.12489698776624723,0.0,1.0,0.5211086302390999 < OWN_COMMIT <= 0.9396160800866156,0.1568649156113314
CountDeclMethodPrivate,21.0,0.10280349162021672,0.0,301.0,CountDeclMethodPrivate > 12.504329449235424,0.12911649292725016
CountClassCoupled,77.0,0.07748921532442518,0.0,242.0,44.53474392232296 < CountClassCoupled <= 147.51393280765168,0.09732291739015952
