feature,value,importance,min,max,rule,importance_ratio
OWN_COMMIT,0.75,0.12987425170289096,0.0,1.0,0.5211086302390999 < OWN_COMMIT <= 0.9396160800866156,0.2499821267861301
MAJOR_LINE,7.0,0.1149956993158241,0.0,14.0,3.496459832780991 < MAJOR_LINE <= 8.495319420437175,0.22134387000736142
CountClassCoupled,21.0,0.05188529950230496,0.0,242.0,18.441101210186808 < CountClassCoupled <= 44.53474392232296,0.0998688912425342
RatioCommentToCode,0.11,0.03448497548279014,0.0,43.0,0.03591251388253447 < RatioCommentToCode <= 0.3453902620365129,0.06637672518088157
CountDeclMethodPrivate,2.0,0.029579788511994068,0.0,301.0,0.47984389130990057 < CountDeclMethodPrivate <= 2.4681446528566404,0.0569352149880192
