feature,value,importance,min,max,rule,importance_ratio
CountLineComment,140.0,0.14830465669592438,0.0,4565.0,132.33687021838836 < CountLineComment <= 1780.4519740721664,0.18721731136430364
MAJOR_LINE,7.0,0.10818546349004382,0.0,14.0,3.496459832780991 < MAJOR_LINE <= 8.495319420437175,0.13657151470863862
CountDeclMethodPrivate,4.0,0.07601729856956156,0.0,301.0,2.4681446528566404 < CountDeclMethodPrivate <= 5.497936289499292,0.0959629628120905
CountDeclInstanceVariable,30.0,0.05872633677459067,0.0,1496.0,14.589027509766481 < CountDeclInstanceVariable <= 46.334552020657924,0.0741351426324811
CountClassCoupled,19.0,0.05666096980814153,0.0,242.0,18.441101210186808 < CountClassCoupled <= 44.53474392232296,0.07152785801274007
