feature,value,importance,min,max,rule,importance_ratio
MAJOR_LINE,6.0,0.1881314097423687,0.0,12.0,4.495303181903716 < MAJOR_LINE <= 9.496391564715786,0.2870435112714702
CountClassBase,5.0,0.10881312448085186,0.0,6.0,4.500530315009199 < CountClassBase <= 5.497483915439504,0.1660227888908926
CountDeclMethodProtected,8.0,0.0829014203614165,0.0,35.0,4.498814918141747 < CountDeclMethodProtected <= 20.496113288448125,0.12648772909595662
CountClassCoupled,18.0,0.06637384119376022,0.0,110.0,16.51791080861062 < CountClassCoupled <= 30.5140548185515,0.1012705983489007
CountLineComment,75.0,0.029979896451804947,16.0,1598.0,47.54752277125063 < CountLineComment <= 94.3676611525578,0.045742147772484094
