feature,value,importance,min,max,rule,importance_ratio
AvgCyclomaticModified,9.0,0.09899273772782026,0.0,24.0,AvgCyclomaticModified > 9.001624012737079,0.27423570787361257
CountOutput_Mean,14.7142857142857,0.07660251212227533,0.0,26.0,CountOutput_Mean > 10.75707410211148,0.21220894197823015
CountLineComment,51.0,0.034695126691230566,16.0,1598.0,47.54752277125063 < CountLineComment <= 94.3676611525578,0.096114551898693
CountClassCoupled,10.0,0.016407175742230218,0.0,110.0,8.490710567615114 < CountClassCoupled <= 16.51791080861062,0.04545215696780126
CountDeclMethodDefault,0.0,-0.013904416789991016,0.0,117.0,CountDeclMethodDefault <= 0.48901016893421756,0.03851886177203205
