feature,value,importance,left,right,rec,rule,min,max
CountClassCoupled,16.0,0.16482379091901922,0.0,13.494783233669544,-1,13.494783233669544 < CountClassCoupled <= 29.979533932174256,0.0,71.0
CountDeclInstanceVariable,11.0,0.03496596673567466,0.0,10.502374715445432,-1,10.502374715445432 < CountDeclInstanceVariable <= 15.513666320810996,0.0,146.0
CountInput_Mean,4.4375,-0.01047192526676376,6.882557626390944,53.0,1,3.2586492260016287 < CountInput_Mean <= 6.882557626390944,0.0,53.0
MAJOR_LINE,1.0,-0.0002487718939428396,1.500645087288425,4.0,1,0.502798885741781 < MAJOR_LINE <= 1.500645087288425,0.0,4.0
