feature,value,importance,left,right,rec,rule,min,max
CountClassCoupled,13.0,0.10819611119994918,0.0,11.47998037051897,-1,11.47998037051897 < CountClassCoupled <= 13.494783233669544,0.0,71.0
CountInput_Mean,3.64705882352941,-0.01909030045450763,6.882557626390944,53.0,1,3.2586492260016287 < CountInput_Mean <= 6.882557626390944,0.0,53.0
CountDeclInstanceVariable,7.0,0.005746390187151853,0.0,2.471458681205751,-1,2.471458681205751 < CountDeclInstanceVariable <= 8.510707538953993,0.0,146.0
