feature,value,importance,left,right,rec,rule,min,max
CountClassCoupled,12.0,0.11526897122068146,0.0,11.47998037051897,-1,11.47998037051897 < CountClassCoupled <= 13.494783233669544,0.0,71.0
CountDeclInstanceVariable,1.0,-0.0075213459860688885,2.471458681205751,146.0,1,0.47979150471431 < CountDeclInstanceVariable <= 2.471458681205751,0.0,146.0
CountInput_Mean,2.1875,0.006481713570740274,0.0,0.4907821800349863,-1,0.4907821800349863 < CountInput_Mean <= 3.058906243303005,0.0,53.0
PercentLackOfCohesion,62.0,-0.003051567451723112,87.34091357357666,100.0,1,54.451027961191265 < PercentLackOfCohesion <= 87.34091357357666,0.0,100.0
