feature,value,importance,left,right,rec,rule,min,max
CountClassCoupled,28.0,0.1680135974546698,0.0,13.494783233669544,-1,13.494783233669544 < CountClassCoupled <= 29.979533932174256,0.0,71.0
CountDeclInstanceVariable,12.0,0.02507217182798218,0.0,10.502374715445432,-1,10.502374715445432 < CountDeclInstanceVariable <= 15.513666320810996,0.0,146.0
CountInput_Mean,4.48275862068965,-0.016019219686268515,6.882557626390944,53.0,1,3.2586492260016287 < CountInput_Mean <= 6.882557626390944,0.0,53.0
