feature,value,importance,left,right,rec,rule,min,max
CountClassCoupled,35.0,0.1645470617224588,0.0,29.979533932174256,-1,CountClassCoupled > 29.979533932174256,0.0,71.0
CountDeclInstanceVariable,53.0,0.16450511854397462,0.0,21.48866785028532,-1,CountDeclInstanceVariable > 21.48866785028532,0.0,146.0
CountInput_Mean,3.98387096774194,-0.017112239334006647,6.882557626390944,53.0,1,3.2586492260016287 < CountInput_Mean <= 6.882557626390944,0.0,53.0
