feature,value,importance,left,right,rec,rule,min,max
CountClassCoupled,8.0,0.05032734339813458,0.0,5.496626413283925,-1,5.496626413283925 < CountClassCoupled <= 11.47998037051897,0.0,71.0
CountInput_Mean,5.41176470588235,-0.014777323667552298,6.882557626390944,53.0,1,3.2586492260016287 < CountInput_Mean <= 6.882557626390944,0.0,53.0
CountDeclInstanceVariable,3.0,0.003963110919656979,0.0,2.471458681205751,-1,2.471458681205751 < CountDeclInstanceVariable <= 8.510707538953993,0.0,146.0
PercentLackOfCohesion,71.0,0.0006682117643501274,0.0,54.451027961191265,-1,54.451027961191265 < PercentLackOfCohesion <= 87.34091357357666,0.0,100.0
