feature,value,importance,left,right,rec,rule,min,max
CountInput_Mean,2.75,0.006838988692560506,0.0,0.4907821800349863,-1,0.4907821800349863 < CountInput_Mean <= 3.058906243303005,0.0,53.0
PercentLackOfCohesion,46.0,-0.0028010544912367794,54.451027961191265,100.0,1,20.413820757676145 < PercentLackOfCohesion <= 54.451027961191265,0.0,100.0
CountDeclInstanceVariable,3.0,0.0018448756822828398,0.0,2.471458681205751,-1,2.471458681205751 < CountDeclInstanceVariable <= 8.510707538953993,0.0,146.0
MAJOR_LINE,1.0,0.00030027071327002285,0.0,0.502798885741781,-1,0.502798885741781 < MAJOR_LINE <= 1.500645087288425,0.0,4.0
