feature,value,importance,left,right,rec,rule,min,max
CountClassCoupled,8.0,0.05252245621446649,0.0,5.496626413283925,-1,5.496626413283925 < CountClassCoupled <= 11.47998037051897,0.0,71.0
CountDeclInstanceVariable,12.0,0.029633059965307594,0.0,10.502374715445432,-1,10.502374715445432 < CountDeclInstanceVariable <= 15.513666320810996,0.0,146.0
MAJOR_LINE,0.0,-0.011761573933821568,0.502798885741781,4.0,1,MAJOR_LINE <= 0.502798885741781,0.0,4.0
CountInput_Mean,2.83333333333333,0.007910430019596348,0.0,0.4907821800349863,-1,0.4907821800349863 < CountInput_Mean <= 3.058906243303005,0.0,53.0
PercentLackOfCohesion,75.0,0.0031945668680028873,0.0,54.451027961191265,-1,54.451027961191265 < PercentLackOfCohesion <= 87.34091357357666,0.0,100.0
