feature,value,importance,left,right,rec,rule,min,max
CountClassCoupled,30.999999999999996,0.14681819960562517,0.0,29.979533932174256,-1,CountClassCoupled > 29.979533932174256,0.0,71.0
CountDeclInstanceVariable,19.0,0.1002447263425104,0.0,15.513666320810996,-1,15.513666320810996 < CountDeclInstanceVariable <= 21.48866785028532,0.0,146.0
CountInput_Mean,3.42592592592593,-0.018241343235606246,6.882557626390944,53.0,1,3.2586492260016287 < CountInput_Mean <= 6.882557626390944,0.0,53.0
