feature,value,importance,left,right,rec,rule,min,max
CountDeclInstanceVariable,23.0,0.17808675383345726,0.0,21.48866785028532,-1,CountDeclInstanceVariable > 21.48866785028532,0.0,146.0
CountClassCoupled,53.0,0.15352359122783865,0.0,29.979533932174256,-1,CountClassCoupled > 29.979533932174256,0.0,71.0
CountInput_Mean,4.21296296296296,-0.015251840212633011,6.882557626390944,53.0,1,3.2586492260016287 < CountInput_Mean <= 6.882557626390944,0.0,53.0
