feature,value,importance,left,right,rec,rule,min,max
CountDeclInstanceVariable,53.0,0.18248199584155772,0.0,21.48866785028532,-1,CountDeclInstanceVariable > 21.48866785028532,0.0,146.0
CountClassCoupled,35.0,0.13119472714221705,0.0,29.979533932174256,-1,CountClassCoupled > 29.979533932174256,0.0,71.0
CountInput_Mean,3.98387096774194,-0.017813518095907754,6.882557626390944,53.0,1,3.2586492260016287 < CountInput_Mean <= 6.882557626390944,0.0,53.0
