feature,value,importance,left,right,rec,rule,min,max
CountClassCoupled,5.0,0.012448607105556373,0.0,4.51975229781698,-1,4.51975229781698 < CountClassCoupled <= 5.496626413283925,0.0,71.0
MAJOR_LINE,5.551115123125783e-17,-0.011557393841859559,0.502798885741781,4.0,1,MAJOR_LINE <= 0.502798885741781,0.0,4.0
CountInput_Mean,2.75,0.010965733614158753,0.0,0.4907821800349863,-1,0.4907821800349863 < CountInput_Mean <= 3.058906243303005,0.0,53.0
PercentLackOfCohesion,65.0,0.0037503121168890718,0.0,54.451027961191265,-1,54.451027961191265 < PercentLackOfCohesion <= 87.34091357357666,0.0,100.0
