feature,value,importance,left,right,rec,rule,min,max
CountClassCoupled,12.0,0.10702836920391473,0.0,11.47998037051897,-1,11.47998037051897 < CountClassCoupled <= 13.494783233669544,0.0,71.0
MAJOR_LINE,3.0,0.06254616015395359,0.0,2.4984912888350683,-1,MAJOR_LINE > 2.4984912888350683,0.0,4.0
CountDeclInstanceVariable,0.0,-0.018929654681421153,0.47979150471431,146.0,1,CountDeclInstanceVariable <= 0.47979150471431,0.0,146.0
CountInput_Mean,3.22222222222222,-0.017691195335283964,3.2586492260016287,53.0,1,3.058906243303005 < CountInput_Mean <= 3.2586492260016287,0.0,53.0
PercentLackOfCohesion,77.0,0.0025179595967379175,0.0,54.451027961191265,-1,54.451027961191265 < PercentLackOfCohesion <= 87.34091357357666,0.0,100.0
