feature,value,importance,left,right,rec,rule,min,max
CountClassCoupled,13.0,0.10052383727166021,0.0,11.47998037051897,-1,11.47998037051897 < CountClassCoupled <= 13.494783233669544,0.0,71.0
MAJOR_LINE,3.0,0.07022067090466405,0.0,2.4984912888350683,-1,MAJOR_LINE > 2.4984912888350683,0.0,4.0
CountInput_Mean,4.89473684210526,-0.019482881158709654,6.882557626390944,53.0,1,3.2586492260016287 < CountInput_Mean <= 6.882557626390944,0.0,53.0
CountDeclInstanceVariable,6.0,-0.0024799464483883033,8.510707538953993,146.0,1,2.471458681205751 < CountDeclInstanceVariable <= 8.510707538953993,0.0,146.0
PercentLackOfCohesion,76.0,0.0009907170158883684,0.0,54.451027961191265,-1,54.451027961191265 < PercentLackOfCohesion <= 87.34091357357666,0.0,100.0
