feature,value,importance,left,right,rec,rule,min,max
CountClassCoupled,6.0,0.04412151445970556,0.0,5.496626413283925,-1,5.496626413283925 < CountClassCoupled <= 11.47998037051897,0.0,71.0
CountInput_Mean,3.05,0.009436497990965855,0.0,0.4907821800349863,-1,0.4907821800349863 < CountInput_Mean <= 3.058906243303005,0.0,53.0
PercentLackOfCohesion,85.0,0.0013693029504228595,0.0,54.451027961191265,-1,54.451027961191265 < PercentLackOfCohesion <= 87.34091357357666,0.0,100.0
MAJOR_LINE,1.0,-0.0003993780944602654,1.500645087288425,4.0,1,0.502798885741781 < MAJOR_LINE <= 1.500645087288425,0.0,4.0
