feature,value,importance,left,right,rec,rule,min,max
CountClassCoupled,8.0,0.049052621076967416,0.0,5.496626413283925,-1,5.496626413283925 < CountClassCoupled <= 11.47998037051897,0.0,71.0
CountDeclInstanceVariable,14.0,0.03448854819967938,0.0,10.502374715445432,-1,10.502374715445432 < CountDeclInstanceVariable <= 15.513666320810996,0.0,146.0
CountInput_Mean,4.84,-0.01797680912125891,6.882557626390944,53.0,1,3.2586492260016287 < CountInput_Mean <= 6.882557626390944,0.0,53.0
MAJOR_LINE,5.551115123125783e-17,-0.009006670293276453,0.502798885741781,4.0,1,MAJOR_LINE <= 0.502798885741781,0.0,4.0
