feature,value,importance,left,right,rec,rule,min,max
CountClassCoupled,26.0,0.14328602232693607,0.0,13.494783233669544,-1,13.494783233669544 < CountClassCoupled <= 29.979533932174256,0.0,71.0
CountDeclInstanceVariable,14.0,0.029119101225233073,0.0,10.502374715445432,-1,10.502374715445432 < CountDeclInstanceVariable <= 15.513666320810996,0.0,146.0
CountInput_Mean,4.025,-0.020886602014480483,6.882557626390944,53.0,1,3.2586492260016287 < CountInput_Mean <= 6.882557626390944,0.0,53.0
