feature,value,importance,left,right,rec,rule,min,max
MAJOR_LINE,2.0,0.04005213996622144,0.0,1.500645087288425,-1,1.500645087288425 < MAJOR_LINE <= 2.4984912888350683,0.0,4.0
CountDeclInstanceVariable,12.0,0.02582559324002963,0.0,10.502374715445432,-1,10.502374715445432 < CountDeclInstanceVariable <= 15.513666320810996,0.0,146.0
CountInput_Mean,2.7027027027027,0.007801752197628725,0.0,0.4907821800349863,-1,0.4907821800349863 < CountInput_Mean <= 3.058906243303005,0.0,53.0
PercentLackOfCohesion,92.0,-0.00683013172617346,98.81412948487389,100.0,1,87.34091357357666 < PercentLackOfCohesion <= 98.81412948487389,0.0,100.0
