feature,value,importance,min,max,rule,importance_ratio
CountDeclMethodDefault,20.0,0.4188548582117464,0.0,29.0,9.502326146157747 < CountDeclMethodDefault <= 20.496704139555472,0.335437010762187
MINOR_COMMIT,0.0,-0.38999131629621236,0.0,2.0,MINOR_COMMIT <= 0.500035945883076,0.3123218432278015
MaxNesting_Min,0.0,-0.09257754704582859,0.0,3.0,MaxNesting_Min <= 0.4999572116815032,0.07414008703952905
AvgEssential,1.0,-0.04715735511309924,0.0,8.0,0.49983655878228617 < AvgEssential <= 1.4993301057392507,0.037765641067465446
AvgCyclomaticModified,1.0,-0.038406640641478675,0.0,12.0,0.49744303402233137 < AvgCyclomaticModified <= 1.5009263430561142,0.030757692020566947
