feature,value,importance,min,max,rule,importance_ratio
MINOR_COMMIT,0.0,-0.3847687162748239,0.0,2.0,MINOR_COMMIT <= 0.500035945883076,0.3611244373594643
MAJOR_COMMIT,3.0,0.1114244468456726,0.0,6.0,2.5049342359599582 < MAJOR_COMMIT <= 3.499655327458867,0.10457734470931546
MaxNesting_Min,0.0,-0.09513417019815482,0.0,3.0,MaxNesting_Min <= 0.4999572116815032,0.08928811577792012
CountDeclMethodPublic,22.0,0.07211609941705448,0.0,130.0,19.46203008474309 < CountDeclMethodPublic <= 97.97323714609264,0.06768451988165708
CountClassCoupled,11.0,0.06664876126305566,0.0,64.0,10.492249034455536 < CountClassCoupled <= 17.999561761991284,0.06255315308595706
