feature,value,importance,min,max,rule,importance_ratio
MINOR_COMMIT,0.0,-0.39239387202335213,0.0,2.0,MINOR_COMMIT <= 0.500035945883076,0.4065350796110492
MaxNesting_Min,0.0,-0.09615378142070599,0.0,3.0,MaxNesting_Min <= 0.4999572116815032,0.0996190001214999
MINOR_LINE,5.0,0.08907752170241602,1.0,6.0,3.4997824579426986 < MINOR_LINE <= 5.497357685947588,0.09228772404144871
CountClassCoupled,10.0,0.06389594595576407,0.0,64.0,9.496381019578344 < CountClassCoupled <= 10.492249034455536,0.06619864714503994
MAJOR_COMMIT,0.0,-0.06166236656788534,0.0,6.0,MAJOR_COMMIT <= 0.5040584771977863,0.0638845733558987
