Antecedent,Antecedent Coverage %,Confidence,Lift
CountClassCoupled <= 0.48,0.2009,0.98198,1.06538
0.97 < RatioCommentToCode <= 1.655,0.2009,0.98198,1.06538
CountClassBase <= 0.882,0.14751,0.9816,1.06496
-0.33 < Del_lines <= 0.38,0.81765,0.97842,1.06151
RatioCommentToCode > 1.655,0.19955,0.97506,1.05787
2.06 < CountClassCoupled <= 3.8,0.17964,0.97481,1.0576
-0.46 < CountDeclInstanceVariable <= 1.04,0.3914,0.97225,1.05483
PercentLackOfCohesion <= 1.5,0.26109,0.96707,1.0492
0.882 < CountClassBase <= 1.042,0.33258,0.96327,1.04507
