{
    "223": {
        "CountClassCoupled": [
            52.0,
            37.0,
            30.0,
            26.0,
            20.0,
            17.0,
            13.5,
            9.5,
            5.5,
            1.5
        ],
        "CountDeclInstanceMethod": [
            70.0,
            56.0,
            49.0,
            40.0,
            33.0,
            26.5,
            20.5,
            14.5,
            8.5,
            2.5
        ],
        "OWN_COMMIT": [
            0.5,
            0.470588235294118,
            0.428571428571429,
            0.421052631578947,
            0.4,
            0.380952380952381,
            0.333333333333333,
            0.0
        ],
        "CountDeclClass": [
            1,
            0
        ],
        "CountClassBase": [
            2,
            1,
            0
        ]
    },
    "345": {
        "CountClassCoupled": [
            52.0,
            37.0,
            30.0,
            26.0,
            20.0,
            17.0,
            13.5,
            9.5,
            5.5,
            1.5
        ],
        "CountDeclInstanceMethod": [
            70.0,
            56.0,
            49.0,
            40.0,
            33.0,
            26.5,
            20.5,
            14.5,
            8.5,
            2.5
        ],
        "CountDeclClass": [
            5,
            4,
            3,
            2,
            1,
            0
        ],
        "OWN_COMMIT": [
            0.4,
            0.380952380952381,
            0.333333333333333,
            0.0
        ],
        "CountClassBase": [
            1,
            0
        ]
    }
}