feature,value,importance,min,max,rule,importance_ratio
MINOR_COMMIT,0.0,-0.4578273751228396,0.0,3.0,MINOR_COMMIT <= 0.4992984298946273,0.3608074683134949
CountDeclClass,15.0,0.33656703031227786,0.0,136.0,CountDeclClass > 12.470673854194736,0.2652438554863213
Added_lines,743.0,0.180058911262052,0.0,5928.0,556.1562005161363 < Added_lines <= 3662.7117841695585,0.14190195573673164
CountDeclClassMethod,31.0,0.05816305528978104,0.0,105.0,9.466865411321908 < CountDeclClassMethod <= 40.52628629525767,0.04583750528865397
MaxNesting_Min,0.0,-0.04882018141460709,0.0,3.0,MaxNesting_Min <= 0.49954299085593656,0.038474514666327515
