feature,value,importance,min,max,rule,importance_ratio
Del_lines,56.0,0.10549560781854528,0.0,2007.0,6.090561726614824 < Del_lines <= 241.53603756884223,0.34925538514736715
CountLineComment,82.0,0.026121422516937998,16.0,1556.0,71.82961428486475 < CountLineComment <= 180.20318440140485,0.0864779839691727
CountInput_Mean,5.0,0.025927579542344693,0.0,51.25,2.0927008209094495 < CountInput_Mean <= 5.280496786150023,0.08583624442996703
MaxNesting_Min,0.0,-0.01764835531511875,0.0,3.0,MaxNesting_Min <= 0.4991042139307006,0.05842691710351793
MINOR_LINE,1.0,-0.015689612115592843,1.0,6.0,MINOR_LINE <= 1.5054481122659846,0.05194227167892474
