feature,value,importance,min,max,rule,importance_ratio
Del_lines,11.0,0.10485271864018295,0.0,2007.0,6.090561726614824 < Del_lines <= 241.53603756884223,0.4020031258749779
OWN_COMMIT,0.666666666666667,0.026128319296003174,0.153846153846154,1.0,OWN_COMMIT > 0.586009561102601,0.10017542861141832
MaxNesting_Min,0.0,-0.018182723916349203,0.0,3.0,MaxNesting_Min <= 0.4991042139307006,0.06971218244114138
CountLineComment,36.0,-0.016165718740709826,16.0,1556.0,22.411266311722457 < CountLineComment <= 42.35200321316583,0.061979026867983955
MINOR_LINE,1.0,-0.014020916052438957,1.0,6.0,MINOR_LINE <= 1.5054481122659846,0.053755898309641406
