feature,value,importance,min,max,rule,importance_ratio
AvgEssential,17.0,0.1504844582607125,0.0,12.0,AvgEssential > 10.501194125494266,0.20253710967460614
MaxNesting_Min,5.0,0.11470257543048851,0.0,3.0,MaxNesting_Min > 2.4994121638549673,0.15437825519281395
AvgCyclomaticModified,26.0,0.10903999606612771,0.0,20.0,AvgCyclomaticModified > 17.004181974856568,0.14675698671754228
Del_lines,13.0,0.10634362117311615,0.0,2007.0,6.090561726614824 < Del_lines <= 241.53603756884223,0.1431279343639524
CountInput_Mean,16.0,0.08572401875096038,0.0,51.25,5.280496786150023 < CountInput_Mean <= 17.761528446668198,0.1153760008720056
