feature,value,importance,min,max,rule,importance_ratio
MINOR_COMMIT,0.0,-0.1260032908376335,0.0,1.0,MINOR_COMMIT <= 0.49994445525106007,0.18374044301357312
OWN_COMMIT,0.666666666666667,0.09974982189209393,0.333333333333333,1.0,0.6568210184374299 < OWN_COMMIT <= 0.788684349671894,0.14545712531108188
ADEV,6.0,0.09537917496738903,1.0,23.0,5.497789413237381 < ADEV <= 6.500987592705,0.13908376318011967
CountDeclMethodProtected,6.0,0.05014526519054463,0.0,40.0,5.513073326837062 < CountDeclMethodProtected <= 10.501345059289019,0.07312279845941856
CountDeclMethodPrivate,0.0,-0.04365476642783785,0.0,21.0,CountDeclMethodPrivate <= 0.4980940962069478,0.063658227255675
