feature,value,importance,min,max,rule,importance_ratio
OWN_COMMIT,0.0,0.23812386072605718,0.333333333333333,1.0,OWN_COMMIT <= 0.5145864139598059,0.3488815993090334
MINOR_COMMIT,0.0,-0.11071324717150745,0.0,1.0,MINOR_COMMIT <= 0.49994445525106007,0.1622089219455744
ADEV,0.0,-0.04687375047551157,1.0,23.0,ADEV <= 2.508258838423875,0.0686759780462418
CountDeclMethodPrivate,0.0,-0.042229807700328845,0.0,21.0,CountDeclMethodPrivate <= 0.4980940962069478,0.06187201401859117
MaxNesting_Min,0.0,-0.04022189863810654,0.0,2.0,MaxNesting_Min <= 0.5001685788621237,0.05893017306758662
