feature,value,importance,left,right,rec,rule,min,max
CountDeclClass,13.0,0.0395446956589395,0.0,9.498454567995314,-1,9.498454567995314 < CountDeclClass <= 29.00168285146571,0.0,37.0
CountClassCoupled,37.0,0.037390356725799885,0.0,11.463287562285867,-1,11.463287562285867 < CountClassCoupled <= 37.99731547049169,0.0,94.0
OWN_COMMIT,0.578947368421053,0.004481396354382445,0.0,0.4783975739775412,-1,0.4783975739775412 < OWN_COMMIT <= 0.90907465545437,0.0,1.0
CountDeclInstanceVariable,4.0,0.0017073303054901414,0.0,1.5081356175524405,-1,1.5081356175524405 < CountDeclInstanceVariable <= 7.482040278236535,0.0,36.0
CountInput_Mean,4.18367346938776,0.00011074994384974838,0.0,2.5023260686452264,-1,2.5023260686452264 < CountInput_Mean <= 8.812196920226716,0.0,45.25
