feature,value,importance,min,max,rule,importance_ratio
OWN_COMMIT,0.0,0.24302599370722655,0.333333333333333,1.0,OWN_COMMIT <= 0.5145864139598059,0.3723940614620483
CountDeclMethodProtected,8.0,0.045773066081550746,0.0,40.0,5.513073326837062 < CountDeclMethodProtected <= 10.501345059289019,0.07013907328865514
AvgCyclomaticModified,2.0,0.04315724993546232,0.0,14.0,1.4992287643594169 < AvgCyclomaticModified <= 4.5018610240061365,0.06613080082437962
ADEV,0.0,-0.03940890349034376,1.0,23.0,ADEV <= 2.508258838423875,0.06038712733838155
MaxNesting_Min,0.0,-0.031465127636532024,0.0,2.0,MaxNesting_Min <= 0.5001685788621237,0.0482147053335615
