feature,value,importance,min,max,rule,importance_ratio
OWN_COMMIT,0.0,0.2410550808274083,0.333333333333333,1.0,OWN_COMMIT <= 0.5145864139598059,0.3460034335335926
CountDeclMethodPublic,28.0,0.06376370100211513,0.0,129.0,17.486264821402255 < CountDeclMethodPublic <= 28.511725725366688,0.09152455698429188
CountDeclMethodPrivate,6.0,0.0592689093173401,0.0,21.0,2.499077003230803 < CountDeclMethodPrivate <= 16.49569590159254,0.08507286407405651
AvgCyclomaticModified,2.0,0.042175594017665165,0.0,14.0,1.4992287643594169 < AvgCyclomaticModified <= 4.5018610240061365,0.06053761775666236
ADEV,0.0,-0.034600866041647894,1.0,23.0,ADEV <= 2.508258838423875,0.04966507410900763
