feature,value,importance,min,max,rule,importance_ratio
OWN_COMMIT,0.692307692307692,0.24081404708030457,0.333333333333333,1.0,0.6568210184374299 < OWN_COMMIT <= 0.788684349671894,0.2447764905212282
CountDeclMethodPublic,58.0,0.1410913268376602,0.0,129.0,55.48663978166802 < CountDeclMethodPublic <= 80.53477426251925,0.14341289573855023
CountClassCoupled,50.0,0.09828166931111558,0.0,72.0,CountClassCoupled > 26.52683212878574,0.09989883226587871
ADEV,39.0,0.0958769555974279,1.0,23.0,ADEV > 13.001711795655172,0.09745455050291141
CountDeclMethodProtected,7.0,0.05244468168320576,0.0,40.0,5.513073326837062 < CountDeclMethodProtected <= 10.501345059289019,0.05330762588212805
