feature,value,importance,min,max,rule,importance_ratio
OWN_COMMIT,0.454545454545455,0.23369702250159485,0.333333333333333,1.0,OWN_COMMIT <= 0.5145864139598059,0.2274234526446165
ADEV,11.0,0.1913035789409858,1.0,23.0,7.50418577217262 < ADEV <= 13.001711795655172,0.18616805623072938
CountClassCoupled,59.0,0.10121483965600094,0.0,72.0,CountClassCoupled > 26.52683212878574,0.09849773885451148
CountDeclMethodPrivate,6.0,0.08581857662499724,0.0,21.0,2.499077003230803 < CountDeclMethodPrivate <= 16.49569590159254,0.08351478674474878
CountDeclMethodPublic,133.0,0.06087386594922767,0.0,129.0,CountDeclMethodPublic > 80.53477426251925,0.05923971397583567
