feature,value,importance,min,max,rule,importance_ratio
OWN_COMMIT,0.76,0.22737841910933462,0.333333333333333,1.0,0.6568210184374299 < OWN_COMMIT <= 0.788684349671894,0.23329690903171874
ADEV,25.0,0.15970687466689637,1.0,23.0,ADEV > 13.001711795655172,0.1638639249795603
CountClassCoupled,16.0,0.10008996504673517,0.0,72.0,13.472409202599035 < CountClassCoupled <= 17.51744165860055,0.10269523186045172
CountDeclMethodPublic,50.0,0.08040752032155266,0.0,129.0,28.511725725366688 < CountDeclMethodPublic <= 55.48663978166802,0.08250046784300663
RatioCommentToCode,0.1,0.05964998803241049,0.03,13.17,RatioCommentToCode <= 0.12009511813183904,0.06120263253765
