feature,value,importance,left,right,rec,rule,min,max
OWN_COMMIT,1.0,0.060638950503643846,0.0,0.5101466808561519,-1,OWN_COMMIT > 0.5101466808561519,0.0,1.0
CountClassCoupled,6.0,0.015343635078918533,0.0,4.462718232611871,-1,4.462718232611871 < CountClassCoupled <= 15.470436606030667,0.0,96.0
CountDeclClass,2.0,0.0071914255650658695,0.0,1.4931802753022725,-1,1.4931802753022725 < CountDeclClass <= 2.4935575819192772,0.0,37.0
CountDeclInstanceMethod,7.0,0.0013467396954681462,0.0,2.5263932863919916,-1,2.5263932863919916 < CountDeclInstanceMethod <= 8.490484102336648,0.0,222.0
