feature,value,importance,left,right,rec,rule,min,max
OWN_COMMIT,0.444444444444444,0.044790178906434885,0.0,0.4116007880302049,-1,0.4116007880302049 < OWN_COMMIT <= 0.48443905664068754,0.0,1.0
CountDeclClass,0.9999999999999999,-0.007206001992031279,1.4931802753022725,37.0,1,0.4928029686852682 < CountDeclClass <= 1.4931802753022725,0.0,37.0
CountDeclInstanceMethod,0.0,-0.0010690034794380977,1.421932024180018,222.0,1,CountDeclInstanceMethod <= 1.421932024180018,0.0,222.0
