feature,value,importance,left,right,rec,rule,min,max
CountClassCoupled,96.0,0.10156568756096877,0.0,55.490746041173416,-1,CountClassCoupled > 55.490746041173416,0.0,96.0
CountDeclClass,22.0,0.02609147915725685,0.0,5.49468950177029,-1,5.49468950177029 < CountDeclClass <= 22.987773755316287,0.0,37.0
CountDeclInstanceMethod,205.0,0.013733322608801453,0.0,98.39363084639128,-1,CountDeclInstanceMethod > 98.39363084639128,0.0,222.0
OWN_COMMIT,0.454545454545455,0.011371810358416199,0.0,0.4116007880302049,-1,0.4116007880302049 < OWN_COMMIT <= 0.48443905664068754,0.0,1.0
CountClassBase,2.0,0.006567605350654345,0.0,1.5025443130714027,-1,1.5025443130714027 < CountClassBase <= 2.499541318640651,0.0,6.0
