feature,value,importance,left,right,rec,rule,min,max
CountClassCoupled,21.0,0.08318906930453981,0.0,15.470436606030667,-1,15.470436606030667 < CountClassCoupled <= 55.490746041173416,0.0,96.0
OWN_COMMIT,0.571428571428571,0.05844937487706503,0.0,0.5101466808561519,-1,OWN_COMMIT > 0.5101466808561519,0.0,1.0
CountDeclInstanceMethod,16.0,0.006919694399399929,0.0,14.454574918281303,-1,14.454574918281303 < CountDeclInstanceMethod <= 47.5884127846405,0.0,222.0
