feature,value,importance,left,right,rec,rule,min,max
OWN_COMMIT,1.0,0.06145924629434737,0.0,0.5101466808561519,-1,OWN_COMMIT > 0.5101466808561519,0.0,1.0
CountDeclClass,4.0,0.01527280437704849,0.0,2.4935575819192772,-1,2.4935575819192772 < CountDeclClass <= 5.49468950177029,0.0,37.0
CountClassCoupled,7.0,0.013062570382845869,0.0,4.462718232611871,-1,4.462718232611871 < CountClassCoupled <= 15.470436606030667,0.0,96.0
CountClassBase,2.0,0.0054408706731736735,0.0,1.5025443130714027,-1,1.5025443130714027 < CountClassBase <= 2.499541318640651,0.0,6.0
CountDeclInstanceMethod,22.0,0.004172975582988213,0.0,14.454574918281303,-1,14.454574918281303 < CountDeclInstanceMethod <= 47.5884127846405,0.0,222.0
