feature,value,importance,min,max,rule,importance_ratio
Added_lines,228.0,0.10380630315002255,0.0,1401.0,134.0061958090498 < Added_lines <= 623.7822426910362,0.18611912080459114
MaxInheritanceTree,4.0,0.08233398314567053,0.0,6.0,3.5043507807030476 < MaxInheritanceTree <= 4.500181337601978,0.1476204054128181
CountClassCoupled,4.0,-0.05099162565437409,0.0,71.0,3.5277271998526603 < CountClassCoupled <= 5.519127474876073,0.09142524343124996
MINOR_COMMIT,0.0,0.04850311886445975,0.0,1.0,MINOR_COMMIT <= 0.5000340062489587,0.08696348454185239
CountClassDerived,0.0,-0.0374741746371221,0.0,174.0,CountClassDerived <= 4.520645138566945,0.06718918047065968
