feature,value,importance,min,max,rule,importance_ratio
CountClassCoupled,24.0,0.14522744661420225,0.0,71.0,21.526921993333502 < CountClassCoupled <= 36.46242405600909,0.21929402229983633
Added_lines,252.0,0.10559774687457724,0.0,1401.0,134.0061958090498 < Added_lines <= 623.7822426910362,0.15945301799213357
MaxInheritanceTree,4.0,0.07926224208100854,0.0,6.0,3.5043507807030476 < MaxInheritanceTree <= 4.500181337601978,0.11968630095537255
CountClassDerived,0.0,-0.036048284848843336,0.0,174.0,CountClassDerived <= 4.520645138566945,0.054433053570880796
OWN_COMMIT,0.333333333333333,0.032610653407877034,0.0,1.0,0.10191642891537722 < OWN_COMMIT <= 0.6839985370312259,0.04924221641544629
