feature,value,importance,min,max,rule,importance_ratio
CountClassCoupled,12.0,0.10305735406005107,0.0,71.0,9.501928024922897 < CountClassCoupled <= 21.526921993333502,0.15419699599671965
Added_lines,378.0,0.102312422470179,0.0,1401.0,134.0061958090498 < Added_lines <= 623.7822426910362,0.15308241068227038
MaxInheritanceTree,4.0,0.08203412010139995,0.0,6.0,3.5043507807030476 < MaxInheritanceTree <= 4.500181337601978,0.1227415064576491
CountDeclClassVariable,22.0,0.047247491727970437,0.0,60.0,17.50873267622537 < CountDeclClassVariable <= 25.503666836794423,0.07069288125316821
CountClassDerived,0.0,-0.03914079725189106,0.0,174.0,CountClassDerived <= 4.520645138566945,0.05856344180582654
