feature,value,importance,min,max,rule,importance_ratio
CountClassCoupled,24.0,0.14262735965200624,0.0,71.0,21.526921993333502 < CountClassCoupled <= 36.46242405600909,0.2227992163607642
Added_lines,829.0,0.08751442098866075,0.0,1401.0,752.9050186871963 < Added_lines <= 962.1729659913178,0.13670690156582002
MaxInheritanceTree,4.0,0.07718182173952383,0.0,6.0,3.5043507807030476 < MaxInheritanceTree <= 4.500181337601978,0.12056627454100262
CountClassDerived,0.0,-0.04080467255225173,0.0,174.0,CountClassDerived <= 4.520645138566945,0.06374127019304594
OWN_COMMIT,0.3,0.03253582954482207,0.0,1.0,0.10191642891537722 < OWN_COMMIT <= 0.6839985370312259,0.0508244515212253
