feature,value,importance,min,max,rule,importance_ratio
CountClassCoupled,24.0,0.14388897423349517,0.0,71.0,21.526921993333502 < CountClassCoupled <= 36.46242405600909,0.22962400117609752
CountDeclClass,5.0,0.06661104638096797,1.0,34.0,4.501963274839924 < CountDeclClass <= 5.505916789178754,0.10630067434982045
Added_lines,15.0,-0.05225358160605129,0.0,1401.0,0.4309102957807909 < Added_lines <= 53.861024501088394,0.08338843575806185
CountDeclInstanceVariable,19.0,0.051299975621874695,0.0,60.0,16.490535965231608 < CountDeclInstanceVariable <= 39.47160948739142,0.08186663172270355
CountClassDerived,0.0,-0.04052067823517084,0.0,174.0,CountClassDerived <= 4.520645138566945,0.06466458125992523
