feature,value,importance,min,max,rule,importance_ratio
Added_lines,137.0,0.10346123429327465,0.0,1401.0,134.0061958090498 < Added_lines <= 623.7822426910362,0.21452940415423136
CountClassCoupled,2.0,-0.06538038255903156,0.0,71.0,1.5363269248292477 < CountClassCoupled <= 3.5277271998526603,0.13556782508515347
CountClassDerived,0.0,-0.03201678000847084,0.0,174.0,CountClassDerived <= 4.520645138566945,0.06638757777318373
OWN_COMMIT,0.5,0.028967380382746655,0.0,1.0,0.10191642891537722 < OWN_COMMIT <= 0.6839985370312259,0.06006457293757189
MINOR_COMMIT,0.0,0.02212003274130438,0.0,1.0,MINOR_COMMIT <= 0.5000340062489587,0.045866429839921063
