feature,value,importance,min,max,rule,importance_ratio
CountClassCoupled,22.0,0.14553566011117008,0.0,71.0,21.526921993333502 < CountClassCoupled <= 36.46242405600909,0.27512411272415155
Added_lines,22.0,-0.053982623532181535,0.0,1401.0,0.4309102957807909 < Added_lines <= 53.861024501088394,0.10205005007342142
CountClassDerived,0.0,-0.03919783186391436,0.0,174.0,CountClassDerived <= 4.520645138566945,0.07410052425661279
CountDeclClass,1.0,-0.036311432848221484,1.0,34.0,CountDeclClass <= 1.4901027318234341,0.06864400612522309
OWN_COMMIT,0.428571428571429,0.031768797303454936,0.0,1.0,0.10191642891537722 < OWN_COMMIT <= 0.6839985370312259,0.06005649861862014
