feature,value,importance,min,max,rule,importance_ratio
CountClassCoupled,25.0,0.1461478142989343,0.0,71.0,21.526921993333502 < CountClassCoupled <= 36.46242405600909,0.25314301700976716
MINOR_LINE,7.0,0.06122557064931931,1.0,8.0,6.500273313638594 < MINOR_LINE <= 7.498899560350965,0.1060489734086044
Added_lines,47.0,-0.05463679414022697,0.0,1401.0,0.4309102957807909 < Added_lines <= 53.861024501088394,0.09463653613121108
CountClassDerived,1.0,-0.03826269830433629,0.0,174.0,CountClassDerived <= 4.520645138566945,0.06627492127855121
OWN_COMMIT,0.571428571428571,0.03062680850274143,0.0,1.0,0.10191642891537722 < OWN_COMMIT <= 0.6839985370312259,0.05304877628827385
