feature,value,importance,min,max,rule,importance_ratio
Added_lines,245.0,0.10280262757410842,0.0,1401.0,134.0061958090498 < Added_lines <= 623.7822426910362,0.15927513324071063
CountDeclMethodProtected,11.0,0.10245976817378225,0.0,25.0,CountDeclMethodProtected > 10.508161227829827,0.15874393109190937
MaxInheritanceTree,4.0,0.07891635686619099,0.0,6.0,3.5043507807030476 < MaxInheritanceTree <= 4.500181337601978,0.12226743178984402
CountClassCoupled,8.0,0.06601932237623118,0.0,71.0,5.519127474876073 < CountClassCoupled <= 9.501928024922897,0.1022856770888995
CountDeclClass,1.0,-0.034727976385104484,1.0,34.0,CountDeclClass <= 1.4901027318234341,0.05380507479665692
