feature,value,importance,min,max,rule,importance_ratio
PercentLackOfCohesion,12.0,0.07154712296803767,0.0,100.0,11.363594735027274 < PercentLackOfCohesion <= 12.433080312115582,0.12825824743282885
CountClassCoupled,9.0,0.06737266063468583,0.0,71.0,5.519127474876073 < CountClassCoupled <= 9.501928024922897,0.12077493852201146
Added_lines,54.0,-0.05270422740976344,0.0,1401.0,0.4309102957807909 < Added_lines <= 53.861024501088394,0.09447971573779859
CountClassDerived,0.0,-0.03549205398155895,0.0,174.0,CountClassDerived <= 4.520645138566945,0.06362448205638811
CountDeclClass,3.0,0.035252737592450026,1.0,34.0,2.4940562461622644 < CountDeclClass <= 4.501963274839924,0.06319547388141543
