feature,value,importance,min,max,rule,importance_ratio
CountClassCoupled,23.0,0.14467493799603703,0.0,71.0,21.526921993333502 < CountClassCoupled <= 36.46242405600909,0.22615505487483306
CountDeclInstanceVariable,19.0,0.05589414685574592,0.0,60.0,16.490535965231608 < CountDeclInstanceVariable <= 39.47160948739142,0.08737341812228358
Added_lines,40.0,-0.054622049409689205,0.0,1401.0,0.4309102957807909 < Added_lines <= 53.861024501088394,0.08538488250095178
PercentLackOfCohesion,100.0,0.05115350081391204,0.0,100.0,PercentLackOfCohesion > 99.41790724863138,0.07996286671245703
CountClassDerived,0.0,-0.04044746577453398,0.0,174.0,CountClassDerived <= 4.520645138566945,0.06322725254624427
