feature,value,importance,min,max,rule,importance_ratio
CountClassCoupled,16.0,0.10074157575135383,0.0,71.0,9.501928024922897 < CountClassCoupled <= 21.526921993333502,0.1727739900866941
MAJOR_LINE,8.0,0.057783438440615044,0.0,13.0,MAJOR_LINE > 6.501702411360784,0.09909985173305927
Added_lines,31.0,-0.05076421629260803,0.0,1401.0,0.4309102957807909 < Added_lines <= 53.861024501088394,0.0870617333219546
CountClassDerived,0.0,-0.0383373317566925,0.0,174.0,CountClassDerived <= 4.520645138566945,0.06574935648445106
CountDeclClass,3.0,0.035958759088792064,1.0,34.0,2.4940562461622644 < CountDeclClass <= 4.501963274839924,0.061670052706648194
