feature,value,importance,min,max,rule,importance_ratio
CountClassCoupled,2.0,-0.06620618225783478,0.0,71.0,1.5363269248292477 < CountClassCoupled <= 3.5277271998526603,0.1403799375985232
CountClassDerived,1.0,-0.0403257186937401,0.0,174.0,CountClassDerived <= 4.520645138566945,0.08550442996088824
Added_lines,127.0,0.039372476632345596,0.0,1401.0,53.861024501088394 < Added_lines <= 134.0061958090498,0.0834832280650636
MINOR_LINE,4.0,0.03620673677948392,1.0,8.0,3.5043945735014814 < MINOR_LINE <= 6.500273313638594,0.07677076787113224
CountDeclClass,3.0,0.03285386817332749,1.0,34.0,2.4940562461622644 < CountDeclClass <= 4.501963274839924,0.06966153018883728
