feature,value,importance,min,max,rule,importance_ratio
CountClassCoupled,36.0,0.14422003513590967,0.0,71.0,21.526921993333502 < CountClassCoupled <= 36.46242405600909,0.15803991545798668
Added_lines,218.0,0.10359200161451759,0.0,1401.0,134.0061958090498 < Added_lines <= 623.7822426910362,0.11351870190472282
CountDeclMethodProtected,21.0,0.09556971361660303,0.0,25.0,CountDeclMethodProtected > 10.508161227829827,0.10472767841221532
CountDeclMethodPublic,44.0,0.08999217237357267,0.0,148.0,25.49405915268499 < CountDeclMethodPublic <= 47.97160621632762,0.09861566945533724
CountDeclInstanceVariable,38.0,0.04783197019512889,0.0,60.0,16.490535965231608 < CountDeclInstanceVariable <= 39.47160948739142,0.052415467231743076
