feature,value,importance,min,max,rule,importance_ratio
MINOR_LINE,3.0,0.21334539910873138,1.0,8.0,2.5057683267891098 < MINOR_LINE <= 3.5043945735014814,0.19674927112030108
OWN_COMMIT,0.5,0.144904673827852,0.0,1.0,0.10191642891537722 < OWN_COMMIT <= 0.6839985370312259,0.13363254645592237
CountOutput_Min,1.0,0.09325676690008933,0.0,22.0,CountOutput_Min <= 2.4893535776064373,0.08600232763996585
MaxNesting_Mean,0.5,0.07601937896326959,0.0,6.0,0.12653311022703173 < MaxNesting_Mean <= 1.447954764734174,0.07010583525365145
Added_lines,59.0,0.06000573497145961,0.0,1401.0,53.861024501088394 < Added_lines <= 134.0061958090498,0.05533789183171311
