feature,value,importance,min,max,rule,importance_ratio
CountClassCoupled,24.0,0.17612824094931634,0.0,71.0,21.526921993333502 < CountClassCoupled <= 36.46242405600909,0.20370503642639834
Added_lines,252.0,0.12922943460199718,0.0,1401.0,134.0061958090498 < Added_lines <= 623.7822426910362,0.149463178313
MaxInheritanceTree,4.0,0.0880767158936161,0.0,6.0,3.5043507807030476 < MaxInheritanceTree <= 4.500181337601978,0.10186708572527901
OWN_COMMIT,0.333333333333333,0.08437207961879174,0.0,1.0,0.10191642891537722 < OWN_COMMIT <= 0.6839985370312259,0.09758240620289159
CountDeclInstanceVariable,7.0,0.04480472136695718,0.0,60.0,5.515405866258188 < CountDeclInstanceVariable <= 7.516396436789253,0.051819897529988175
