feature,value,importance,min,max,rule,importance_ratio
CountClassCoupled,30.0,0.1914684754508302,0.0,71.0,21.526921993333502 < CountClassCoupled <= 36.46242405600909,0.22590749365025806
Added_lines,334.0,0.1279812402374983,0.0,1401.0,134.0061958090498 < Added_lines <= 623.7822426910362,0.15100094753577062
MINOR_COMMIT,0.0,0.09948594516013533,0.0,1.0,MINOR_COMMIT <= 0.5000340062489587,0.11738026571546373
MaxInheritanceTree,4.0,0.08318628037825515,0.0,6.0,3.5043507807030476 < MaxInheritanceTree <= 4.500181337601978,0.09814881568410053
OWN_COMMIT,0.363636363636364,0.06452493613112155,0.0,1.0,0.10191642891537722 < OWN_COMMIT <= 0.6839985370312259,0.0761308960391654
