feature,value,importance,min,max,rule,importance_ratio
CountClassCoupled,31.0,0.18351196797062266,0.0,71.0,21.526921993333502 < CountClassCoupled <= 36.46242405600909,0.21066433178167487
CountDeclMethodPublic,52.0,0.09179099805594054,0.0,148.0,CountDeclMethodPublic > 47.97160621632762,0.1053723606305791
MaxInheritanceTree,4.0,0.08144230885551847,0.0,6.0,3.5043507807030476 < MaxInheritanceTree <= 4.500181337601978,0.09349248315265814
OWN_COMMIT,0.5,0.0723599594774104,0.0,1.0,0.10191642891537722 < OWN_COMMIT <= 0.6839985370312259,0.08306631267502947
Added_lines,83.0,0.0631688902253158,0.0,1401.0,53.861024501088394 < Added_lines <= 134.0061958090498,0.07251533617053485
