feature,value,importance,min,max,rule,importance_ratio
CountClassCoupled,18.0,0.1469897661960957,0.0,71.0,9.501928024922897 < CountClassCoupled <= 21.526921993333502,0.15443910008400866
OWN_COMMIT,0.333333333333333,0.08348358980636358,0.0,1.0,0.10191642891537722 < OWN_COMMIT <= 0.6839985370312259,0.08771447710364326
CountOutput_Mean,17.0,0.08056005813136934,0.0,22.0,CountOutput_Mean > 7.862476607160486,0.08464278298072819
CountClassDerived,0.0,-0.07078130665793009,0.0,174.0,CountClassDerived <= 4.520645138566945,0.0743684515317729
Added_lines,6.0,-0.06259441678029584,0.0,1401.0,0.4309102957807909 < Added_lines <= 53.861024501088394,0.06576665606050222
