feature,value,importance,min,max,rule,importance_ratio
Added_lines,423.0,0.10846382539925425,0.0,1401.0,134.0061958090498 < Added_lines <= 623.7822426910362,0.18621184863475146
CountClassCoupled,9.0,0.09021976705028105,0.0,71.0,5.519127474876073 < CountClassCoupled <= 9.501928024922897,0.1548902552900829
OWN_COMMIT,0.384615384615385,0.07411707815928541,0.0,1.0,0.10191642891537722 < OWN_COMMIT <= 0.6839985370312259,0.12724498779794824
RatioCommentToCode,0.83,0.030661178625034674,0.0,17.89,0.24340607599558495 < RatioCommentToCode <= 0.9515288232774337,0.05263943745365346
MINOR_COMMIT,0.0,0.029553281489488162,0.0,1.0,MINOR_COMMIT <= 0.5000340062489587,0.050737387872165245
