feature,value,importance,min,max,rule,importance_ratio
CountClassCoupled,22.0,0.15187587115016218,0.0,71.0,21.526921993333502 < CountClassCoupled <= 36.46242405600909,0.17586499627880736
OWN_COMMIT,0.333333333333333,0.0893087241105346,0.0,1.0,0.10191642891537722 < OWN_COMMIT <= 0.6839985370312259,0.10341523188917312
MINOR_COMMIT,0.0,0.07984588660391419,0.0,1.0,MINOR_COMMIT <= 0.5000340062489587,0.09245771855749087
Added_lines,32.0,-0.07947837313806999,0.0,1401.0,0.4309102957807909 < Added_lines <= 53.861024501088394,0.09203215553807485
CountPath_Min,1.0,0.04166853908212228,0.0,480.0,0.46339588717379354 < CountPath_Min <= 1.4446435304830652,0.048250175719982684
