feature,value,importance,min,max,rule,importance_ratio
CountClassCoupled,44.0,0.1535645016362433,0.0,71.0,CountClassCoupled > 36.46242405600909,0.17482793211191613
Added_lines,1293.0,0.14781035828210826,0.0,1401.0,Added_lines > 962.1729659913178,0.16827703673596597
OWN_COMMIT,0.384615384615385,0.08373336504265394,0.0,1.0,0.10191642891537722 < OWN_COMMIT <= 0.6839985370312259,0.09532757182291672
MaxInheritanceTree,4.0,0.0702633150847643,0.0,6.0,3.5043507807030476 < MaxInheritanceTree <= 4.500181337601978,0.07999238071761604
CountDeclMethodPrivate,7.0,0.04026823081709827,0.0,53.0,1.482174259733791 < CountDeclMethodPrivate <= 49.50704831503643,0.045844003324640024
