feature,value,importance,min,max,rule,importance_ratio
Added_lines,312.0,0.13408974637608867,0.0,1401.0,134.0061958090498 < Added_lines <= 623.7822426910362,0.183605046197231
CountClassCoupled,10.0,0.08681290642695884,0.0,71.0,9.501928024922897 < CountClassCoupled <= 21.526921993333502,0.11887029490183312
MaxInheritanceTree,4.0,0.08115665614607172,0.0,6.0,3.5043507807030476 < MaxInheritanceTree <= 4.500181337601978,0.11112536195809708
OWN_COMMIT,0.285714285714286,0.07785819073424559,0.0,1.0,0.10191642891537722 < OWN_COMMIT <= 0.6839985370312259,0.10660887273587344
RatioCommentToCode,0.12,0.03631243309155899,0.0,17.89,0.07999313431515842 < RatioCommentToCode <= 0.24340607599558495,0.04972151962022396
