feature,value,importance,left,right,rec,rule,min,max
CountClassCoupled,12.0,0.03320631673400074,0.0,11.49383801896868,-1,11.49383801896868 < CountClassCoupled <= 27.984016563916185,0.0,53.0
RatioCommentToCode,1.19,0.010626343284804508,0.17,0.9741628833843211,-1,0.9741628833843211 < RatioCommentToCode <= 1.526311737311849,0.17,15.6
MAJOR_LINE,4.0,0.004485374152651317,0.0,2.5021309229429614,-1,2.5021309229429614 < MAJOR_LINE <= 4.505189190073917,0.0,6.0
