feature,value,importance,left,right,rec,rule,min,max
MAJOR_LINE,5.0,0.027264818014234186,0.0,4.505189190073917,-1,4.505189190073917 < MAJOR_LINE <= 5.501529053517293,0.0,6.0
RatioCommentToCode,1.0900000000000003,0.01445132493974675,0.17,0.9741628833843211,-1,0.9741628833843211 < RatioCommentToCode <= 1.526311737311849,0.17,15.6
CountClassBase,2.0,-0.00035600872848445884,2.5017704370765292,12.0,1,1.497512553796591 < CountClassBase <= 2.5017704370765292,0.0,12.0
