feature,value,importance,left,right,rec,rule,min,max
MAJOR_LINE,2.0,-0.014669395963593929,2.5021309229429614,6.0,1,1.4954125192553827 < MAJOR_LINE <= 2.5021309229429614,0.0,6.0
CountClassCoupled,6.0,0.007677814559936322,0.0,4.484251420351851,-1,4.484251420351851 < CountClassCoupled <= 7.509972254287172,0.0,53.0
RatioCommentToCode,1.69,-0.0021587548742327714,1.7940202725494385,15.6,1,1.6768977883829932 < RatioCommentToCode <= 1.7940202725494385,0.17,15.6
