feature,value,importance,left,right,rec,rule,min,max
CountClassCoupled,5.0,0.016315280876362612,0.0,4.484251420351851,-1,4.484251420351851 < CountClassCoupled <= 7.509972254287172,0.0,53.0
RatioCommentToCode,0.8300000000000001,0.012090177976430368,0.17,0.7901132654084784,-1,0.7901132654084784 < RatioCommentToCode <= 0.8905039661225742,0.17,15.6
MAJOR_LINE,1.0,0.0027346349921820528,0.0,0.499072655812006,-1,0.499072655812006 < MAJOR_LINE <= 1.4954125192553827,0.0,6.0
