feature,value,importance,left,right,rec,rule,min,max
CountClassCoupled,20.0,0.04681995899825878,0.0,11.49383801896868,-1,11.49383801896868 < CountClassCoupled <= 27.984016563916185,0.0,53.0
MAJOR_LINE,5.0,0.017514547395257134,0.0,4.505189190073917,-1,4.505189190073917 < MAJOR_LINE <= 5.501529053517293,0.0,6.0
RatioCommentToCode,0.48,0.006709913191114708,0.17,0.17,-1,RatioCommentToCode <= 0.7901132654084784,0.17,15.6
