feature,value,importance,left,right,rec,rule,min,max
CountClassCoupled,30.0,0.03374354764415411,0.0,27.984016563916185,-1,CountClassCoupled > 27.984016563916185,0.0,53.0
MAJOR_LINE,5.0,0.014459482781988255,0.0,4.505189190073917,-1,4.505189190073917 < MAJOR_LINE <= 5.501529053517293,0.0,6.0
RatioCommentToCode,0.85,0.01031261611900111,0.17,0.7901132654084784,-1,0.7901132654084784 < RatioCommentToCode <= 0.8905039661225742,0.17,15.6
