feature,value,importance,left,right,rec,rule,min,max
CountClassCoupled,8.0,0.01745778351179969,0.0,7.509972254287172,-1,7.509972254287172 < CountClassCoupled <= 11.49383801896868,0.0,53.0
MAJOR_LINE,2.0,-0.012270585545724055,2.5021309229429614,6.0,1,1.4954125192553827 < MAJOR_LINE <= 2.5021309229429614,0.0,6.0
RatioCommentToCode,0.84,0.0073246129739637685,0.17,0.7901132654084784,-1,0.7901132654084784 < RatioCommentToCode <= 0.8905039661225742,0.17,15.6
