feature,value,importance,left,right,rec,rule,min,max
MAJOR_LINE,5.0,0.02110967549273865,0.0,4.505189190073917,-1,4.505189190073917 < MAJOR_LINE <= 5.501529053517293,0.0,6.0
CountClassBase,2.0,-0.0033352066274435132,2.5017704370765292,12.0,1,1.497512553796591 < CountClassBase <= 2.5017704370765292,0.0,12.0
RatioCommentToCode,0.68,0.0018233147135740713,0.17,0.17,-1,RatioCommentToCode <= 0.7901132654084784,0.17,15.6
