feature,value,importance,left,right,rec,rule,min,max
MAJOR_LINE,1.0,0.0028749546666858054,0.0,0.499072655812006,-1,0.499072655812006 < MAJOR_LINE <= 1.4954125192553827,0.0,6.0
CountClassCoupled,4.0,-0.0006901795269912676,4.484251420351851,53.0,1,3.4756778090400764 < CountClassCoupled <= 4.484251420351851,0.0,53.0
CountClassBase,1.0,-0.00027538874105157644,1.497512553796591,12.0,1,0.5000863567974686 < CountClassBase <= 1.497512553796591,0.0,12.0
RatioCommentToCode,0.69,0.00025535663121275306,0.17,0.17,-1,RatioCommentToCode <= 0.7901132654084784,0.17,15.6
