feature,value,importance,min,max,rule,importance_ratio
CountDeclMethodPrivate,1.0,0.14804155135466204,0.0,257.0,0.502240015352362 < CountDeclMethodPrivate <= 1.5226356484324164,0.14297992042472735
MAJOR_LINE,3.0,0.11714007354663447,0.0,13.0,2.4998111840441277 < MAJOR_LINE <= 6.502231749332315,0.11313498298947045
AvgLineBlank,0.0,-0.09909465494012955,0.0,35.0,AvgLineBlank <= 0.5029667521507191,0.09570654825084923
CountClassDerived,0.0,0.08111955919096407,0.0,104.0,CountClassDerived <= 0.48970284190903096,0.0783460319881858
CountClassCoupled,50.0,0.07142049822517535,0.0,207.0,17.521480766172985 < CountClassCoupled <= 59.045190785127026,0.06897858783218141
