feature,value,importance,min,max,rule,importance_ratio
MAJOR_LINE,9.0,0.27391321764928117,0.0,13.0,MAJOR_LINE > 8.50344203197641,0.17035767428666274
CountDeclMethodPrivate,41.0,0.25295358608034385,0.0,257.0,CountDeclMethodPrivate > 29.498482588710576,0.1573220343177974
CountClassCoupled,89.0,0.24966458365145253,0.0,207.0,CountClassCoupled > 59.045190785127026,0.15527647109409592
MINOR_COMMIT,0.0,-0.2251146879327024,0.0,1.0,MINOR_COMMIT <= 0.5001844411582251,0.14000790109036085
CountLineComment,274.0,0.15027018056018737,0.0,3673.0,CountLineComment > 115.54619362143157,0.09345908421129301
