feature,value,importance,min,max,rule,importance_ratio
CountDeclClassMethod,103.0,0.23638794828972423,0.0,385.0,CountDeclClassMethod > 22.498489071221602,0.17144920426464147
CountClassCoupled,63.0,0.22108660809170938,0.0,207.0,CountClassCoupled > 59.045190785127026,0.16035133476616392
CountLineComment,533.0,0.15331984421682107,0.0,3673.0,CountLineComment > 115.54619362143157,0.11120095368286353
MAJOR_LINE,8.0,0.13678991030135024,0.0,13.0,6.502231749332315 < MAJOR_LINE <= 8.50344203197641,0.09921200062134326
MINOR_COMMIT,0.0,-0.08699494887108715,0.0,1.0,MINOR_COMMIT <= 0.5001844411582251,0.0630963416997491
