feature,value,importance,min,max,rule,importance_ratio
CountClassBase,5.0,0.17425952527239472,0.0,5.0,CountClassBase > 4.50391945648793,0.21703956574320243
AvgLineBlank,0.0,-0.07156633377643011,0.0,35.0,AvgLineBlank <= 0.5029667521507191,0.08913559233212306
CountPath_Min,1.0,-0.05397748731815069,0.0,24.0,0.4943844163258917 < CountPath_Min <= 1.4942015719991857,0.06722875199578264
OWN_COMMIT,1.0,0.05127842825497496,0.0,1.0,OWN_COMMIT > 0.8757602249511109,0.06386708435625926
CountDeclClassMethod,1.0,0.05116467110309281,0.0,385.0,0.4456046670091428 < CountDeclClassMethod <= 2.4917485808020516,0.06372540026291577
