feature,value,importance,min,max,rule,importance_ratio
CountDeclMethodPrivate,76.0,0.2724655532159932,0.0,257.0,CountDeclMethodPrivate > 29.498482588710576,0.16160075820616962
MAJOR_LINE,10.0,0.2674630720755032,0.0,13.0,MAJOR_LINE > 8.50344203197641,0.15863376022909176
MINOR_COMMIT,0.0,-0.2585303237220233,0.0,1.0,MINOR_COMMIT <= 0.5001844411582251,0.15333570001653007
CountClassCoupled,97.0,0.23937899232377322,0.0,207.0,CountClassCoupled > 59.045190785127026,0.1419769442469102
CountLineComment,373.0,0.14247881501804285,0.0,3673.0,CountLineComment > 115.54619362143157,0.08450493746260769
